message,category
BSNL Offer: Get 5% cashback on recharge above ₹211.,Recharge Offers
Vi Offer: Get 21% cashback on recharge above ₹412.,Recharge Offers
BSNL Offer: Get 6% cashback on recharge above ₹319.,Recharge Offers
Airtel Offer: Get 9% cashback on recharge above ₹121.,Recharge Offers
Your Paytm recharge of ₹14110 failed. Amount will be refunded in 24 hrs.,Recharge Offers
Paytm: Recharge of ₹870 successful. Validity till 15-Oct-25. Enjoy extra validity.,Recharge Offers
Recharge ₹2710 and get 2GB extra data. Valid for 15 days. – Jio,Recharge Offers
Recharge ₹2708 and get 1GB extra data. Valid for 21 days. – Paytm,Recharge Offers
Jio: Recharge reminder! Your plan expires on 11-Oct-25. Renew to stay connected.,Recharge Offers
Paytm: Recharge reminder! Your plan expires on 13-Oct-25. Renew to stay connected.,Recharge Offers
BSNL Offer: Get 24% cashback on recharge above ₹386.,Recharge Offers
Paytm: Recharge reminder! Your plan expires on 17-Oct-25. Renew to stay connected.,Recharge Offers
Your Airtel recharge of ₹7483 failed. Amount will be refunded in 24 hrs.,Recharge Offers
BSNL: Recharge reminder! Your plan expires on 22-Oct-25. Renew to stay connected.,Recharge Offers
Recharge ₹18320 and get 1GB extra data. Valid for 70 days. – Airtel,Recharge Offers
BSNL Offer: Get 22% cashback on recharge above ₹131.,Recharge Offers
Vi Offer: Get 8% cashback on recharge above ₹435.,Recharge Offers
Jio: Recharge reminder! Your plan expires on 10-Oct-25. Renew to stay connected.,Recharge Offers
Jio: Recharge reminder! Your plan expires on 22-Oct-25. Renew to stay connected.,Recharge Offers
Airtel Offer: Get 10% cashback on recharge above ₹128.,Recharge Offers
Jio Offer: Get 18% cashback on recharge above ₹352.,Recharge Offers
BSNL: Recharge reminder! Your plan expires on 26-Oct-25. Renew to stay connected.,Recharge Offers
Your Vi recharge of ₹5940 failed. Amount will be refunded in 24 hrs.,Recharge Offers
Your Vi recharge of ₹7290 failed. Amount will be refunded in 24 hrs.,Recharge Offers
Your Airtel recharge of ₹17301 failed. Amount will be refunded in 24 hrs.,Recharge Offers
Paytm: Recharge reminder! Your plan expires on 27-Oct-25. Renew to stay connected.,Recharge Offers
Your BSNL recharge of ₹19146 failed. Amount will be refunded in 24 hrs.,Recharge Offers
Paytm: Recharge reminder! Your plan expires on 24-Oct-25. Renew to stay connected.,Recharge Offers
BSNL: Recharge reminder! Your plan expires on 13-Oct-25. Renew to stay connected.,Recharge Offers
Paytm: Recharge reminder! Your plan expires on 11-Oct-25. Renew to stay connected.,Recharge Offers
Vi: Recharge reminder! Your plan expires on 11-Oct-25. Renew to stay connected.,Recharge Offers
Recharge ₹2108 and get 10GB extra data. Valid for 40 days. – BSNL,Recharge Offers
BSNL Offer: Get 12% cashback on recharge above ₹233.,Recharge Offers
Your BSNL recharge of ₹169 failed. Amount will be refunded in 24 hrs.,Recharge Offers
Your Vi recharge of ₹1963 failed. Amount will be refunded in 24 hrs.,Recharge Offers
Recharge ₹8096 and get 5GB extra data. Valid for 16 days. – Airtel,Recharge Offers
Vi Offer: Get 8% cashback on recharge above ₹244.,Recharge Offers
Airtel: Recharge of ₹11334 successful. Validity till 19-Oct-25. Enjoy free calls.,Recharge Offers
Recharge ₹7447 and get 5GB extra data. Valid for 16 days. – BSNL,Recharge Offers
Your Jio recharge of ₹11251 failed. Amount will be refunded in 24 hrs.,Recharge Offers
BSNL Offer: Get 18% cashback on recharge above ₹142.,Recharge Offers
BSNL: Recharge of ₹6740 successful. Validity till 23-Oct-25. Enjoy extra validity.,Recharge Offers
Paytm: Recharge reminder! Your plan expires on 16-Oct-25. Renew to stay connected.,Recharge Offers
Paytm Offer: Get 24% cashback on recharge above ₹351.,Recharge Offers
Jio: Recharge of ₹1228 successful. Validity till 10-Oct-25. Enjoy unlimited data.,Recharge Offers
Airtel: Recharge of ₹5546 successful. Validity till 19-Oct-25. Enjoy extra validity.,Recharge Offers
Your BSNL recharge of ₹12819 failed. Amount will be refunded in 24 hrs.,Recharge Offers
Jio: Recharge reminder! Your plan expires on 12-Oct-25. Renew to stay connected.,Recharge Offers
Paytm Offer: Get 25% cashback on recharge above ₹392.,Recharge Offers
BSNL Offer: Get 21% cashback on recharge above ₹495.,Recharge Offers
Your Airtel recharge of ₹18728 failed. Amount will be refunded in 24 hrs.,Recharge Offers
Your BSNL recharge of ₹7061 failed. Amount will be refunded in 24 hrs.,Recharge Offers
Jio: Recharge reminder! Your plan expires on 15-Oct-25. Renew to stay connected.,Recharge Offers
Paytm Offer: Get 7% cashback on recharge above ₹205.,Recharge Offers
Your Vi recharge of ₹2911 failed. Amount will be refunded in 24 hrs.,Recharge Offers
Airtel: Recharge reminder! Your plan expires on 11-Oct-25. Renew to stay connected.,Recharge Offers
Your Vi recharge of ₹15907 failed. Amount will be refunded in 24 hrs.,Recharge Offers
Your Jio recharge of ₹3341 failed. Amount will be refunded in 24 hrs.,Recharge Offers
Your Airtel recharge of ₹9397 failed. Amount will be refunded in 24 hrs.,Recharge Offers
Jio: Recharge reminder! Your plan expires on 20-Oct-25. Renew to stay connected.,Recharge Offers
Jio: Recharge reminder! Your plan expires on 16-Oct-25. Renew to stay connected.,Recharge Offers
Paytm: Recharge of ₹14153 successful. Validity till 17-Oct-25. Enjoy extra validity.,Recharge Offers
Your Airtel recharge of ₹9146 failed. Amount will be refunded in 24 hrs.,Recharge Offers
Airtel: Recharge of ₹10382 successful. Validity till 20-Oct-25. Enjoy extra validity.,Recharge Offers
Recharge ₹6090 and get 10GB extra data. Valid for 55 days. – Vi,Recharge Offers
Vi Offer: Get 16% cashback on recharge above ₹360.,Recharge Offers
Jio: Recharge reminder! Your plan expires on 22-Oct-25. Renew to stay connected.,Recharge Offers
Your Paytm recharge of ₹2203 failed. Amount will be refunded in 24 hrs.,Recharge Offers
Jio: Recharge reminder! Your plan expires on 23-Oct-25. Renew to stay connected.,Recharge Offers
Jio: Recharge of ₹3592 successful. Validity till 17-Oct-25. Enjoy free calls.,Recharge Offers
Your Paytm recharge of ₹13631 failed. Amount will be refunded in 24 hrs.,Recharge Offers
Airtel: Recharge of ₹7264 successful. Validity till 22-Oct-25. Enjoy extra validity.,Recharge Offers
Recharge ₹8497 and get 1GB extra data. Valid for 41 days. – Airtel,Recharge Offers
Vi: Recharge reminder! Your plan expires on 24-Oct-25. Renew to stay connected.,Recharge Offers
Vi: Recharge of ₹179 successful. Validity till 25-Oct-25. Enjoy unlimited data.,Recharge Offers
Airtel: Recharge of ₹18312 successful. Validity till 12-Oct-25. Enjoy unlimited data.,Recharge Offers
Recharge ₹6132 and get 5GB extra data. Valid for 56 days. – Jio,Recharge Offers
Airtel: Recharge reminder! Your plan expires on 27-Oct-25. Renew to stay connected.,Recharge Offers
Your Jio recharge of ₹9785 failed. Amount will be refunded in 24 hrs.,Recharge Offers
Recharge ₹699 and get 1GB extra data. Valid for 21 days. – Jio,Recharge Offers
Airtel: Recharge reminder! Your plan expires on 16-Oct-25. Renew to stay connected.,Recharge Offers
BSNL: Recharge of ₹11417 successful. Validity till 15-Oct-25. Enjoy unlimited data.,Recharge Offers
Jio: Recharge reminder! Your plan expires on 19-Oct-25. Renew to stay connected.,Recharge Offers
Vi Offer: Get 16% cashback on recharge above ₹234.,Recharge Offers
BSNL Offer: Get 14% cashback on recharge above ₹114.,Recharge Offers
Paytm: Recharge of ₹14269 successful. Validity till 18-Oct-25. Enjoy unlimited data.,Recharge Offers
Vi: Recharge of ₹19061 successful. Validity till 25-Oct-25. Enjoy unlimited data.,Recharge Offers
Your Paytm recharge of ₹1776 failed. Amount will be refunded in 24 hrs.,Recharge Offers
Jio Offer: Get 5% cashback on recharge above ₹294.,Recharge Offers
Your BSNL recharge of ₹10013 failed. Amount will be refunded in 24 hrs.,Recharge Offers
Jio: Recharge of ₹14509 successful. Validity till 28-Oct-25. Enjoy extra validity.,Recharge Offers
Vi: Recharge of ₹5818 successful. Validity till 15-Oct-25. Enjoy extra validity.,Recharge Offers
Your Airtel recharge of ₹5251 failed. Amount will be refunded in 24 hrs.,Recharge Offers
BSNL: Recharge of ₹3130 successful. Validity till 13-Oct-25. Enjoy extra validity.,Recharge Offers
Vi: Recharge of ₹3911 successful. Validity till 19-Oct-25. Enjoy unlimited data.,Recharge Offers
BSNL Offer: Get 5% cashback on recharge above ₹381.,Recharge Offers
BSNL: Recharge reminder! Your plan expires on 16-Oct-25. Renew to stay connected.,Recharge Offers
Jio: Recharge reminder! Your plan expires on 21-Oct-25. Renew to stay connected.,Recharge Offers
Vi: Recharge reminder! Your plan expires on 20-Oct-25. Renew to stay connected.,Recharge Offers
Paytm Offer: Get 5% cashback on recharge above ₹319.,Recharge Offers
Your Airtel recharge of ₹19416 failed. Amount will be refunded in 24 hrs.,Recharge Offers
BSNL Offer: Get 19% cashback on recharge above ₹371.,Recharge Offers
Recharge ₹1815 and get 10GB extra data. Valid for 53 days. – Vi,Recharge Offers
Recharge ₹2359 and get 10GB extra data. Valid for 38 days. – Airtel,Recharge Offers
BSNL: Recharge reminder! Your plan expires on 21-Oct-25. Renew to stay connected.,Recharge Offers
Vi: Recharge of ₹3498 successful. Validity till 16-Oct-25. Enjoy unlimited data.,Recharge Offers
Vi Offer: Get 23% cashback on recharge above ₹264.,Recharge Offers
Your Paytm recharge of ₹338 failed. Amount will be refunded in 24 hrs.,Recharge Offers
Vi Offer: Get 15% cashback on recharge above ₹239.,Recharge Offers
Recharge ₹15108 and get 2GB extra data. Valid for 24 days. – Vi,Recharge Offers
Jio: Recharge of ₹12623 successful. Validity till 12-Oct-25. Enjoy free calls.,Recharge Offers
Your Airtel recharge of ₹19291 failed. Amount will be refunded in 24 hrs.,Recharge Offers
Paytm: Recharge reminder! Your plan expires on 15-Oct-25. Renew to stay connected.,Recharge Offers
Recharge ₹6336 and get 5GB extra data. Valid for 60 days. – Paytm,Recharge Offers
BSNL Offer: Get 18% cashback on recharge above ₹399.,Recharge Offers
Vi: Recharge reminder! Your plan expires on 12-Oct-25. Renew to stay connected.,Recharge Offers
Paytm: Recharge reminder! Your plan expires on 15-Oct-25. Renew to stay connected.,Recharge Offers
Your Airtel recharge of ₹6068 failed. Amount will be refunded in 24 hrs.,Recharge Offers
Vi: Recharge of ₹2347 successful. Validity till 10-Oct-25. Enjoy unlimited data.,Recharge Offers
Your Vi recharge of ₹12403 failed. Amount will be refunded in 24 hrs.,Recharge Offers
Jio: Recharge reminder! Your plan expires on 27-Oct-25. Renew to stay connected.,Recharge Offers
Vi Offer: Get 20% cashback on recharge above ₹354.,Recharge Offers
Airtel: Recharge of ₹4243 successful. Validity till 24-Oct-25. Enjoy unlimited data.,Recharge Offers
BSNL: Recharge of ₹5963 successful. Validity till 15-Oct-25. Enjoy free calls.,Recharge Offers
Your Vi recharge of ₹2819 failed. Amount will be refunded in 24 hrs.,Recharge Offers
Your Airtel recharge of ₹16907 failed. Amount will be refunded in 24 hrs.,Recharge Offers
BSNL: Recharge of ₹11816 successful. Validity till 18-Oct-25. Enjoy extra validity.,Recharge Offers
Your Airtel recharge of ₹12058 failed. Amount will be refunded in 24 hrs.,Recharge Offers
Recharge ₹14802 and get 10GB extra data. Valid for 32 days. – Vi,Recharge Offers
Your Vi recharge of ₹15596 failed. Amount will be refunded in 24 hrs.,Recharge Offers
Paytm Offer: Get 23% cashback on recharge above ₹140.,Recharge Offers
Vi Offer: Get 22% cashback on recharge above ₹431.,Recharge Offers
Paytm: Recharge of ₹2142 successful. Validity till 27-Oct-25. Enjoy free calls.,Recharge Offers
Recharge ₹5449 and get 1GB extra data. Valid for 8 days. – Airtel,Recharge Offers
Airtel: Recharge reminder! Your plan expires on 15-Oct-25. Renew to stay connected.,Recharge Offers
Recharge ₹11908 and get 5GB extra data. Valid for 48 days. – Paytm,Recharge Offers
Recharge ₹12551 and get 1GB extra data. Valid for 7 days. – Airtel,Recharge Offers
Airtel: Recharge reminder! Your plan expires on 18-Oct-25. Renew to stay connected.,Recharge Offers
Your Vi recharge of ₹2001 failed. Amount will be refunded in 24 hrs.,Recharge Offers
Airtel Offer: Get 21% cashback on recharge above ₹183.,Recharge Offers
BSNL: Recharge of ₹1245 successful. Validity till 19-Oct-25. Enjoy extra validity.,Recharge Offers
BSNL: Recharge of ₹11356 successful. Validity till 14-Oct-25. Enjoy free calls.,Recharge Offers
BSNL: Recharge of ₹9114 successful. Validity till 28-Oct-25. Enjoy extra validity.,Recharge Offers
Paytm Offer: Get 15% cashback on recharge above ₹356.,Recharge Offers
Recharge ₹14255 and get 5GB extra data. Valid for 27 days. – BSNL,Recharge Offers
Jio: Recharge reminder! Your plan expires on 12-Oct-25. Renew to stay connected.,Recharge Offers
Airtel: Recharge reminder! Your plan expires on 16-Oct-25. Renew to stay connected.,Recharge Offers
Vi Offer: Get 13% cashback on recharge above ₹396.,Recharge Offers
Paytm: Recharge of ₹14993 successful. Validity till 28-Oct-25. Enjoy free calls.,Recharge Offers
Vi Offer: Get 19% cashback on recharge above ₹422.,Recharge Offers
Paytm: Recharge reminder! Your plan expires on 10-Oct-25. Renew to stay connected.,Recharge Offers
Airtel: Recharge reminder! Your plan expires on 14-Oct-25. Renew to stay connected.,Recharge Offers
Vi: Recharge of ₹16460 successful. Validity till 18-Oct-25. Enjoy extra validity.,Recharge Offers
Your Jio recharge of ₹4744 failed. Amount will be refunded in 24 hrs.,Recharge Offers
Airtel: Recharge reminder! Your plan expires on 15-Oct-25. Renew to stay connected.,Recharge Offers
Jio: Recharge reminder! Your plan expires on 27-Oct-25. Renew to stay connected.,Recharge Offers
Airtel: Recharge of ₹2877 successful. Validity till 14-Oct-25. Enjoy unlimited data.,Recharge Offers
BSNL: Recharge reminder! Your plan expires on 20-Oct-25. Renew to stay connected.,Recharge Offers
Recharge ₹2456 and get 5GB extra data. Valid for 17 days. – Airtel,Recharge Offers
Recharge ₹7327 and get 5GB extra data. Valid for 34 days. – Airtel,Recharge Offers
Recharge ₹16826 and get 10GB extra data. Valid for 16 days. – BSNL,Recharge Offers
Paytm Offer: Get 15% cashback on recharge above ₹258.,Recharge Offers
Your Airtel recharge of ₹4758 failed. Amount will be refunded in 24 hrs.,Recharge Offers
Your Jio recharge of ₹1688 failed. Amount will be refunded in 24 hrs.,Recharge Offers
Your Vi recharge of ₹11591 failed. Amount will be refunded in 24 hrs.,Recharge Offers
BSNL Offer: Get 18% cashback on recharge above ₹322.,Recharge Offers
Paytm Offer: Get 23% cashback on recharge above ₹125.,Recharge Offers
Recharge ₹17889 and get 2GB extra data. Valid for 61 days. – Paytm,Recharge Offers
BSNL Offer: Get 10% cashback on recharge above ₹381.,Recharge Offers
Paytm: Recharge reminder! Your plan expires on 20-Oct-25. Renew to stay connected.,Recharge Offers
BSNL Offer: Get 16% cashback on recharge above ₹484.,Recharge Offers
Paytm: Recharge reminder! Your plan expires on 18-Oct-25. Renew to stay connected.,Recharge Offers
Your Vi recharge of ₹3360 failed. Amount will be refunded in 24 hrs.,Recharge Offers
Recharge ₹1036 and get 1GB extra data. Valid for 58 days. – Jio,Recharge Offers
BSNL: Recharge reminder! Your plan expires on 20-Oct-25. Renew to stay connected.,Recharge Offers
Your Paytm recharge of ₹591 failed. Amount will be refunded in 24 hrs.,Recharge Offers
Your Vi recharge of ₹10004 failed. Amount will be refunded in 24 hrs.,Recharge Offers
Jio: Recharge reminder! Your plan expires on 21-Oct-25. Renew to stay connected.,Recharge Offers
Paytm: Recharge of ₹18987 successful. Validity till 15-Oct-25. Enjoy unlimited data.,Recharge Offers
Vi Offer: Get 5% cashback on recharge above ₹455.,Recharge Offers
Paytm: Recharge reminder! Your plan expires on 28-Oct-25. Renew to stay connected.,Recharge Offers
Recharge ₹15754 and get 10GB extra data. Valid for 24 days. – Vi,Recharge Offers
Vi: Recharge reminder! Your plan expires on 15-Oct-25. Renew to stay connected.,Recharge Offers
BSNL: Recharge reminder! Your plan expires on 23-Oct-25. Renew to stay connected.,Recharge Offers
Jio: Recharge of ₹17109 successful. Validity till 22-Oct-25. Enjoy extra validity.,Recharge Offers
Your Paytm recharge of ₹3913 failed. Amount will be refunded in 24 hrs.,Recharge Offers
Recharge ₹18440 and get 2GB extra data. Valid for 63 days. – Vi,Recharge Offers
Airtel: Recharge of ₹6338 successful. Validity till 27-Oct-25. Enjoy extra validity.,Recharge Offers
Your Vi recharge of ₹4322 failed. Amount will be refunded in 24 hrs.,Recharge Offers
Your BSNL recharge of ₹6199 failed. Amount will be refunded in 24 hrs.,Recharge Offers
Your Paytm recharge of ₹3945 failed. Amount will be refunded in 24 hrs.,Recharge Offers
Recharge ₹7428 and get 5GB extra data. Valid for 58 days. – Jio,Recharge Offers
Paytm Offer: Get 16% cashback on recharge above ₹324.,Recharge Offers
Vi: Recharge of ₹5896 successful. Validity till 15-Oct-25. Enjoy extra validity.,Recharge Offers
Airtel Offer: Get 10% cashback on recharge above ₹194.,Recharge Offers
Jio Offer: Get 18% cashback on recharge above ₹250.,Recharge Offers
Vi Offer: Get 9% cashback on recharge above ₹386.,Recharge Offers
Your Vi recharge of ₹1479 failed. Amount will be refunded in 24 hrs.,Recharge Offers
Your Paytm recharge of ₹7227 failed. Amount will be refunded in 24 hrs.,Recharge Offers
Recharge ₹17832 and get 10GB extra data. Valid for 60 days. – Paytm,Recharge Offers
Vi Offer: Get 10% cashback on recharge above ₹440.,Recharge Offers
Recharge ₹14880 and get 10GB extra data. Valid for 7 days. – Vi,Recharge Offers
Your Vi recharge of ₹699 failed. Amount will be refunded in 24 hrs.,Recharge Offers
Jio Offer: Get 7% cashback on recharge above ₹174.,Recharge Offers
Airtel: Recharge reminder! Your plan expires on 15-Oct-25. Renew to stay connected.,Recharge Offers
Vi Offer: Get 13% cashback on recharge above ₹136.,Recharge Offers
BSNL Offer: Get 11% cashback on recharge above ₹252.,Recharge Offers
Your Jio recharge of ₹17276 failed. Amount will be refunded in 24 hrs.,Recharge Offers
BSNL: Recharge of ₹6733 successful. Validity till 15-Oct-25. Enjoy extra validity.,Recharge Offers
Recharge ₹12300 and get 2GB extra data. Valid for 44 days. – Paytm,Recharge Offers
Airtel: Recharge of ₹7723 successful. Validity till 16-Oct-25. Enjoy unlimited data.,Recharge Offers
Vi: Recharge of ₹2965 successful. Validity till 12-Oct-25. Enjoy unlimited data.,Recharge Offers
Recharge ₹1744 and get 2GB extra data. Valid for 64 days. – Vi,Recharge Offers
Paytm Offer: Get 9% cashback on recharge above ₹480.,Recharge Offers
Recharge ₹15740 and get 1GB extra data. Valid for 41 days. – Jio,Recharge Offers
Jio: Recharge of ₹5845 successful. Validity till 11-Oct-25. Enjoy free calls.,Recharge Offers
Recharge ₹11659 and get 5GB extra data. Valid for 17 days. – BSNL,Recharge Offers
Your Airtel recharge of ₹2404 failed. Amount will be refunded in 24 hrs.,Recharge Offers
BSNL: Recharge reminder! Your plan expires on 10-Oct-25. Renew to stay connected.,Recharge Offers
Recharge ₹12303 and get 5GB extra data. Valid for 62 days. – BSNL,Recharge Offers
Paytm Offer: Get 25% cashback on recharge above ₹416.,Recharge Offers
Airtel: Recharge reminder! Your plan expires on 22-Oct-25. Renew to stay connected.,Recharge Offers
Recharge ₹6345 and get 5GB extra data. Valid for 66 days. – Vi,Recharge Offers
Your BSNL recharge of ₹6628 failed. Amount will be refunded in 24 hrs.,Recharge Offers
Recharge ₹10380 and get 10GB extra data. Valid for 17 days. – BSNL,Recharge Offers
Your BSNL recharge of ₹12345 failed. Amount will be refunded in 24 hrs.,Recharge Offers
Paytm Offer: Get 7% cashback on recharge above ₹104.,Recharge Offers
Recharge ₹11410 and get 10GB extra data. Valid for 11 days. – BSNL,Recharge Offers
Vi: Recharge reminder! Your plan expires on 13-Oct-25. Renew to stay connected.,Recharge Offers
Your Vi recharge of ₹16017 failed. Amount will be refunded in 24 hrs.,Recharge Offers
BSNL Offer: Get 25% cashback on recharge above ₹225.,Recharge Offers
Recharge ₹18390 and get 1GB extra data. Valid for 68 days. – Vi,Recharge Offers
Jio Offer: Get 23% cashback on recharge above ₹405.,Recharge Offers
Recharge ₹8274 and get 2GB extra data. Valid for 84 days. – Vi,Recharge Offers
BSNL: Recharge of ₹10577 successful. Validity till 28-Oct-25. Enjoy unlimited data.,Recharge Offers
Paytm: Recharge of ₹11521 successful. Validity till 23-Oct-25. Enjoy unlimited data.,Recharge Offers
Your BSNL recharge of ₹5225 failed. Amount will be refunded in 24 hrs.,Recharge Offers
Recharge ₹2332 and get 1GB extra data. Valid for 51 days. – BSNL,Recharge Offers
Paytm: Recharge reminder! Your plan expires on 22-Oct-25. Renew to stay connected.,Recharge Offers
BSNL: Recharge of ₹10145 successful. Validity till 14-Oct-25. Enjoy extra validity.,Recharge Offers
Jio: Recharge of ₹14544 successful. Validity till 21-Oct-25. Enjoy free calls.,Recharge Offers
BSNL: Recharge of ₹18839 successful. Validity till 11-Oct-25. Enjoy unlimited data.,Recharge Offers
Recharge ₹8755 and get 1GB extra data. Valid for 36 days. – Jio,Recharge Offers
Paytm Offer: Get 25% cashback on recharge above ₹449.,Recharge Offers
Recharge ₹5732 and get 5GB extra data. Valid for 8 days. – Jio,Recharge Offers
Paytm: Recharge reminder! Your plan expires on 16-Oct-25. Renew to stay connected.,Recharge Offers
Jio: Recharge of ₹2363 successful. Validity till 27-Oct-25. Enjoy unlimited data.,Recharge Offers
Airtel Offer: Get 22% cashback on recharge above ₹294.,Recharge Offers
Your Airtel recharge of ₹19425 failed. Amount will be refunded in 24 hrs.,Recharge Offers
Jio Offer: Get 10% cashback on recharge above ₹305.,Recharge Offers
Your BSNL recharge of ₹12732 failed. Amount will be refunded in 24 hrs.,Recharge Offers
Your BSNL recharge of ₹2161 failed. Amount will be refunded in 24 hrs.,Recharge Offers
Airtel Offer: Get 16% cashback on recharge above ₹268.,Recharge Offers
Jio Offer: Get 24% cashback on recharge above ₹145.,Recharge Offers
Your BSNL recharge of ₹12629 failed. Amount will be refunded in 24 hrs.,Recharge Offers
Your Paytm recharge of ₹3683 failed. Amount will be refunded in 24 hrs.,Recharge Offers
BSNL: Recharge of ₹16063 successful. Validity till 16-Oct-25. Enjoy extra validity.,Recharge Offers
Recharge ₹18506 and get 1GB extra data. Valid for 70 days. – BSNL,Recharge Offers
Your Jio recharge of ₹4905 failed. Amount will be refunded in 24 hrs.,Recharge Offers
Jio: Recharge reminder! Your plan expires on 12-Oct-25. Renew to stay connected.,Recharge Offers
Vi: Recharge of ₹1375 successful. Validity till 14-Oct-25. Enjoy unlimited data.,Recharge Offers
Recharge ₹11589 and get 10GB extra data. Valid for 48 days. – Jio,Recharge Offers
Recharge ₹5165 and get 5GB extra data. Valid for 16 days. – Airtel,Recharge Offers
Your Paytm recharge of ₹7252 failed. Amount will be refunded in 24 hrs.,Recharge Offers
Recharge ₹11295 and get 2GB extra data. Valid for 29 days. – Paytm,Recharge Offers
Airtel Offer: Get 11% cashback on recharge above ₹413.,Recharge Offers
BSNL: Recharge of ₹772 successful. Validity till 13-Oct-25. Enjoy free calls.,Recharge Offers
Paytm: Recharge reminder! Your plan expires on 26-Oct-25. Renew to stay connected.,Recharge Offers
BSNL: Recharge reminder! Your plan expires on 28-Oct-25. Renew to stay connected.,Recharge Offers
Jio Offer: Get 19% cashback on recharge above ₹240.,Recharge Offers
Jio: Recharge of ₹8439 successful. Validity till 23-Oct-25. Enjoy free calls.,Recharge Offers
Jio: Recharge of ₹1718 successful. Validity till 23-Oct-25. Enjoy extra validity.,Recharge Offers
Jio Offer: Get 11% cashback on recharge above ₹120.,Recharge Offers
Your Jio recharge of ₹7186 failed. Amount will be refunded in 24 hrs.,Recharge Offers
Airtel: Recharge of ₹16336 successful. Validity till 18-Oct-25. Enjoy free calls.,Recharge Offers
Recharge ₹11210 and get 5GB extra data. Valid for 90 days. – Vi,Recharge Offers
Recharge ₹10961 and get 2GB extra data. Valid for 64 days. – BSNL,Recharge Offers
Vi: Recharge reminder! Your plan expires on 11-Oct-25. Renew to stay connected.,Recharge Offers
BSNL: Recharge reminder! Your plan expires on 24-Oct-25. Renew to stay connected.,Recharge Offers
Jio: Recharge of ₹9458 successful. Validity till 23-Oct-25. Enjoy free calls.,Recharge Offers
Your BSNL recharge of ₹11325 failed. Amount will be refunded in 24 hrs.,Recharge Offers
Recharge ₹3550 and get 5GB extra data. Valid for 70 days. – Paytm,Recharge Offers
Airtel: Recharge reminder! Your plan expires on 24-Oct-25. Renew to stay connected.,Recharge Offers
Jio: Recharge of ₹1896 successful. Validity till 25-Oct-25. Enjoy free calls.,Recharge Offers
Recharge ₹6817 and get 5GB extra data. Valid for 44 days. – Paytm,Recharge Offers
Paytm: Recharge reminder! Your plan expires on 10-Oct-25. Renew to stay connected.,Recharge Offers
BSNL: Recharge of ₹14348 successful. Validity till 10-Oct-25. Enjoy unlimited data.,Recharge Offers
BSNL Offer: Get 5% cashback on recharge above ₹128.,Recharge Offers
Recharge ₹5298 and get 2GB extra data. Valid for 18 days. – Airtel,Recharge Offers
Recharge ₹4449 and get 2GB extra data. Valid for 11 days. – Vi,Recharge Offers
Airtel: Recharge of ₹4478 successful. Validity till 22-Oct-25. Enjoy extra validity.,Recharge Offers
Jio: Recharge of ₹7029 successful. Validity till 11-Oct-25. Enjoy unlimited data.,Recharge Offers
Your BSNL recharge of ₹13091 failed. Amount will be refunded in 24 hrs.,Recharge Offers
Airtel: Recharge reminder! Your plan expires on 12-Oct-25. Renew to stay connected.,Recharge Offers
Recharge ₹7640 and get 5GB extra data. Valid for 71 days. – Paytm,Recharge Offers
Vi: Recharge reminder! Your plan expires on 28-Oct-25. Renew to stay connected.,Recharge Offers
Your Paytm recharge of ₹1289 failed. Amount will be refunded in 24 hrs.,Recharge Offers
Your Paytm recharge of ₹16943 failed. Amount will be refunded in 24 hrs.,Recharge Offers
Paytm: Recharge reminder! Your plan expires on 11-Oct-25. Renew to stay connected.,Recharge Offers
Your Jio recharge of ₹5072 failed. Amount will be refunded in 24 hrs.,Recharge Offers
Your Vi recharge of ₹16871 failed. Amount will be refunded in 24 hrs.,Recharge Offers
Paytm Offer: Get 22% cashback on recharge above ₹352.,Recharge Offers
BSNL Offer: Get 25% cashback on recharge above ₹277.,Recharge Offers
Recharge ₹18702 and get 10GB extra data. Valid for 46 days. – BSNL,Recharge Offers
Vi: Recharge reminder! Your plan expires on 28-Oct-25. Renew to stay connected.,Recharge Offers
Vi Offer: Get 7% cashback on recharge above ₹429.,Recharge Offers
Your Vi recharge of ₹4454 failed. Amount will be refunded in 24 hrs.,Recharge Offers
Paytm: Recharge of ₹18360 successful. Validity till 13-Oct-25. Enjoy extra validity.,Recharge Offers
Vi: Recharge reminder! Your plan expires on 25-Oct-25. Renew to stay connected.,Recharge Offers
Recharge ₹11248 and get 10GB extra data. Valid for 69 days. – BSNL,Recharge Offers
BSNL Offer: Get 14% cashback on recharge above ₹218.,Recharge Offers
BSNL: Recharge reminder! Your plan expires on 27-Oct-25. Renew to stay connected.,Recharge Offers
Paytm: Recharge reminder! Your plan expires on 23-Oct-25. Renew to stay connected.,Recharge Offers
Your BSNL recharge of ₹3883 failed. Amount will be refunded in 24 hrs.,Recharge Offers
Recharge ₹5606 and get 1GB extra data. Valid for 11 days. – Jio,Recharge Offers
Recharge ₹18472 and get 10GB extra data. Valid for 32 days. – Vi,Recharge Offers
Airtel: Recharge reminder! Your plan expires on 28-Oct-25. Renew to stay connected.,Recharge Offers
Jio: Recharge of ₹14639 successful. Validity till 14-Oct-25. Enjoy unlimited data.,Recharge Offers
Your Airtel recharge of ₹2187 failed. Amount will be refunded in 24 hrs.,Recharge Offers
Your Vi recharge of ₹17925 failed. Amount will be refunded in 24 hrs.,Recharge Offers
Paytm: Recharge reminder! Your plan expires on 24-Oct-25. Renew to stay connected.,Recharge Offers
Your Paytm recharge of ₹16959 failed. Amount will be refunded in 24 hrs.,Recharge Offers
Paytm: Recharge reminder! Your plan expires on 20-Oct-25. Renew to stay connected.,Recharge Offers
Recharge ₹7660 and get 1GB extra data. Valid for 68 days. – Paytm,Recharge Offers
Recharge ₹11654 and get 2GB extra data. Valid for 30 days. – BSNL,Recharge Offers
Paytm: Recharge of ₹5055 successful. Validity till 24-Oct-25. Enjoy extra validity.,Recharge Offers
Vi: Recharge reminder! Your plan expires on 17-Oct-25. Renew to stay connected.,Recharge Offers
Recharge ₹12294 and get 1GB extra data. Valid for 16 days. – Airtel,Recharge Offers
Recharge ₹17640 and get 1GB extra data. Valid for 80 days. – BSNL,Recharge Offers
Jio Offer: Get 18% cashback on recharge above ₹166.,Recharge Offers
Vi: Recharge reminder! Your plan expires on 20-Oct-25. Renew to stay connected.,Recharge Offers
Jio: Recharge reminder! Your plan expires on 21-Oct-25. Renew to stay connected.,Recharge Offers
Your Airtel recharge of ₹6692 failed. Amount will be refunded in 24 hrs.,Recharge Offers
Recharge ₹4495 and get 10GB extra data. Valid for 48 days. – Paytm,Recharge Offers
Recharge ₹15104 and get 10GB extra data. Valid for 50 days. – BSNL,Recharge Offers
Recharge ₹14553 and get 1GB extra data. Valid for 79 days. – Paytm,Recharge Offers
Recharge ₹1454 and get 2GB extra data. Valid for 11 days. – Jio,Recharge Offers
Recharge ₹13224 and get 5GB extra data. Valid for 87 days. – BSNL,Recharge Offers
Paytm Offer: Get 7% cashback on recharge above ₹175.,Recharge Offers
Recharge ₹12767 and get 1GB extra data. Valid for 32 days. – Airtel,Recharge Offers
Vi: Recharge of ₹1201 successful. Validity till 14-Oct-25. Enjoy free calls.,Recharge Offers
BSNL Offer: Get 10% cashback on recharge above ₹405.,Recharge Offers
Jio: Recharge of ₹6712 successful. Validity till 16-Oct-25. Enjoy free calls.,Recharge Offers
BSNL: Recharge reminder! Your plan expires on 13-Oct-25. Renew to stay connected.,Recharge Offers
Paytm: Recharge of ₹878 successful. Validity till 15-Oct-25. Enjoy free calls.,Recharge Offers
Paytm: Recharge of ₹11862 successful. Validity till 24-Oct-25. Enjoy free calls.,Recharge Offers
BSNL Offer: Get 18% cashback on recharge above ₹347.,Recharge Offers
Your BSNL recharge of ₹10594 failed. Amount will be refunded in 24 hrs.,Recharge Offers
Recharge ₹19966 and get 10GB extra data. Valid for 80 days. – Paytm,Recharge Offers
Your Paytm recharge of ₹6051 failed. Amount will be refunded in 24 hrs.,Recharge Offers
Paytm Offer: Get 19% cashback on recharge above ₹487.,Recharge Offers
Airtel: Recharge reminder! Your plan expires on 21-Oct-25. Renew to stay connected.,Recharge Offers
Your Paytm recharge of ₹4822 failed. Amount will be refunded in 24 hrs.,Recharge Offers
Paytm Offer: Get 21% cashback on recharge above ₹395.,Recharge Offers
Recharge ₹3622 and get 2GB extra data. Valid for 79 days. – Jio,Recharge Offers
Recharge ₹11102 and get 1GB extra data. Valid for 54 days. – Paytm,Recharge Offers
Airtel: Recharge reminder! Your plan expires on 20-Oct-25. Renew to stay connected.,Recharge Offers
Jio: Recharge reminder! Your plan expires on 28-Oct-25. Renew to stay connected.,Recharge Offers
Recharge ₹12555 and get 1GB extra data. Valid for 31 days. – Airtel,Recharge Offers
Vi Offer: Get 14% cashback on recharge above ₹264.,Recharge Offers
Recharge ₹7128 and get 10GB extra data. Valid for 16 days. – Paytm,Recharge Offers
Jio Offer: Get 13% cashback on recharge above ₹482.,Recharge Offers
Your BSNL recharge of ₹7907 failed. Amount will be refunded in 24 hrs.,Recharge Offers
Recharge ₹19075 and get 5GB extra data. Valid for 49 days. – Jio,Recharge Offers
Paytm Offer: Get 16% cashback on recharge above ₹117.,Recharge Offers
BSNL Offer: Get 15% cashback on recharge above ₹112.,Recharge Offers
Airtel: Recharge of ₹2552 successful. Validity till 15-Oct-25. Enjoy free calls.,Recharge Offers
Recharge ₹3316 and get 5GB extra data. Valid for 29 days. – Paytm,Recharge Offers
Airtel: Recharge reminder! Your plan expires on 22-Oct-25. Renew to stay connected.,Recharge Offers
Your Vi recharge of ₹6422 failed. Amount will be refunded in 24 hrs.,Recharge Offers
BSNL Offer: Get 20% cashback on recharge above ₹396.,Recharge Offers
Airtel Offer: Get 25% cashback on recharge above ₹494.,Recharge Offers
Your Airtel recharge of ₹9964 failed. Amount will be refunded in 24 hrs.,Recharge Offers
Vi: Recharge reminder! Your plan expires on 10-Oct-25. Renew to stay connected.,Recharge Offers
Airtel: Recharge of ₹15973 successful. Validity till 28-Oct-25. Enjoy extra validity.,Recharge Offers
BSNL: Recharge reminder! Your plan expires on 12-Oct-25. Renew to stay connected.,Recharge Offers
Airtel Offer: Get 8% cashback on recharge above ₹274.,Recharge Offers
Your Vi recharge of ₹15502 failed. Amount will be refunded in 24 hrs.,Recharge Offers
Recharge ₹10983 and get 1GB extra data. Valid for 70 days. – Jio,Recharge Offers
Vi: Recharge reminder! Your plan expires on 18-Oct-25. Renew to stay connected.,Recharge Offers
BSNL: Recharge of ₹15413 successful. Validity till 15-Oct-25. Enjoy unlimited data.,Recharge Offers
Recharge ₹15068 and get 10GB extra data. Valid for 7 days. – Paytm,Recharge Offers
Your Paytm recharge of ₹10524 failed. Amount will be refunded in 24 hrs.,Recharge Offers
Your Paytm recharge of ₹8296 failed. Amount will be refunded in 24 hrs.,Recharge Offers
Airtel Offer: Get 25% cashback on recharge above ₹127.,Recharge Offers
Your BSNL recharge of ₹4676 failed. Amount will be refunded in 24 hrs.,Recharge Offers
Jio: Recharge reminder! Your plan expires on 22-Oct-25. Renew to stay connected.,Recharge Offers
Recharge ₹661 and get 5GB extra data. Valid for 89 days. – BSNL,Recharge Offers
Jio: Recharge reminder! Your plan expires on 18-Oct-25. Renew to stay connected.,Recharge Offers
Vi: Recharge of ₹15224 successful. Validity till 21-Oct-25. Enjoy extra validity.,Recharge Offers
BSNL: Recharge of ₹15549 successful. Validity till 15-Oct-25. Enjoy extra validity.,Recharge Offers
Jio: Recharge of ₹9245 successful. Validity till 15-Oct-25. Enjoy extra validity.,Recharge Offers
Your Airtel recharge of ₹1161 failed. Amount will be refunded in 24 hrs.,Recharge Offers
Recharge ₹13198 and get 1GB extra data. Valid for 67 days. – BSNL,Recharge Offers
Vi: Recharge reminder! Your plan expires on 12-Oct-25. Renew to stay connected.,Recharge Offers
Airtel Offer: Get 17% cashback on recharge above ₹259.,Recharge Offers
Your Jio recharge of ₹5128 failed. Amount will be refunded in 24 hrs.,Recharge Offers
Vi: Recharge reminder! Your plan expires on 19-Oct-25. Renew to stay connected.,Recharge Offers
Paytm: Recharge reminder! Your plan expires on 14-Oct-25. Renew to stay connected.,Recharge Offers
BSNL Offer: Get 6% cashback on recharge above ₹188.,Recharge Offers
BSNL: Recharge reminder! Your plan expires on 21-Oct-25. Renew to stay connected.,Recharge Offers
Jio: Recharge reminder! Your plan expires on 24-Oct-25. Renew to stay connected.,Recharge Offers
Paytm: Recharge of ₹5641 successful. Validity till 24-Oct-25. Enjoy extra validity.,Recharge Offers
Your Paytm recharge of ₹17747 failed. Amount will be refunded in 24 hrs.,Recharge Offers
Jio: Recharge reminder! Your plan expires on 22-Oct-25. Renew to stay connected.,Recharge Offers
Your Jio recharge of ₹6780 failed. Amount will be refunded in 24 hrs.,Recharge Offers
Vi Offer: Get 23% cashback on recharge above ₹170.,Recharge Offers
Airtel: Recharge reminder! Your plan expires on 21-Oct-25. Renew to stay connected.,Recharge Offers
Paytm Offer: Get 14% cashback on recharge above ₹214.,Recharge Offers
BSNL Offer: Get 24% cashback on recharge above ₹453.,Recharge Offers
Paytm: Recharge of ₹17732 successful. Validity till 24-Oct-25. Enjoy unlimited data.,Recharge Offers
Recharge ₹1471 and get 2GB extra data. Valid for 47 days. – Vi,Recharge Offers
Jio: Recharge of ₹6761 successful. Validity till 24-Oct-25. Enjoy extra validity.,Recharge Offers
Jio Offer: Get 8% cashback on recharge above ₹459.,Recharge Offers
BSNL Offer: Get 7% cashback on recharge above ₹189.,Recharge Offers
Recharge ₹17979 and get 5GB extra data. Valid for 54 days. – Paytm,Recharge Offers
Vi Offer: Get 17% cashback on recharge above ₹165.,Recharge Offers
Vi: Recharge of ₹6583 successful. Validity till 14-Oct-25. Enjoy unlimited data.,Recharge Offers
Airtel Offer: Get 7% cashback on recharge above ₹445.,Recharge Offers
Airtel Offer: Get 23% cashback on recharge above ₹332.,Recharge Offers
Airtel: Recharge reminder! Your plan expires on 12-Oct-25. Renew to stay connected.,Recharge Offers
Recharge ₹658 and get 10GB extra data. Valid for 57 days. – Airtel,Recharge Offers
Jio: Recharge of ₹18822 successful. Validity till 17-Oct-25. Enjoy extra validity.,Recharge Offers
BSNL: Recharge of ₹923 successful. Validity till 20-Oct-25. Enjoy free calls.,Recharge Offers
Paytm: Recharge of ₹5944 successful. Validity till 10-Oct-25. Enjoy extra validity.,Recharge Offers
Paytm: Recharge of ₹19455 successful. Validity till 13-Oct-25. Enjoy unlimited data.,Recharge Offers
Recharge ₹17678 and get 5GB extra data. Valid for 30 days. – Paytm,Recharge Offers
Recharge ₹8365 and get 10GB extra data. Valid for 48 days. – Vi,Recharge Offers
Recharge ₹2102 and get 1GB extra data. Valid for 17 days. – Jio,Recharge Offers
BSNL: Recharge reminder! Your plan expires on 28-Oct-25. Renew to stay connected.,Recharge Offers
Paytm: Recharge reminder! Your plan expires on 19-Oct-25. Renew to stay connected.,Recharge Offers
Vi: Recharge reminder! Your plan expires on 20-Oct-25. Renew to stay connected.,Recharge Offers
Airtel: Recharge of ₹12829 successful. Validity till 18-Oct-25. Enjoy unlimited data.,Recharge Offers
Your Vi recharge of ₹15801 failed. Amount will be refunded in 24 hrs.,Recharge Offers
Recharge ₹18715 and get 2GB extra data. Valid for 24 days. – Paytm,Recharge Offers
Jio: Recharge reminder! Your plan expires on 20-Oct-25. Renew to stay connected.,Recharge Offers
Your Airtel recharge of ₹577 failed. Amount will be refunded in 24 hrs.,Recharge Offers
Paytm: Recharge reminder! Your plan expires on 14-Oct-25. Renew to stay connected.,Recharge Offers
Recharge ₹16965 and get 2GB extra data. Valid for 72 days. – Airtel,Recharge Offers
Recharge ₹5083 and get 10GB extra data. Valid for 42 days. – Vi,Recharge Offers
Jio: Recharge of ₹8541 successful. Validity till 28-Oct-25. Enjoy unlimited data.,Recharge Offers
BSNL Offer: Get 7% cashback on recharge above ₹195.,Recharge Offers
Airtel: Recharge reminder! Your plan expires on 24-Oct-25. Renew to stay connected.,Recharge Offers
Paytm: Recharge of ₹12076 successful. Validity till 28-Oct-25. Enjoy free calls.,Recharge Offers
BSNL: Recharge of ₹4937 successful. Validity till 20-Oct-25. Enjoy free calls.,Recharge Offers
Jio Offer: Get 11% cashback on recharge above ₹321.,Recharge Offers
Recharge ₹1368 and get 2GB extra data. Valid for 42 days. – Vi,Recharge Offers
Your Jio recharge of ₹15194 failed. Amount will be refunded in 24 hrs.,Recharge Offers
Your BSNL recharge of ₹139 failed. Amount will be refunded in 24 hrs.,Recharge Offers
Airtel Offer: Get 20% cashback on recharge above ₹202.,Recharge Offers
Recharge ₹14825 and get 5GB extra data. Valid for 86 days. – Vi,Recharge Offers
Recharge ₹7078 and get 1GB extra data. Valid for 22 days. – Paytm,Recharge Offers
Recharge ₹16267 and get 1GB extra data. Valid for 53 days. – Airtel,Recharge Offers
Jio: Recharge reminder! Your plan expires on 24-Oct-25. Renew to stay connected.,Recharge Offers
Your BSNL recharge of ₹2720 failed. Amount will be refunded in 24 hrs.,Recharge Offers
Recharge ₹16963 and get 1GB extra data. Valid for 67 days. – Paytm,Recharge Offers
Airtel: Recharge reminder! Your plan expires on 15-Oct-25. Renew to stay connected.,Recharge Offers
Your Jio recharge of ₹12395 failed. Amount will be refunded in 24 hrs.,Recharge Offers
Vi: Recharge of ₹19776 successful. Validity till 12-Oct-25. Enjoy extra validity.,Recharge Offers
Your Paytm recharge of ₹6341 failed. Amount will be refunded in 24 hrs.,Recharge Offers
Jio: Recharge reminder! Your plan expires on 16-Oct-25. Renew to stay connected.,Recharge Offers
Paytm Offer: Get 24% cashback on recharge above ₹221.,Recharge Offers
BSNL: Recharge reminder! Your plan expires on 20-Oct-25. Renew to stay connected.,Recharge Offers
Recharge ₹130 and get 5GB extra data. Valid for 71 days. – BSNL,Recharge Offers
Vi: Recharge of ₹11491 successful. Validity till 12-Oct-25. Enjoy extra validity.,Recharge Offers
Recharge ₹12353 and get 1GB extra data. Valid for 13 days. – Airtel,Recharge Offers
Your Jio recharge of ₹4314 failed. Amount will be refunded in 24 hrs.,Recharge Offers
Airtel: Recharge of ₹11313 successful. Validity till 18-Oct-25. Enjoy extra validity.,Recharge Offers
Paytm: Recharge of ₹9766 successful. Validity till 26-Oct-25. Enjoy extra validity.,Recharge Offers
BSNL Offer: Get 13% cashback on recharge above ₹445.,Recharge Offers
Recharge ₹949 and get 2GB extra data. Valid for 37 days. – Jio,Recharge Offers
Airtel: Recharge of ₹2645 successful. Validity till 26-Oct-25. Enjoy free calls.,Recharge Offers
Jio: Recharge of ₹15808 successful. Validity till 18-Oct-25. Enjoy unlimited data.,Recharge Offers
Your BSNL recharge of ₹2828 failed. Amount will be refunded in 24 hrs.,Recharge Offers
Paytm Offer: Get 13% cashback on recharge above ₹267.,Recharge Offers
Paytm Offer: Get 24% cashback on recharge above ₹361.,Recharge Offers
Recharge ₹16823 and get 10GB extra data. Valid for 56 days. – Airtel,Recharge Offers
Airtel Offer: Get 23% cashback on recharge above ₹150.,Recharge Offers
Airtel: Recharge reminder! Your plan expires on 21-Oct-25. Renew to stay connected.,Recharge Offers
Your BSNL recharge of ₹6284 failed. Amount will be refunded in 24 hrs.,Recharge Offers
Airtel Offer: Get 12% cashback on recharge above ₹465.,Recharge Offers
Your Vi recharge of ₹7150 failed. Amount will be refunded in 24 hrs.,Recharge Offers
Airtel Offer: Get 8% cashback on recharge above ₹154.,Recharge Offers
Paytm: Recharge reminder! Your plan expires on 13-Oct-25. Renew to stay connected.,Recharge Offers
Airtel: Recharge reminder! Your plan expires on 17-Oct-25. Renew to stay connected.,Recharge Offers
Vi: Recharge of ₹19692 successful. Validity till 10-Oct-25. Enjoy unlimited data.,Recharge Offers
Recharge ₹104 and get 2GB extra data. Valid for 19 days. – Vi,Recharge Offers
Vi: Recharge reminder! Your plan expires on 19-Oct-25. Renew to stay connected.,Recharge Offers
Paytm: Recharge of ₹16044 successful. Validity till 16-Oct-25. Enjoy extra validity.,Recharge Offers
Jio: Recharge of ₹7043 successful. Validity till 13-Oct-25. Enjoy unlimited data.,Recharge Offers
Jio Offer: Get 9% cashback on recharge above ₹363.,Recharge Offers
Recharge ₹13621 and get 5GB extra data. Valid for 85 days. – Jio,Recharge Offers
Your Jio recharge of ₹6677 failed. Amount will be refunded in 24 hrs.,Recharge Offers
BSNL: Recharge reminder! Your plan expires on 21-Oct-25. Renew to stay connected.,Recharge Offers
Vi: Recharge of ₹7467 successful. Validity till 27-Oct-25. Enjoy free calls.,Recharge Offers
Paytm Offer: Get 25% cashback on recharge above ₹336.,Recharge Offers
Jio Offer: Get 6% cashback on recharge above ₹209.,Recharge Offers
Recharge ₹10957 and get 10GB extra data. Valid for 24 days. – Vi,Recharge Offers
Jio Offer: Get 24% cashback on recharge above ₹209.,Recharge Offers
BSNL: Recharge of ₹18238 successful. Validity till 26-Oct-25. Enjoy free calls.,Recharge Offers
Your Paytm recharge of ₹19031 failed. Amount will be refunded in 24 hrs.,Recharge Offers
Paytm Offer: Get 11% cashback on recharge above ₹215.,Recharge Offers
Recharge ₹10345 and get 5GB extra data. Valid for 28 days. – BSNL,Recharge Offers
Jio: Recharge reminder! Your plan expires on 11-Oct-25. Renew to stay connected.,Recharge Offers
Paytm Offer: Get 7% cashback on recharge above ₹310.,Recharge Offers
Vi: Recharge of ₹13081 successful. Validity till 23-Oct-25. Enjoy free calls.,Recharge Offers
Recharge ₹12641 and get 1GB extra data. Valid for 69 days. – Airtel,Recharge Offers
BSNL: Recharge of ₹4630 successful. Validity till 20-Oct-25. Enjoy unlimited data.,Recharge Offers
Vi: Recharge of ₹5571 successful. Validity till 19-Oct-25. Enjoy unlimited data.,Recharge Offers
Paytm Offer: Get 25% cashback on recharge above ₹429.,Recharge Offers
Vi: Recharge reminder! Your plan expires on 23-Oct-25. Renew to stay connected.,Recharge Offers
Recharge ₹1234 and get 10GB extra data. Valid for 79 days. – Paytm,Recharge Offers
Vi: Recharge of ₹15903 successful. Validity till 28-Oct-25. Enjoy unlimited data.,Recharge Offers
BSNL Offer: Get 24% cashback on recharge above ₹481.,Recharge Offers
Airtel: Recharge of ₹10851 successful. Validity till 10-Oct-25. Enjoy unlimited data.,Recharge Offers
Paytm Offer: Get 17% cashback on recharge above ₹307.,Recharge Offers
Your Vi recharge of ₹14528 failed. Amount will be refunded in 24 hrs.,Recharge Offers
Vi: Recharge reminder! Your plan expires on 16-Oct-25. Renew to stay connected.,Recharge Offers
Your Airtel recharge of ₹18321 failed. Amount will be refunded in 24 hrs.,Recharge Offers
Jio Offer: Get 22% cashback on recharge above ₹222.,Recharge Offers
Jio: Recharge reminder! Your plan expires on 10-Oct-25. Renew to stay connected.,Recharge Offers
Your Vi recharge of ₹13578 failed. Amount will be refunded in 24 hrs.,Recharge Offers
BSNL: Recharge of ₹1535 successful. Validity till 15-Oct-25. Enjoy extra validity.,Recharge Offers
Your Vi recharge of ₹17434 failed. Amount will be refunded in 24 hrs.,Recharge Offers
Your Paytm recharge of ₹19875 failed. Amount will be refunded in 24 hrs.,Recharge Offers
Your Paytm recharge of ₹18146 failed. Amount will be refunded in 24 hrs.,Recharge Offers
Your Paytm recharge of ₹6130 failed. Amount will be refunded in 24 hrs.,Recharge Offers
Vi: Recharge of ₹3986 successful. Validity till 16-Oct-25. Enjoy extra validity.,Recharge Offers
Paytm: Recharge of ₹18797 successful. Validity till 23-Oct-25. Enjoy unlimited data.,Recharge Offers
Vi: Recharge of ₹5171 successful. Validity till 15-Oct-25. Enjoy extra validity.,Recharge Offers
Your Vi recharge of ₹15842 failed. Amount will be refunded in 24 hrs.,Recharge Offers
Recharge ₹8261 and get 10GB extra data. Valid for 35 days. – BSNL,Recharge Offers
Your Vi recharge of ₹7108 failed. Amount will be refunded in 24 hrs.,Recharge Offers
BSNL: Recharge reminder! Your plan expires on 22-Oct-25. Renew to stay connected.,Recharge Offers
Recharge ₹8961 and get 1GB extra data. Valid for 21 days. – Paytm,Recharge Offers
Airtel: Recharge of ₹10048 successful. Validity till 28-Oct-25. Enjoy extra validity.,Recharge Offers
Your Vi recharge of ₹2865 failed. Amount will be refunded in 24 hrs.,Recharge Offers
Vi: Recharge of ₹3231 successful. Validity till 26-Oct-25. Enjoy free calls.,Recharge Offers
Jio: Recharge of ₹18326 successful. Validity till 13-Oct-25. Enjoy extra validity.,Recharge Offers
Recharge ₹11087 and get 2GB extra data. Valid for 43 days. – Paytm,Recharge Offers
Recharge ₹3051 and get 5GB extra data. Valid for 34 days. – Vi,Recharge Offers
Your Jio recharge of ₹181 failed. Amount will be refunded in 24 hrs.,Recharge Offers
Airtel Offer: Get 16% cashback on recharge above ₹404.,Recharge Offers
Recharge ₹8040 and get 2GB extra data. Valid for 64 days. – Jio,Recharge Offers
Paytm Offer: Get 11% cashback on recharge above ₹405.,Recharge Offers
Jio: Recharge of ₹1986 successful. Validity till 26-Oct-25. Enjoy unlimited data.,Recharge Offers
Paytm Offer: Get 5% cashback on recharge above ₹326.,Recharge Offers
Airtel: Recharge reminder! Your plan expires on 17-Oct-25. Renew to stay connected.,Recharge Offers
Vi Offer: Get 25% cashback on recharge above ₹361.,Recharge Offers
Airtel: Recharge reminder! Your plan expires on 13-Oct-25. Renew to stay connected.,Recharge Offers
Recharge ₹16114 and get 10GB extra data. Valid for 54 days. – Jio,Recharge Offers
Recharge ₹8981 and get 10GB extra data. Valid for 34 days. – Vi,Recharge Offers
Vi: Recharge of ₹15385 successful. Validity till 16-Oct-25. Enjoy free calls.,Recharge Offers
Recharge ₹19229 and get 10GB extra data. Valid for 66 days. – BSNL,Recharge Offers
Jio Offer: Get 13% cashback on recharge above ₹289.,Recharge Offers
Your Airtel recharge of ₹18678 failed. Amount will be refunded in 24 hrs.,Recharge Offers
Jio: Recharge of ₹2004 successful. Validity till 15-Oct-25. Enjoy free calls.,Recharge Offers
Recharge ₹14584 and get 2GB extra data. Valid for 61 days. – Vi,Recharge Offers
Vi Offer: Get 22% cashback on recharge above ₹370.,Recharge Offers
Your Jio recharge of ₹1134 failed. Amount will be refunded in 24 hrs.,Recharge Offers
Paytm: Recharge reminder! Your plan expires on 12-Oct-25. Renew to stay connected.,Recharge Offers
Your BSNL recharge of ₹1955 failed. Amount will be refunded in 24 hrs.,Recharge Offers
BSNL: Recharge of ₹13720 successful. Validity till 23-Oct-25. Enjoy free calls.,Recharge Offers
Jio: Recharge of ₹19208 successful. Validity till 15-Oct-25. Enjoy unlimited data.,Recharge Offers
BSNL: Recharge reminder! Your plan expires on 24-Oct-25. Renew to stay connected.,Recharge Offers
Vi: Recharge reminder! Your plan expires on 21-Oct-25. Renew to stay connected.,Recharge Offers
Paytm: Recharge reminder! Your plan expires on 16-Oct-25. Renew to stay connected.,Recharge Offers
Airtel Offer: Get 23% cashback on recharge above ₹478.,Recharge Offers
Your Paytm recharge of ₹18543 failed. Amount will be refunded in 24 hrs.,Recharge Offers
Vi Offer: Get 24% cashback on recharge above ₹243.,Recharge Offers
Your Paytm recharge of ₹3153 failed. Amount will be refunded in 24 hrs.,Recharge Offers
Paytm: Recharge of ₹4980 successful. Validity till 14-Oct-25. Enjoy extra validity.,Recharge Offers
Airtel: Recharge reminder! Your plan expires on 24-Oct-25. Renew to stay connected.,Recharge Offers
Jio: Recharge of ₹6381 successful. Validity till 22-Oct-25. Enjoy extra validity.,Recharge Offers
Recharge ₹1940 and get 1GB extra data. Valid for 80 days. – Jio,Recharge Offers
BSNL: Recharge reminder! Your plan expires on 19-Oct-25. Renew to stay connected.,Recharge Offers
Paytm Offer: Get 18% cashback on recharge above ₹384.,Recharge Offers
Your Paytm recharge of ₹8885 failed. Amount will be refunded in 24 hrs.,Recharge Offers
Recharge ₹1727 and get 1GB extra data. Valid for 31 days. – BSNL,Recharge Offers
Jio Offer: Get 15% cashback on recharge above ₹348.,Recharge Offers
Jio Offer: Get 13% cashback on recharge above ₹325.,Recharge Offers
Your Airtel recharge of ₹10656 failed. Amount will be refunded in 24 hrs.,Recharge Offers
Jio: Recharge reminder! Your plan expires on 12-Oct-25. Renew to stay connected.,Recharge Offers
Vi: Recharge reminder! Your plan expires on 26-Oct-25. Renew to stay connected.,Recharge Offers
Your Jio recharge of ₹11334 failed. Amount will be refunded in 24 hrs.,Recharge Offers
Your Paytm recharge of ₹12369 failed. Amount will be refunded in 24 hrs.,Recharge Offers
BSNL: Recharge reminder! Your plan expires on 13-Oct-25. Renew to stay connected.,Recharge Offers
Your BSNL recharge of ₹13149 failed. Amount will be refunded in 24 hrs.,Recharge Offers
Jio: Recharge reminder! Your plan expires on 23-Oct-25. Renew to stay connected.,Recharge Offers
Jio: Recharge reminder! Your plan expires on 28-Oct-25. Renew to stay connected.,Recharge Offers
Your Paytm recharge of ₹8936 failed. Amount will be refunded in 24 hrs.,Recharge Offers
Vi: Recharge of ₹9317 successful. Validity till 12-Oct-25. Enjoy unlimited data.,Recharge Offers
Your Jio recharge of ₹11495 failed. Amount will be refunded in 24 hrs.,Recharge Offers
Recharge ₹16034 and get 1GB extra data. Valid for 68 days. – Vi,Recharge Offers
Jio Offer: Get 12% cashback on recharge above ₹431.,Recharge Offers
Paytm: Recharge of ₹19119 successful. Validity till 21-Oct-25. Enjoy unlimited data.,Recharge Offers
Paytm: Recharge of ₹8708 successful. Validity till 19-Oct-25. Enjoy unlimited data.,Recharge Offers
Recharge ₹19492 and get 1GB extra data. Valid for 53 days. – Vi,Recharge Offers
Vi Offer: Get 6% cashback on recharge above ₹187.,Recharge Offers
Your Vi recharge of ₹8456 failed. Amount will be refunded in 24 hrs.,Recharge Offers
BSNL: Recharge of ₹7281 successful. Validity till 24-Oct-25. Enjoy free calls.,Recharge Offers
Recharge ₹1112 and get 2GB extra data. Valid for 34 days. – Jio,Recharge Offers
Jio Offer: Get 19% cashback on recharge above ₹342.,Recharge Offers
Vi: Recharge reminder! Your plan expires on 28-Oct-25. Renew to stay connected.,Recharge Offers
Recharge ₹7759 and get 2GB extra data. Valid for 57 days. – Airtel,Recharge Offers
Your Airtel recharge of ₹8248 failed. Amount will be refunded in 24 hrs.,Recharge Offers
BSNL: Recharge of ₹870 successful. Validity till 20-Oct-25. Enjoy extra validity.,Recharge Offers
Airtel Offer: Get 22% cashback on recharge above ₹231.,Recharge Offers
Your Jio recharge of ₹7186 failed. Amount will be refunded in 24 hrs.,Recharge Offers
Vi: Recharge of ₹13702 successful. Validity till 24-Oct-25. Enjoy unlimited data.,Recharge Offers
Vi Offer: Get 8% cashback on recharge above ₹477.,Recharge Offers
Your Airtel recharge of ₹17186 failed. Amount will be refunded in 24 hrs.,Recharge Offers
Your Airtel recharge of ₹11599 failed. Amount will be refunded in 24 hrs.,Recharge Offers
Vi: Recharge of ₹11809 successful. Validity till 25-Oct-25. Enjoy free calls.,Recharge Offers
Your Paytm recharge of ₹8571 failed. Amount will be refunded in 24 hrs.,Recharge Offers
Vi: Recharge of ₹5618 successful. Validity till 19-Oct-25. Enjoy extra validity.,Recharge Offers
Paytm Offer: Get 14% cashback on recharge above ₹377.,Recharge Offers
Your Airtel recharge of ₹13515 failed. Amount will be refunded in 24 hrs.,Recharge Offers
BSNL: Recharge reminder! Your plan expires on 26-Oct-25. Renew to stay connected.,Recharge Offers
Paytm Offer: Get 25% cashback on recharge above ₹398.,Recharge Offers
Recharge ₹10151 and get 10GB extra data. Valid for 84 days. – Airtel,Recharge Offers
Your BSNL recharge of ₹14613 failed. Amount will be refunded in 24 hrs.,Recharge Offers
Jio Offer: Get 15% cashback on recharge above ₹233.,Recharge Offers
Your Vi recharge of ₹5079 failed. Amount will be refunded in 24 hrs.,Recharge Offers
Jio: Recharge reminder! Your plan expires on 11-Oct-25. Renew to stay connected.,Recharge Offers
Airtel Offer: Get 13% cashback on recharge above ₹203.,Recharge Offers
Your Airtel recharge of ₹10730 failed. Amount will be refunded in 24 hrs.,Recharge Offers
Recharge ₹6964 and get 5GB extra data. Valid for 57 days. – Paytm,Recharge Offers
Your Jio recharge of ₹18427 failed. Amount will be refunded in 24 hrs.,Recharge Offers
Your BSNL recharge of ₹9456 failed. Amount will be refunded in 24 hrs.,Recharge Offers
BSNL: Recharge reminder! Your plan expires on 27-Oct-25. Renew to stay connected.,Recharge Offers
Airtel: Recharge reminder! Your plan expires on 19-Oct-25. Renew to stay connected.,Recharge Offers
Recharge ₹3053 and get 1GB extra data. Valid for 14 days. – Airtel,Recharge Offers
BSNL: Recharge reminder! Your plan expires on 16-Oct-25. Renew to stay connected.,Recharge Offers
Your Airtel recharge of ₹4978 failed. Amount will be refunded in 24 hrs.,Recharge Offers
Jio: Recharge reminder! Your plan expires on 27-Oct-25. Renew to stay connected.,Recharge Offers
Your Airtel recharge of ₹527 failed. Amount will be refunded in 24 hrs.,Recharge Offers
Airtel Offer: Get 14% cashback on recharge above ₹435.,Recharge Offers
Your Vi recharge of ₹5984 failed. Amount will be refunded in 24 hrs.,Recharge Offers
Your Vi recharge of ₹11459 failed. Amount will be refunded in 24 hrs.,Recharge Offers
Paytm: Recharge reminder! Your plan expires on 19-Oct-25. Renew to stay connected.,Recharge Offers
Paytm Offer: Get 15% cashback on recharge above ₹193.,Recharge Offers
Vi: Recharge of ₹18654 successful. Validity till 22-Oct-25. Enjoy unlimited data.,Recharge Offers
Recharge ₹15858 and get 5GB extra data. Valid for 44 days. – Jio,Recharge Offers
Recharge ₹7452 and get 5GB extra data. Valid for 52 days. – Jio,Recharge Offers
Airtel Offer: Get 12% cashback on recharge above ₹254.,Recharge Offers
Your Vi recharge of ₹10251 failed. Amount will be refunded in 24 hrs.,Recharge Offers
Your Jio recharge of ₹8546 failed. Amount will be refunded in 24 hrs.,Recharge Offers
BSNL: Recharge reminder! Your plan expires on 14-Oct-25. Renew to stay connected.,Recharge Offers
Paytm: Recharge of ₹14825 successful. Validity till 13-Oct-25. Enjoy extra validity.,Recharge Offers
Paytm Offer: Get 24% cashback on recharge above ₹432.,Recharge Offers
BSNL: Recharge of ₹11534 successful. Validity till 21-Oct-25. Enjoy extra validity.,Recharge Offers
Your BSNL recharge of ₹13696 failed. Amount will be refunded in 24 hrs.,Recharge Offers
Recharge ₹17416 and get 5GB extra data. Valid for 61 days. – Jio,Recharge Offers
Recharge ₹11318 and get 10GB extra data. Valid for 46 days. – Jio,Recharge Offers
Airtel: Recharge reminder! Your plan expires on 16-Oct-25. Renew to stay connected.,Recharge Offers
Recharge ₹10798 and get 2GB extra data. Valid for 42 days. – Jio,Recharge Offers
Jio: Recharge reminder! Your plan expires on 20-Oct-25. Renew to stay connected.,Recharge Offers
BSNL: Recharge of ₹8170 successful. Validity till 15-Oct-25. Enjoy free calls.,Recharge Offers
Your Paytm recharge of ₹8206 failed. Amount will be refunded in 24 hrs.,Recharge Offers
BSNL Offer: Get 5% cashback on recharge above ₹183.,Recharge Offers
Paytm Offer: Get 5% cashback on recharge above ₹327.,Recharge Offers
Paytm: Recharge reminder! Your plan expires on 12-Oct-25. Renew to stay connected.,Recharge Offers
BSNL: Recharge of ₹7711 successful. Validity till 26-Oct-25. Enjoy extra validity.,Recharge Offers
Vi Offer: Get 17% cashback on recharge above ₹121.,Recharge Offers
Your Jio recharge of ₹9975 failed. Amount will be refunded in 24 hrs.,Recharge Offers
Paytm: Recharge reminder! Your plan expires on 14-Oct-25. Renew to stay connected.,Recharge Offers
Recharge ₹13063 and get 5GB extra data. Valid for 23 days. – Paytm,Recharge Offers
Recharge ₹14517 and get 1GB extra data. Valid for 67 days. – BSNL,Recharge Offers
Jio: Recharge reminder! Your plan expires on 28-Oct-25. Renew to stay connected.,Recharge Offers
Vi: Recharge reminder! Your plan expires on 14-Oct-25. Renew to stay connected.,Recharge Offers
Jio: Recharge reminder! Your plan expires on 16-Oct-25. Renew to stay connected.,Recharge Offers
Recharge ₹5354 and get 5GB extra data. Valid for 47 days. – Vi,Recharge Offers
Recharge ₹4799 and get 5GB extra data. Valid for 69 days. – BSNL,Recharge Offers
BSNL Offer: Get 18% cashback on recharge above ₹409.,Recharge Offers
Jio: Recharge reminder! Your plan expires on 24-Oct-25. Renew to stay connected.,Recharge Offers
BSNL: Recharge reminder! Your plan expires on 21-Oct-25. Renew to stay connected.,Recharge Offers
BSNL Offer: Get 22% cashback on recharge above ₹335.,Recharge Offers
Recharge ₹15230 and get 5GB extra data. Valid for 13 days. – Paytm,Recharge Offers
Vi Offer: Get 15% cashback on recharge above ₹489.,Recharge Offers
Recharge ₹15032 and get 10GB extra data. Valid for 40 days. – Paytm,Recharge Offers
Your Jio recharge of ₹15892 failed. Amount will be refunded in 24 hrs.,Recharge Offers
Airtel: Recharge reminder! Your plan expires on 10-Oct-25. Renew to stay connected.,Recharge Offers
Vi: Recharge reminder! Your plan expires on 14-Oct-25. Renew to stay connected.,Recharge Offers
Airtel Offer: Get 22% cashback on recharge above ₹336.,Recharge Offers
Your BSNL recharge of ₹12172 failed. Amount will be refunded in 24 hrs.,Recharge Offers
Recharge ₹14681 and get 10GB extra data. Valid for 17 days. – BSNL,Recharge Offers
Airtel Offer: Get 11% cashback on recharge above ₹353.,Recharge Offers
Your BSNL recharge of ₹2254 failed. Amount will be refunded in 24 hrs.,Recharge Offers
Recharge ₹15081 and get 10GB extra data. Valid for 50 days. – Vi,Recharge Offers
BSNL: Recharge of ₹4247 successful. Validity till 18-Oct-25. Enjoy extra validity.,Recharge Offers
Recharge ₹19557 and get 5GB extra data. Valid for 68 days. – Vi,Recharge Offers
Paytm: Recharge reminder! Your plan expires on 21-Oct-25. Renew to stay connected.,Recharge Offers
Your Jio recharge of ₹13661 failed. Amount will be refunded in 24 hrs.,Recharge Offers
Jio Offer: Get 10% cashback on recharge above ₹360.,Recharge Offers
BSNL: Recharge reminder! Your plan expires on 10-Oct-25. Renew to stay connected.,Recharge Offers
Recharge ₹640 and get 1GB extra data. Valid for 84 days. – Airtel,Recharge Offers
Vi Offer: Get 5% cashback on recharge above ₹334.,Recharge Offers
Recharge ₹4027 and get 2GB extra data. Valid for 35 days. – Vi,Recharge Offers
Vi Offer: Get 23% cashback on recharge above ₹434.,Recharge Offers
BSNL: Recharge reminder! Your plan expires on 28-Oct-25. Renew to stay connected.,Recharge Offers
Airtel Offer: Get 23% cashback on recharge above ₹199.,Recharge Offers
Your BSNL recharge of ₹10343 failed. Amount will be refunded in 24 hrs.,Recharge Offers
Recharge ₹3780 and get 2GB extra data. Valid for 56 days. – Airtel,Recharge Offers
Recharge ₹1615 and get 2GB extra data. Valid for 73 days. – BSNL,Recharge Offers
Paytm Offer: Get 10% cashback on recharge above ₹392.,Recharge Offers
Jio: Recharge of ₹18991 successful. Validity till 27-Oct-25. Enjoy extra validity.,Recharge Offers
Your BSNL recharge of ₹8780 failed. Amount will be refunded in 24 hrs.,Recharge Offers
Jio: Recharge reminder! Your plan expires on 10-Oct-25. Renew to stay connected.,Recharge Offers
Airtel: Recharge reminder! Your plan expires on 11-Oct-25. Renew to stay connected.,Recharge Offers
Jio: Recharge reminder! Your plan expires on 28-Oct-25. Renew to stay connected.,Recharge Offers
BSNL: Recharge of ₹14601 successful. Validity till 27-Oct-25. Enjoy free calls.,Recharge Offers
Your Paytm recharge of ₹7001 failed. Amount will be refunded in 24 hrs.,Recharge Offers
Your Airtel recharge of ₹10114 failed. Amount will be refunded in 24 hrs.,Recharge Offers
Your Paytm recharge of ₹6732 failed. Amount will be refunded in 24 hrs.,Recharge Offers
BSNL Offer: Get 19% cashback on recharge above ₹239.,Recharge Offers
Jio Offer: Get 13% cashback on recharge above ₹175.,Recharge Offers
Airtel: Recharge reminder! Your plan expires on 22-Oct-25. Renew to stay connected.,Recharge Offers
BSNL: Recharge reminder! Your plan expires on 16-Oct-25. Renew to stay connected.,Recharge Offers
Airtel: Recharge of ₹13044 successful. Validity till 26-Oct-25. Enjoy unlimited data.,Recharge Offers
Vi: Recharge of ₹8492 successful. Validity till 20-Oct-25. Enjoy free calls.,Recharge Offers
Your Airtel recharge of ₹7552 failed. Amount will be refunded in 24 hrs.,Recharge Offers
Your Paytm recharge of ₹4986 failed. Amount will be refunded in 24 hrs.,Recharge Offers
Your Airtel recharge of ₹4665 failed. Amount will be refunded in 24 hrs.,Recharge Offers
Your Paytm recharge of ₹18538 failed. Amount will be refunded in 24 hrs.,Recharge Offers
Airtel: Recharge reminder! Your plan expires on 18-Oct-25. Renew to stay connected.,Recharge Offers
BSNL: Recharge of ₹14083 successful. Validity till 11-Oct-25. Enjoy unlimited data.,Recharge Offers
Vi: Recharge of ₹3595 successful. Validity till 18-Oct-25. Enjoy extra validity.,Recharge Offers
Your Vi recharge of ₹6640 failed. Amount will be refunded in 24 hrs.,Recharge Offers
Airtel Offer: Get 13% cashback on recharge above ₹134.,Recharge Offers
Recharge ₹18257 and get 5GB extra data. Valid for 69 days. – Vi,Recharge Offers
Recharge ₹11324 and get 5GB extra data. Valid for 22 days. – Jio,Recharge Offers
Jio: Recharge reminder! Your plan expires on 23-Oct-25. Renew to stay connected.,Recharge Offers
Airtel: Recharge of ₹5676 successful. Validity till 11-Oct-25. Enjoy unlimited data.,Recharge Offers
Recharge ₹7858 and get 5GB extra data. Valid for 86 days. – Vi,Recharge Offers
BSNL: Recharge of ₹17255 successful. Validity till 13-Oct-25. Enjoy unlimited data.,Recharge Offers
Paytm: Recharge of ₹3661 successful. Validity till 19-Oct-25. Enjoy extra validity.,Recharge Offers
Your Jio recharge of ₹7190 failed. Amount will be refunded in 24 hrs.,Recharge Offers
Your Vi recharge of ₹16531 failed. Amount will be refunded in 24 hrs.,Recharge Offers
Recharge ₹11809 and get 10GB extra data. Valid for 30 days. – Airtel,Recharge Offers
BSNL: Recharge of ₹5369 successful. Validity till 23-Oct-25. Enjoy extra validity.,Recharge Offers
Recharge ₹17783 and get 2GB extra data. Valid for 36 days. – Paytm,Recharge Offers
Your BSNL recharge of ₹11096 failed. Amount will be refunded in 24 hrs.,Recharge Offers
BSNL: Recharge of ₹18112 successful. Validity till 17-Oct-25. Enjoy free calls.,Recharge Offers
Your Jio recharge of ₹15710 failed. Amount will be refunded in 24 hrs.,Recharge Offers
Vi Offer: Get 24% cashback on recharge above ₹326.,Recharge Offers
Recharge ₹11497 and get 5GB extra data. Valid for 56 days. – Airtel,Recharge Offers
Recharge ₹4799 and get 2GB extra data. Valid for 10 days. – Airtel,Recharge Offers
BSNL Offer: Get 21% cashback on recharge above ₹157.,Recharge Offers
Your Vi recharge of ₹9034 failed. Amount will be refunded in 24 hrs.,Recharge Offers
BSNL Offer: Get 13% cashback on recharge above ₹241.,Recharge Offers
Your Airtel recharge of ₹4197 failed. Amount will be refunded in 24 hrs.,Recharge Offers
Paytm: Recharge reminder! Your plan expires on 16-Oct-25. Renew to stay connected.,Recharge Offers
Airtel: Recharge reminder! Your plan expires on 15-Oct-25. Renew to stay connected.,Recharge Offers
Recharge ₹18257 and get 2GB extra data. Valid for 69 days. – Jio,Recharge Offers
BSNL Offer: Get 9% cashback on recharge above ₹243.,Recharge Offers
Your Vi recharge of ₹6352 failed. Amount will be refunded in 24 hrs.,Recharge Offers
BSNL Offer: Get 5% cashback on recharge above ₹305.,Recharge Offers
Vi: Recharge of ₹8483 successful. Validity till 26-Oct-25. Enjoy unlimited data.,Recharge Offers
Recharge ₹5581 and get 10GB extra data. Valid for 85 days. – Vi,Recharge Offers
Your Jio recharge of ₹17680 failed. Amount will be refunded in 24 hrs.,Recharge Offers
Airtel Offer: Get 6% cashback on recharge above ₹141.,Recharge Offers
Paytm Offer: Get 25% cashback on recharge above ₹152.,Recharge Offers
Your Paytm recharge of ₹8549 failed. Amount will be refunded in 24 hrs.,Recharge Offers
Jio Offer: Get 10% cashback on recharge above ₹148.,Recharge Offers
Airtel Offer: Get 24% cashback on recharge above ₹187.,Recharge Offers
Vi Offer: Get 15% cashback on recharge above ₹204.,Recharge Offers
Vi: Recharge reminder! Your plan expires on 23-Oct-25. Renew to stay connected.,Recharge Offers
BSNL Offer: Get 16% cashback on recharge above ₹417.,Recharge Offers
Airtel: Recharge of ₹4701 successful. Validity till 14-Oct-25. Enjoy extra validity.,Recharge Offers
Paytm: Recharge reminder! Your plan expires on 21-Oct-25. Renew to stay connected.,Recharge Offers
Recharge ₹7841 and get 2GB extra data. Valid for 34 days. – Paytm,Recharge Offers
Vi Offer: Get 25% cashback on recharge above ₹380.,Recharge Offers
BSNL Offer: Get 22% cashback on recharge above ₹254.,Recharge Offers
Recharge ₹3615 and get 10GB extra data. Valid for 11 days. – Airtel,Recharge Offers
Vi Offer: Get 22% cashback on recharge above ₹134.,Recharge Offers
Recharge ₹5166 and get 10GB extra data. Valid for 76 days. – Jio,Recharge Offers
Recharge ₹4373 and get 5GB extra data. Valid for 65 days. – Airtel,Recharge Offers
Vi: Recharge of ₹17613 successful. Validity till 15-Oct-25. Enjoy unlimited data.,Recharge Offers
Your Vi recharge of ₹12298 failed. Amount will be refunded in 24 hrs.,Recharge Offers
Your BSNL recharge of ₹258 failed. Amount will be refunded in 24 hrs.,Recharge Offers
Recharge ₹4579 and get 1GB extra data. Valid for 68 days. – Airtel,Recharge Offers
Recharge ₹5925 and get 1GB extra data. Valid for 69 days. – Vi,Recharge Offers
Airtel Offer: Get 12% cashback on recharge above ₹432.,Recharge Offers
Recharge ₹14733 and get 2GB extra data. Valid for 78 days. – BSNL,Recharge Offers
Airtel Offer: Get 8% cashback on recharge above ₹271.,Recharge Offers
Vi: Recharge of ₹19445 successful. Validity till 27-Oct-25. Enjoy extra validity.,Recharge Offers
Recharge ₹15703 and get 1GB extra data. Valid for 25 days. – Paytm,Recharge Offers
Paytm: Recharge of ₹14626 successful. Validity till 26-Oct-25. Enjoy extra validity.,Recharge Offers
Vi: Recharge reminder! Your plan expires on 18-Oct-25. Renew to stay connected.,Recharge Offers
Jio: Recharge of ₹2949 successful. Validity till 19-Oct-25. Enjoy extra validity.,Recharge Offers
BSNL: Recharge reminder! Your plan expires on 15-Oct-25. Renew to stay connected.,Recharge Offers
BSNL Offer: Get 22% cashback on recharge above ₹308.,Recharge Offers
Paytm: Recharge reminder! Your plan expires on 14-Oct-25. Renew to stay connected.,Recharge Offers
Jio Offer: Get 15% cashback on recharge above ₹431.,Recharge Offers
Vi: Recharge of ₹17404 successful. Validity till 10-Oct-25. Enjoy free calls.,Recharge Offers
Vi: Recharge reminder! Your plan expires on 14-Oct-25. Renew to stay connected.,Recharge Offers
Recharge ₹16609 and get 5GB extra data. Valid for 61 days. – Jio,Recharge Offers
Your Jio recharge of ₹11713 failed. Amount will be refunded in 24 hrs.,Recharge Offers
Your Jio recharge of ₹5469 failed. Amount will be refunded in 24 hrs.,Recharge Offers
Recharge ₹6700 and get 10GB extra data. Valid for 12 days. – BSNL,Recharge Offers
Paytm: Recharge of ₹3061 successful. Validity till 18-Oct-25. Enjoy free calls.,Recharge Offers
Recharge ₹726 and get 2GB extra data. Valid for 56 days. – Vi,Recharge Offers
Paytm: Recharge of ₹18090 successful. Validity till 26-Oct-25. Enjoy unlimited data.,Recharge Offers
Airtel: Recharge of ₹11676 successful. Validity till 25-Oct-25. Enjoy unlimited data.,Recharge Offers
Vi: Recharge of ₹7240 successful. Validity till 13-Oct-25. Enjoy extra validity.,Recharge Offers
Vi: Recharge of ₹11307 successful. Validity till 26-Oct-25. Enjoy unlimited data.,Recharge Offers
BSNL Offer: Get 20% cashback on recharge above ₹192.,Recharge Offers
Airtel Offer: Get 5% cashback on recharge above ₹446.,Recharge Offers
Recharge ₹2219 and get 5GB extra data. Valid for 13 days. – Jio,Recharge Offers
Recharge ₹13262 and get 1GB extra data. Valid for 72 days. – Jio,Recharge Offers
Your Paytm recharge of ₹11012 failed. Amount will be refunded in 24 hrs.,Recharge Offers
Paytm: Recharge reminder! Your plan expires on 12-Oct-25. Renew to stay connected.,Recharge Offers
BSNL: Recharge of ₹9690 successful. Validity till 11-Oct-25. Enjoy extra validity.,Recharge Offers
Recharge ₹12782 and get 10GB extra data. Valid for 76 days. – BSNL,Recharge Offers
Recharge ₹18401 and get 1GB extra data. Valid for 22 days. – BSNL,Recharge Offers
BSNL: Recharge of ₹3197 successful. Validity till 11-Oct-25. Enjoy free calls.,Recharge Offers
Recharge ₹2439 and get 5GB extra data. Valid for 41 days. – Jio,Recharge Offers
Recharge ₹5286 and get 2GB extra data. Valid for 49 days. – Jio,Recharge Offers
BSNL: Recharge reminder! Your plan expires on 21-Oct-25. Renew to stay connected.,Recharge Offers
Vi Offer: Get 14% cashback on recharge above ₹396.,Recharge Offers
Your Vi recharge of ₹5362 failed. Amount will be refunded in 24 hrs.,Recharge Offers
Your Vi recharge of ₹1772 failed. Amount will be refunded in 24 hrs.,Recharge Offers
Your Jio recharge of ₹16601 failed. Amount will be refunded in 24 hrs.,Recharge Offers
Paytm Offer: Get 12% cashback on recharge above ₹268.,Recharge Offers
Your Vi recharge of ₹9416 failed. Amount will be refunded in 24 hrs.,Recharge Offers
Your Jio recharge of ₹10908 failed. Amount will be refunded in 24 hrs.,Recharge Offers
Your Jio recharge of ₹9174 failed. Amount will be refunded in 24 hrs.,Recharge Offers
Recharge ₹19924 and get 5GB extra data. Valid for 52 days. – BSNL,Recharge Offers
Your Vi recharge of ₹2604 failed. Amount will be refunded in 24 hrs.,Recharge Offers
BSNL: Recharge reminder! Your plan expires on 18-Oct-25. Renew to stay connected.,Recharge Offers
Vi: Recharge of ₹9492 successful. Validity till 14-Oct-25. Enjoy unlimited data.,Recharge Offers
Paytm: Recharge of ₹10898 successful. Validity till 11-Oct-25. Enjoy extra validity.,Recharge Offers
Recharge ₹12342 and get 5GB extra data. Valid for 66 days. – Jio,Recharge Offers
Recharge ₹13552 and get 1GB extra data. Valid for 10 days. – BSNL,Recharge Offers
Paytm: Recharge reminder! Your plan expires on 26-Oct-25. Renew to stay connected.,Recharge Offers
Airtel: Recharge reminder! Your plan expires on 14-Oct-25. Renew to stay connected.,Recharge Offers
Your Airtel recharge of ₹19330 failed. Amount will be refunded in 24 hrs.,Recharge Offers
Airtel: Recharge of ₹9114 successful. Validity till 20-Oct-25. Enjoy free calls.,Recharge Offers
BSNL: Recharge of ₹10262 successful. Validity till 25-Oct-25. Enjoy free calls.,Recharge Offers
BSNL Offer: Get 22% cashback on recharge above ₹184.,Recharge Offers
Jio: Recharge reminder! Your plan expires on 16-Oct-25. Renew to stay connected.,Recharge Offers
Airtel: Recharge of ₹18241 successful. Validity till 16-Oct-25. Enjoy unlimited data.,Recharge Offers
Your Vi recharge of ₹9635 failed. Amount will be refunded in 24 hrs.,Recharge Offers
Recharge ₹3270 and get 10GB extra data. Valid for 32 days. – BSNL,Recharge Offers
Jio: Recharge reminder! Your plan expires on 26-Oct-25. Renew to stay connected.,Recharge Offers
Vi Offer: Get 13% cashback on recharge above ₹321.,Recharge Offers
Jio Offer: Get 8% cashback on recharge above ₹467.,Recharge Offers
Jio Offer: Get 22% cashback on recharge above ₹133.,Recharge Offers
Paytm Offer: Get 18% cashback on recharge above ₹389.,Recharge Offers
Jio: Recharge of ₹11441 successful. Validity till 23-Oct-25. Enjoy unlimited data.,Recharge Offers
Vi Offer: Get 22% cashback on recharge above ₹207.,Recharge Offers
Recharge ₹5767 and get 5GB extra data. Valid for 11 days. – Paytm,Recharge Offers
Airtel Offer: Get 8% cashback on recharge above ₹157.,Recharge Offers
Your BSNL recharge of ₹972 failed. Amount will be refunded in 24 hrs.,Recharge Offers
Jio Offer: Get 14% cashback on recharge above ₹239.,Recharge Offers
Airtel Offer: Get 18% cashback on recharge above ₹467.,Recharge Offers
Airtel Offer: Get 6% cashback on recharge above ₹115.,Recharge Offers
Vi: Recharge of ₹13856 successful. Validity till 11-Oct-25. Enjoy extra validity.,Recharge Offers
Recharge ₹11626 and get 1GB extra data. Valid for 55 days. – Airtel,Recharge Offers
Your Airtel recharge of ₹3836 failed. Amount will be refunded in 24 hrs.,Recharge Offers
Your Paytm recharge of ₹337 failed. Amount will be refunded in 24 hrs.,Recharge Offers
Your Jio recharge of ₹6356 failed. Amount will be refunded in 24 hrs.,Recharge Offers
Recharge ₹19842 and get 1GB extra data. Valid for 9 days. – Airtel,Recharge Offers
Paytm: Recharge of ₹4578 successful. Validity till 18-Oct-25. Enjoy unlimited data.,Recharge Offers
Your Jio recharge of ₹17120 failed. Amount will be refunded in 24 hrs.,Recharge Offers
Recharge ₹5525 and get 5GB extra data. Valid for 70 days. – BSNL,Recharge Offers
Recharge ₹6891 and get 5GB extra data. Valid for 19 days. – Jio,Recharge Offers
Recharge ₹7836 and get 1GB extra data. Valid for 82 days. – Vi,Recharge Offers
Your Paytm recharge of ₹4937 failed. Amount will be refunded in 24 hrs.,Recharge Offers
Recharge ₹12162 and get 10GB extra data. Valid for 47 days. – Jio,Recharge Offers
Airtel: Recharge reminder! Your plan expires on 24-Oct-25. Renew to stay connected.,Recharge Offers
BSNL Offer: Get 17% cashback on recharge above ₹438.,Recharge Offers
Vi: Recharge of ₹10149 successful. Validity till 28-Oct-25. Enjoy unlimited data.,Recharge Offers
Your Jio recharge of ₹3087 failed. Amount will be refunded in 24 hrs.,Recharge Offers
Your Airtel recharge of ₹12155 failed. Amount will be refunded in 24 hrs.,Recharge Offers
Paytm: Recharge reminder! Your plan expires on 12-Oct-25. Renew to stay connected.,Recharge Offers
Your Jio recharge of ₹1853 failed. Amount will be refunded in 24 hrs.,Recharge Offers
Vi Offer: Get 21% cashback on recharge above ₹247.,Recharge Offers
Your Paytm recharge of ₹13343 failed. Amount will be refunded in 24 hrs.,Recharge Offers
BSNL: Recharge of ₹4278 successful. Validity till 18-Oct-25. Enjoy free calls.,Recharge Offers
Airtel: Recharge reminder! Your plan expires on 15-Oct-25. Renew to stay connected.,Recharge Offers
Recharge ₹6157 and get 5GB extra data. Valid for 50 days. – BSNL,Recharge Offers
Recharge ₹13868 and get 1GB extra data. Valid for 9 days. – Jio,Recharge Offers
Your Paytm recharge of ₹19178 failed. Amount will be refunded in 24 hrs.,Recharge Offers
Your Jio recharge of ₹17182 failed. Amount will be refunded in 24 hrs.,Recharge Offers
Your BSNL recharge of ₹2042 failed. Amount will be refunded in 24 hrs.,Recharge Offers
Paytm: Recharge of ₹18095 successful. Validity till 10-Oct-25. Enjoy extra validity.,Recharge Offers
Your Jio recharge of ₹19701 failed. Amount will be refunded in 24 hrs.,Recharge Offers
Airtel Offer: Get 9% cashback on recharge above ₹170.,Recharge Offers
Vi Offer: Get 8% cashback on recharge above ₹260.,Recharge Offers
Airtel: Recharge of ₹15114 successful. Validity till 28-Oct-25. Enjoy unlimited data.,Recharge Offers
Your Jio recharge of ₹5513 failed. Amount will be refunded in 24 hrs.,Recharge Offers
Paytm Offer: Get 15% cashback on recharge above ₹440.,Recharge Offers
Your Airtel recharge of ₹13074 failed. Amount will be refunded in 24 hrs.,Recharge Offers
Jio Offer: Get 16% cashback on recharge above ₹410.,Recharge Offers
BSNL Offer: Get 14% cashback on recharge above ₹267.,Recharge Offers
Your Paytm recharge of ₹4964 failed. Amount will be refunded in 24 hrs.,Recharge Offers
Paytm: Recharge of ₹4535 successful. Validity till 28-Oct-25. Enjoy unlimited data.,Recharge Offers
Airtel: Recharge of ₹15940 successful. Validity till 24-Oct-25. Enjoy unlimited data.,Recharge Offers
Paytm: Recharge reminder! Your plan expires on 15-Oct-25. Renew to stay connected.,Recharge Offers
Vi: Recharge of ₹12286 successful. Validity till 15-Oct-25. Enjoy extra validity.,Recharge Offers
BSNL: Recharge of ₹13077 successful. Validity till 11-Oct-25. Enjoy free calls.,Recharge Offers
Paytm: Recharge of ₹11174 successful. Validity till 19-Oct-25. Enjoy free calls.,Recharge Offers
Your Paytm recharge of ₹13136 failed. Amount will be refunded in 24 hrs.,Recharge Offers
Vi: Recharge reminder! Your plan expires on 11-Oct-25. Renew to stay connected.,Recharge Offers
BSNL Offer: Get 21% cashback on recharge above ₹350.,Recharge Offers
Recharge ₹17929 and get 10GB extra data. Valid for 78 days. – Paytm,Recharge Offers
Recharge ₹4716 and get 2GB extra data. Valid for 90 days. – Vi,Recharge Offers
Recharge ₹16050 and get 2GB extra data. Valid for 76 days. – Vi,Recharge Offers
BSNL Offer: Get 22% cashback on recharge above ₹110.,Recharge Offers
Your BSNL recharge of ₹2312 failed. Amount will be refunded in 24 hrs.,Recharge Offers
Vi: Recharge of ₹1917 successful. Validity till 26-Oct-25. Enjoy free calls.,Recharge Offers
Recharge ₹15105 and get 5GB extra data. Valid for 63 days. – Airtel,Recharge Offers
Your Paytm recharge of ₹19591 failed. Amount will be refunded in 24 hrs.,Recharge Offers
BSNL Offer: Get 23% cashback on recharge above ₹305.,Recharge Offers
Recharge ₹3536 and get 2GB extra data. Valid for 83 days. – Vi,Recharge Offers
Vi: Recharge reminder! Your plan expires on 13-Oct-25. Renew to stay connected.,Recharge Offers
Your Vi recharge of ₹11755 failed. Amount will be refunded in 24 hrs.,Recharge Offers
Paytm: Recharge reminder! Your plan expires on 26-Oct-25. Renew to stay connected.,Recharge Offers
Recharge ₹9631 and get 10GB extra data. Valid for 44 days. – BSNL,Recharge Offers
Paytm Offer: Get 22% cashback on recharge above ₹125.,Recharge Offers
BSNL: Recharge of ₹3067 successful. Validity till 20-Oct-25. Enjoy extra validity.,Recharge Offers
Vi: Recharge of ₹18329 successful. Validity till 21-Oct-25. Enjoy unlimited data.,Recharge Offers
Recharge ₹16282 and get 2GB extra data. Valid for 10 days. – Paytm,Recharge Offers
Your Vi recharge of ₹17315 failed. Amount will be refunded in 24 hrs.,Recharge Offers
Paytm Offer: Get 24% cashback on recharge above ₹316.,Recharge Offers
Jio Offer: Get 7% cashback on recharge above ₹362.,Recharge Offers
Airtel: Recharge of ₹15165 successful. Validity till 23-Oct-25. Enjoy free calls.,Recharge Offers
BSNL: Recharge of ₹12839 successful. Validity till 21-Oct-25. Enjoy unlimited data.,Recharge Offers
Paytm Offer: Get 14% cashback on recharge above ₹406.,Recharge Offers
Recharge ₹17484 and get 1GB extra data. Valid for 53 days. – Airtel,Recharge Offers
Paytm: Recharge reminder! Your plan expires on 17-Oct-25. Renew to stay connected.,Recharge Offers
BSNL: Recharge reminder! Your plan expires on 11-Oct-25. Renew to stay connected.,Recharge Offers
Paytm Offer: Get 7% cashback on recharge above ₹205.,Recharge Offers
Recharge ₹18858 and get 10GB extra data. Valid for 19 days. – Vi,Recharge Offers
Jio: Recharge of ₹14270 successful. Validity till 12-Oct-25. Enjoy free calls.,Recharge Offers
Your Airtel recharge of ₹12056 failed. Amount will be refunded in 24 hrs.,Recharge Offers
Jio: Recharge of ₹1654 successful. Validity till 14-Oct-25. Enjoy free calls.,Recharge Offers
Vi Offer: Get 22% cashback on recharge above ₹118.,Recharge Offers
Recharge ₹2161 and get 10GB extra data. Valid for 29 days. – Jio,Recharge Offers
Recharge ₹17228 and get 5GB extra data. Valid for 48 days. – Airtel,Recharge Offers
Recharge ₹9779 and get 5GB extra data. Valid for 65 days. – Jio,Recharge Offers
Vi: Recharge of ₹19010 successful. Validity till 21-Oct-25. Enjoy extra validity.,Recharge Offers
Your Airtel recharge of ₹18032 failed. Amount will be refunded in 24 hrs.,Recharge Offers
Vi: Recharge reminder! Your plan expires on 28-Oct-25. Renew to stay connected.,Recharge Offers
Vi Offer: Get 10% cashback on recharge above ₹318.,Recharge Offers
Recharge ₹16916 and get 1GB extra data. Valid for 71 days. – Paytm,Recharge Offers
Recharge ₹10975 and get 1GB extra data. Valid for 51 days. – Paytm,Recharge Offers
Recharge ₹7691 and get 10GB extra data. Valid for 13 days. – Vi,Recharge Offers
Vi Offer: Get 21% cashback on recharge above ₹302.,Recharge Offers
Jio Offer: Get 14% cashback on recharge above ₹220.,Recharge Offers
Your BSNL recharge of ₹19645 failed. Amount will be refunded in 24 hrs.,Recharge Offers
Recharge ₹1537 and get 5GB extra data. Valid for 86 days. – BSNL,Recharge Offers
Recharge ₹2815 and get 5GB extra data. Valid for 41 days. – BSNL,Recharge Offers
Your Vi recharge of ₹16853 failed. Amount will be refunded in 24 hrs.,Recharge Offers
Your BSNL recharge of ₹11270 failed. Amount will be refunded in 24 hrs.,Recharge Offers
Recharge ₹5952 and get 2GB extra data. Valid for 71 days. – Jio,Recharge Offers
Your BSNL recharge of ₹855 failed. Amount will be refunded in 24 hrs.,Recharge Offers
Airtel Offer: Get 14% cashback on recharge above ₹274.,Recharge Offers
Paytm: Recharge of ₹8904 successful. Validity till 25-Oct-25. Enjoy free calls.,Recharge Offers
Recharge ₹10324 and get 5GB extra data. Valid for 30 days. – Jio,Recharge Offers
Your Airtel recharge of ₹2259 failed. Amount will be refunded in 24 hrs.,Recharge Offers
Recharge ₹791 and get 1GB extra data. Valid for 25 days. – Airtel,Recharge Offers
Airtel: Recharge reminder! Your plan expires on 27-Oct-25. Renew to stay connected.,Recharge Offers
Airtel: Recharge reminder! Your plan expires on 24-Oct-25. Renew to stay connected.,Recharge Offers
Recharge ₹7426 and get 2GB extra data. Valid for 10 days. – Paytm,Recharge Offers
BSNL: Recharge of ₹11308 successful. Validity till 14-Oct-25. Enjoy free calls.,Recharge Offers
Paytm: Recharge of ₹7294 successful. Validity till 23-Oct-25. Enjoy free calls.,Recharge Offers
BSNL: Recharge of ₹19119 successful. Validity till 12-Oct-25. Enjoy unlimited data.,Recharge Offers
Jio: Recharge reminder! Your plan expires on 22-Oct-25. Renew to stay connected.,Recharge Offers
Jio: Recharge reminder! Your plan expires on 13-Oct-25. Renew to stay connected.,Recharge Offers
Your Airtel recharge of ₹9351 failed. Amount will be refunded in 24 hrs.,Recharge Offers
Vi: Recharge reminder! Your plan expires on 15-Oct-25. Renew to stay connected.,Recharge Offers
Vi Offer: Get 10% cashback on recharge above ₹441.,Recharge Offers
Airtel: Recharge of ₹10513 successful. Validity till 24-Oct-25. Enjoy unlimited data.,Recharge Offers
Your Jio recharge of ₹17230 failed. Amount will be refunded in 24 hrs.,Recharge Offers
Vi Offer: Get 10% cashback on recharge above ₹223.,Recharge Offers
Recharge ₹19795 and get 10GB extra data. Valid for 82 days. – Vi,Recharge Offers
Vi Offer: Get 11% cashback on recharge above ₹256.,Recharge Offers
Your Vi recharge of ₹12005 failed. Amount will be refunded in 24 hrs.,Recharge Offers
Paytm: Recharge of ₹2925 successful. Validity till 11-Oct-25. Enjoy extra validity.,Recharge Offers
BSNL: Recharge of ₹3946 successful. Validity till 19-Oct-25. Enjoy extra validity.,Recharge Offers
Your Paytm recharge of ₹914 failed. Amount will be refunded in 24 hrs.,Recharge Offers
Vi Offer: Get 8% cashback on recharge above ₹264.,Recharge Offers
Recharge ₹2568 and get 5GB extra data. Valid for 15 days. – BSNL,Recharge Offers
Airtel: Recharge of ₹15980 successful. Validity till 22-Oct-25. Enjoy extra validity.,Recharge Offers
Recharge ₹7007 and get 2GB extra data. Valid for 64 days. – Paytm,Recharge Offers
Airtel: Recharge reminder! Your plan expires on 25-Oct-25. Renew to stay connected.,Recharge Offers
Jio Offer: Get 14% cashback on recharge above ₹255.,Recharge Offers
Vi Offer: Get 18% cashback on recharge above ₹299.,Recharge Offers
Paytm: Recharge reminder! Your plan expires on 19-Oct-25. Renew to stay connected.,Recharge Offers
Paytm: Recharge of ₹3791 successful. Validity till 11-Oct-25. Enjoy extra validity.,Recharge Offers
Recharge ₹18579 and get 1GB extra data. Valid for 74 days. – BSNL,Recharge Offers
Airtel: Recharge of ₹12024 successful. Validity till 27-Oct-25. Enjoy unlimited data.,Recharge Offers
Recharge ₹19316 and get 10GB extra data. Valid for 24 days. – Airtel,Recharge Offers
Recharge ₹6903 and get 2GB extra data. Valid for 36 days. – Airtel,Recharge Offers
Recharge ₹6221 and get 2GB extra data. Valid for 71 days. – BSNL,Recharge Offers
Airtel: Recharge of ₹6350 successful. Validity till 11-Oct-25. Enjoy free calls.,Recharge Offers
Your Airtel recharge of ₹14106 failed. Amount will be refunded in 24 hrs.,Recharge Offers
₹11989 debited from your A/C XXXX6583 on 17-Oct-25. Avl Bal ₹29218. – Axis Bank,Banking & Finance
₹17199 credited to your A/C XXXX7974. Available bal ₹33544. – PNB,Banking & Finance
Your OTP for transaction is 897819. Valid for 10 mins. Do not share with anyone. – ICICI Bank,Banking & Finance
₹11430 credited to your A/C XXXX2292. Available bal ₹23796. – ICICI Bank,Banking & Finance
Your OTP for transaction is 590207. Valid for 10 mins. Do not share with anyone. – Kotak Bank,Banking & Finance
Your OTP for transaction is 858069. Valid for 10 mins. Do not share with anyone. – ICICI Bank,Banking & Finance
₹1727 credited to your A/C XXXX9599. Available bal ₹24312. – HDFC Bank,Banking & Finance
Loan approved! ₹7006 disbursed to your A/C XXXX9626. EMI ₹7037/month. – PNB,Banking & Finance
Loan approved! ₹17998 disbursed to your A/C XXXX6688. EMI ₹2534/month. – SBI,Banking & Finance
Loan approved! ₹17003 disbursed to your A/C XXXX8535. EMI ₹6140/month. – Axis Bank,Banking & Finance
₹6656 credited to your A/C XXXX3603. Available bal ₹22996. – SBI,Banking & Finance
₹1921 credited to your A/C XXXX5948. Available bal ₹45593. – PNB,Banking & Finance
Your OTP for transaction is 688174. Valid for 10 mins. Do not share with anyone. – Kotak Bank,Banking & Finance
₹17146 debited from your A/C XXXX9405 on 17-Oct-25. Avl Bal ₹30247. – Axis Bank,Banking & Finance
₹19240 debited from your A/C XXXX4170 on 23-Oct-25. Avl Bal ₹39651. – PNB,Banking & Finance
₹19115 debited from your A/C XXXX9342 on 14-Oct-25. Avl Bal ₹49597. – ICICI Bank,Banking & Finance
Your credit card bill of ₹18163 due on 26-Oct-25. Pay now to avoid late fees. – HDFC Bank,Banking & Finance
Loan approved! ₹9777 disbursed to your A/C XXXX2738. EMI ₹4673/month. – SBI,Banking & Finance
₹7723 credited to your A/C XXXX2972. Available bal ₹35786. – SBI,Banking & Finance
Loan approved! ₹17699 disbursed to your A/C XXXX5415. EMI ₹6165/month. – Axis Bank,Banking & Finance
Your credit card bill of ₹2989 due on 16-Oct-25. Pay now to avoid late fees. – HDFC Bank,Banking & Finance
Your credit card bill of ₹14189 due on 15-Oct-25. Pay now to avoid late fees. – Kotak Bank,Banking & Finance
₹15595 debited from your A/C XXXX7703 on 23-Oct-25. Avl Bal ₹21711. – SBI,Banking & Finance
Your OTP for transaction is 924413. Valid for 10 mins. Do not share with anyone. – HDFC Bank,Banking & Finance
Loan approved! ₹13818 disbursed to your A/C XXXX5762. EMI ₹7491/month. – HDFC Bank,Banking & Finance
₹17506 debited from your A/C XXXX4161 on 24-Oct-25. Avl Bal ₹46566. – Axis Bank,Banking & Finance
₹2909 debited from your A/C XXXX6316 on 24-Oct-25. Avl Bal ₹18786. – ICICI Bank,Banking & Finance
Your OTP for transaction is 671796. Valid for 10 mins. Do not share with anyone. – HDFC Bank,Banking & Finance
Your OTP for transaction is 327138. Valid for 10 mins. Do not share with anyone. – SBI,Banking & Finance
Your OTP for transaction is 197887. Valid for 10 mins. Do not share with anyone. – PNB,Banking & Finance
Loan approved! ₹356 disbursed to your A/C XXXX7152. EMI ₹6794/month. – Kotak Bank,Banking & Finance
Your credit card bill of ₹9746 due on 25-Oct-25. Pay now to avoid late fees. – Axis Bank,Banking & Finance
Loan approved! ₹16013 disbursed to your A/C XXXX2227. EMI ₹5168/month. – Kotak Bank,Banking & Finance
Your OTP for transaction is 754862. Valid for 10 mins. Do not share with anyone. – PNB,Banking & Finance
Your credit card bill of ₹14732 due on 18-Oct-25. Pay now to avoid late fees. – SBI,Banking & Finance
Your OTP for transaction is 750218. Valid for 10 mins. Do not share with anyone. – SBI,Banking & Finance
Your OTP for transaction is 897453. Valid for 10 mins. Do not share with anyone. – HDFC Bank,Banking & Finance
₹15452 credited to your A/C XXXX4109. Available bal ₹6744. – Kotak Bank,Banking & Finance
Your OTP for transaction is 649748. Valid for 10 mins. Do not share with anyone. – HDFC Bank,Banking & Finance
₹13006 credited to your A/C XXXX3736. Available bal ₹17283. – PNB,Banking & Finance
Loan approved! ₹12046 disbursed to your A/C XXXX6023. EMI ₹3822/month. – HDFC Bank,Banking & Finance
Your credit card bill of ₹12116 due on 23-Oct-25. Pay now to avoid late fees. – Kotak Bank,Banking & Finance
₹18711 credited to your A/C XXXX3262. Available bal ₹28093. – Axis Bank,Banking & Finance
Your OTP for transaction is 165411. Valid for 10 mins. Do not share with anyone. – Kotak Bank,Banking & Finance
₹4958 debited from your A/C XXXX8975 on 23-Oct-25. Avl Bal ₹42389. – PNB,Banking & Finance
Your credit card bill of ₹9742 due on 18-Oct-25. Pay now to avoid late fees. – HDFC Bank,Banking & Finance
₹1527 debited from your A/C XXXX7238 on 16-Oct-25. Avl Bal ₹8789. – ICICI Bank,Banking & Finance
₹9638 credited to your A/C XXXX7443. Available bal ₹1756. – Axis Bank,Banking & Finance
Loan approved! ₹11895 disbursed to your A/C XXXX6194. EMI ₹2811/month. – Axis Bank,Banking & Finance
Your credit card bill of ₹10244 due on 14-Oct-25. Pay now to avoid late fees. – ICICI Bank,Banking & Finance
Your OTP for transaction is 265480. Valid for 10 mins. Do not share with anyone. – PNB,Banking & Finance
₹4920 debited from your A/C XXXX1046 on 10-Oct-25. Avl Bal ₹17119. – Axis Bank,Banking & Finance
₹14030 credited to your A/C XXXX3229. Available bal ₹7506. – Axis Bank,Banking & Finance
₹10173 debited from your A/C XXXX9779 on 11-Oct-25. Avl Bal ₹6748. – Axis Bank,Banking & Finance
₹8425 debited from your A/C XXXX7565 on 16-Oct-25. Avl Bal ₹17883. – Kotak Bank,Banking & Finance
Your OTP for transaction is 944184. Valid for 10 mins. Do not share with anyone. – SBI,Banking & Finance
Your OTP for transaction is 390341. Valid for 10 mins. Do not share with anyone. – Axis Bank,Banking & Finance
Loan approved! ₹19439 disbursed to your A/C XXXX7964. EMI ₹4398/month. – ICICI Bank,Banking & Finance
Your credit card bill of ₹15890 due on 25-Oct-25. Pay now to avoid late fees. – Kotak Bank,Banking & Finance
Your credit card bill of ₹19587 due on 25-Oct-25. Pay now to avoid late fees. – Axis Bank,Banking & Finance
Your credit card bill of ₹6287 due on 27-Oct-25. Pay now to avoid late fees. – HDFC Bank,Banking & Finance
Loan approved! ₹6419 disbursed to your A/C XXXX2978. EMI ₹5117/month. – Axis Bank,Banking & Finance
₹11325 credited to your A/C XXXX1446. Available bal ₹37473. – Axis Bank,Banking & Finance
Your OTP for transaction is 284312. Valid for 10 mins. Do not share with anyone. – SBI,Banking & Finance
₹4220 debited from your A/C XXXX4647 on 20-Oct-25. Avl Bal ₹42988. – PNB,Banking & Finance
Your OTP for transaction is 787122. Valid for 10 mins. Do not share with anyone. – SBI,Banking & Finance
Your OTP for transaction is 222541. Valid for 10 mins. Do not share with anyone. – PNB,Banking & Finance
₹2783 debited from your A/C XXXX5818 on 12-Oct-25. Avl Bal ₹33297. – Axis Bank,Banking & Finance
Your OTP for transaction is 260900. Valid for 10 mins. Do not share with anyone. – SBI,Banking & Finance
₹6781 debited from your A/C XXXX6783 on 22-Oct-25. Avl Bal ₹45100. – ICICI Bank,Banking & Finance
₹11751 debited from your A/C XXXX7340 on 19-Oct-25. Avl Bal ₹19074. – Axis Bank,Banking & Finance
₹11302 debited from your A/C XXXX3762 on 16-Oct-25. Avl Bal ₹16864. – HDFC Bank,Banking & Finance
₹16136 credited to your A/C XXXX2805. Available bal ₹34197. – SBI,Banking & Finance
₹12136 debited from your A/C XXXX9126 on 28-Oct-25. Avl Bal ₹28846. – PNB,Banking & Finance
₹2379 debited from your A/C XXXX7169 on 16-Oct-25. Avl Bal ₹7121. – HDFC Bank,Banking & Finance
Your OTP for transaction is 603247. Valid for 10 mins. Do not share with anyone. – ICICI Bank,Banking & Finance
₹1539 debited from your A/C XXXX1863 on 12-Oct-25. Avl Bal ₹23497. – PNB,Banking & Finance
Your credit card bill of ₹17856 due on 25-Oct-25. Pay now to avoid late fees. – Axis Bank,Banking & Finance
₹5208 debited from your A/C XXXX9801 on 28-Oct-25. Avl Bal ₹42114. – SBI,Banking & Finance
Your credit card bill of ₹4094 due on 11-Oct-25. Pay now to avoid late fees. – Axis Bank,Banking & Finance
₹8220 debited from your A/C XXXX9556 on 20-Oct-25. Avl Bal ₹31716. – PNB,Banking & Finance
₹1165 debited from your A/C XXXX4175 on 15-Oct-25. Avl Bal ₹40259. – ICICI Bank,Banking & Finance
₹9029 debited from your A/C XXXX7197 on 18-Oct-25. Avl Bal ₹37193. – Axis Bank,Banking & Finance
Your OTP for transaction is 480492. Valid for 10 mins. Do not share with anyone. – SBI,Banking & Finance
Your credit card bill of ₹4828 due on 23-Oct-25. Pay now to avoid late fees. – Kotak Bank,Banking & Finance
₹9819 debited from your A/C XXXX8008 on 28-Oct-25. Avl Bal ₹39034. – Kotak Bank,Banking & Finance
Your OTP for transaction is 313767. Valid for 10 mins. Do not share with anyone. – Kotak Bank,Banking & Finance
₹12546 credited to your A/C XXXX1410. Available bal ₹11144. – Axis Bank,Banking & Finance
Loan approved! ₹15198 disbursed to your A/C XXXX6242. EMI ₹4494/month. – ICICI Bank,Banking & Finance
Loan approved! ₹9910 disbursed to your A/C XXXX9400. EMI ₹2041/month. – Kotak Bank,Banking & Finance
Your credit card bill of ₹8634 due on 15-Oct-25. Pay now to avoid late fees. – Kotak Bank,Banking & Finance
₹13956 debited from your A/C XXXX6961 on 19-Oct-25. Avl Bal ₹5811. – PNB,Banking & Finance
Your credit card bill of ₹409 due on 18-Oct-25. Pay now to avoid late fees. – ICICI Bank,Banking & Finance
Loan approved! ₹2636 disbursed to your A/C XXXX5459. EMI ₹7396/month. – SBI,Banking & Finance
Loan approved! ₹14988 disbursed to your A/C XXXX3130. EMI ₹4267/month. – Kotak Bank,Banking & Finance
Your credit card bill of ₹2541 due on 23-Oct-25. Pay now to avoid late fees. – Axis Bank,Banking & Finance
₹12936 debited from your A/C XXXX4735 on 24-Oct-25. Avl Bal ₹10188. – ICICI Bank,Banking & Finance
₹6760 credited to your A/C XXXX3120. Available bal ₹42055. – SBI,Banking & Finance
Your credit card bill of ₹14439 due on 14-Oct-25. Pay now to avoid late fees. – Axis Bank,Banking & Finance
Your OTP for transaction is 633045. Valid for 10 mins. Do not share with anyone. – ICICI Bank,Banking & Finance
Your OTP for transaction is 232160. Valid for 10 mins. Do not share with anyone. – Axis Bank,Banking & Finance
₹19716 credited to your A/C XXXX3678. Available bal ₹21412. – HDFC Bank,Banking & Finance
Loan approved! ₹12921 disbursed to your A/C XXXX6748. EMI ₹2991/month. – Kotak Bank,Banking & Finance
Loan approved! ₹5935 disbursed to your A/C XXXX2836. EMI ₹4474/month. – Axis Bank,Banking & Finance
Loan approved! ₹8259 disbursed to your A/C XXXX7479. EMI ₹5116/month. – SBI,Banking & Finance
₹16400 debited from your A/C XXXX8562 on 24-Oct-25. Avl Bal ₹16229. – SBI,Banking & Finance
Your credit card bill of ₹13437 due on 19-Oct-25. Pay now to avoid late fees. – Kotak Bank,Banking & Finance
Your credit card bill of ₹17968 due on 25-Oct-25. Pay now to avoid late fees. – Axis Bank,Banking & Finance
Your credit card bill of ₹15921 due on 25-Oct-25. Pay now to avoid late fees. – PNB,Banking & Finance
Your credit card bill of ₹17901 due on 21-Oct-25. Pay now to avoid late fees. – SBI,Banking & Finance
Loan approved! ₹2051 disbursed to your A/C XXXX8274. EMI ₹7257/month. – ICICI Bank,Banking & Finance
Loan approved! ₹18380 disbursed to your A/C XXXX4861. EMI ₹2914/month. – SBI,Banking & Finance
Your OTP for transaction is 659048. Valid for 10 mins. Do not share with anyone. – Kotak Bank,Banking & Finance
₹8687 debited from your A/C XXXX1590 on 25-Oct-25. Avl Bal ₹15993. – Kotak Bank,Banking & Finance
₹19973 debited from your A/C XXXX3231 on 10-Oct-25. Avl Bal ₹10250. – Kotak Bank,Banking & Finance
Your credit card bill of ₹10139 due on 26-Oct-25. Pay now to avoid late fees. – SBI,Banking & Finance
₹7779 credited to your A/C XXXX9551. Available bal ₹11086. – Kotak Bank,Banking & Finance
Your credit card bill of ₹18506 due on 26-Oct-25. Pay now to avoid late fees. – Axis Bank,Banking & Finance
₹6209 debited from your A/C XXXX4085 on 26-Oct-25. Avl Bal ₹26068. – Kotak Bank,Banking & Finance
₹18080 credited to your A/C XXXX8610. Available bal ₹12244. – Kotak Bank,Banking & Finance
Loan approved! ₹5937 disbursed to your A/C XXXX5331. EMI ₹7644/month. – Axis Bank,Banking & Finance
Your OTP for transaction is 790081. Valid for 10 mins. Do not share with anyone. – ICICI Bank,Banking & Finance
Your OTP for transaction is 956035. Valid for 10 mins. Do not share with anyone. – HDFC Bank,Banking & Finance
₹16495 debited from your A/C XXXX5288 on 14-Oct-25. Avl Bal ₹38427. – SBI,Banking & Finance
₹3644 debited from your A/C XXXX6001 on 15-Oct-25. Avl Bal ₹26415. – Axis Bank,Banking & Finance
₹7114 credited to your A/C XXXX2591. Available bal ₹17207. – Kotak Bank,Banking & Finance
Loan approved! ₹4666 disbursed to your A/C XXXX3436. EMI ₹7775/month. – SBI,Banking & Finance
Loan approved! ₹8806 disbursed to your A/C XXXX4044. EMI ₹4108/month. – Kotak Bank,Banking & Finance
Your credit card bill of ₹1186 due on 20-Oct-25. Pay now to avoid late fees. – HDFC Bank,Banking & Finance
₹8497 credited to your A/C XXXX5241. Available bal ₹24410. – PNB,Banking & Finance
₹18581 credited to your A/C XXXX1847. Available bal ₹44866. – HDFC Bank,Banking & Finance
₹6680 credited to your A/C XXXX6291. Available bal ₹43829. – ICICI Bank,Banking & Finance
₹9111 debited from your A/C XXXX7669 on 12-Oct-25. Avl Bal ₹3361. – SBI,Banking & Finance
₹4284 debited from your A/C XXXX2698 on 21-Oct-25. Avl Bal ₹8441. – PNB,Banking & Finance
Your credit card bill of ₹11499 due on 19-Oct-25. Pay now to avoid late fees. – PNB,Banking & Finance
Loan approved! ₹5061 disbursed to your A/C XXXX5332. EMI ₹3812/month. – Axis Bank,Banking & Finance
Loan approved! ₹7442 disbursed to your A/C XXXX1408. EMI ₹5780/month. – SBI,Banking & Finance
Your OTP for transaction is 130170. Valid for 10 mins. Do not share with anyone. – ICICI Bank,Banking & Finance
Loan approved! ₹15006 disbursed to your A/C XXXX1864. EMI ₹4601/month. – SBI,Banking & Finance
Loan approved! ₹11371 disbursed to your A/C XXXX8494. EMI ₹4669/month. – ICICI Bank,Banking & Finance
Loan approved! ₹5759 disbursed to your A/C XXXX7706. EMI ₹3171/month. – PNB,Banking & Finance
₹10345 debited from your A/C XXXX2042 on 25-Oct-25. Avl Bal ₹27257. – PNB,Banking & Finance
Your credit card bill of ₹4322 due on 24-Oct-25. Pay now to avoid late fees. – ICICI Bank,Banking & Finance
Your credit card bill of ₹9801 due on 28-Oct-25. Pay now to avoid late fees. – SBI,Banking & Finance
Your OTP for transaction is 974239. Valid for 10 mins. Do not share with anyone. – ICICI Bank,Banking & Finance
₹19230 credited to your A/C XXXX4646. Available bal ₹46584. – HDFC Bank,Banking & Finance
₹14225 credited to your A/C XXXX8737. Available bal ₹36048. – Kotak Bank,Banking & Finance
Your credit card bill of ₹1787 due on 20-Oct-25. Pay now to avoid late fees. – ICICI Bank,Banking & Finance
Loan approved! ₹7854 disbursed to your A/C XXXX8419. EMI ₹4046/month. – Kotak Bank,Banking & Finance
Your credit card bill of ₹1801 due on 23-Oct-25. Pay now to avoid late fees. – PNB,Banking & Finance
₹16237 credited to your A/C XXXX7737. Available bal ₹17104. – HDFC Bank,Banking & Finance
₹16289 debited from your A/C XXXX8715 on 22-Oct-25. Avl Bal ₹44177. – SBI,Banking & Finance
Loan approved! ₹4398 disbursed to your A/C XXXX7664. EMI ₹3783/month. – Axis Bank,Banking & Finance
₹18492 debited from your A/C XXXX5742 on 16-Oct-25. Avl Bal ₹44423. – HDFC Bank,Banking & Finance
Your OTP for transaction is 606458. Valid for 10 mins. Do not share with anyone. – PNB,Banking & Finance
Your OTP for transaction is 361434. Valid for 10 mins. Do not share with anyone. – PNB,Banking & Finance
Your OTP for transaction is 315410. Valid for 10 mins. Do not share with anyone. – HDFC Bank,Banking & Finance
Your OTP for transaction is 450773. Valid for 10 mins. Do not share with anyone. – SBI,Banking & Finance
₹1072 credited to your A/C XXXX3173. Available bal ₹8099. – ICICI Bank,Banking & Finance
₹6840 credited to your A/C XXXX1358. Available bal ₹25711. – Kotak Bank,Banking & Finance
₹2932 credited to your A/C XXXX4445. Available bal ₹30144. – Kotak Bank,Banking & Finance
Your credit card bill of ₹857 due on 10-Oct-25. Pay now to avoid late fees. – ICICI Bank,Banking & Finance
Your OTP for transaction is 567860. Valid for 10 mins. Do not share with anyone. – HDFC Bank,Banking & Finance
₹14093 debited from your A/C XXXX8857 on 16-Oct-25. Avl Bal ₹10825. – Axis Bank,Banking & Finance
Your OTP for transaction is 260740. Valid for 10 mins. Do not share with anyone. – HDFC Bank,Banking & Finance
Your OTP for transaction is 954088. Valid for 10 mins. Do not share with anyone. – Kotak Bank,Banking & Finance
₹3846 debited from your A/C XXXX5268 on 18-Oct-25. Avl Bal ₹47936. – PNB,Banking & Finance
Your OTP for transaction is 220608. Valid for 10 mins. Do not share with anyone. – SBI,Banking & Finance
Your OTP for transaction is 206004. Valid for 10 mins. Do not share with anyone. – ICICI Bank,Banking & Finance
Your OTP for transaction is 550715. Valid for 10 mins. Do not share with anyone. – Axis Bank,Banking & Finance
₹17783 credited to your A/C XXXX9424. Available bal ₹9047. – PNB,Banking & Finance
Your credit card bill of ₹13173 due on 23-Oct-25. Pay now to avoid late fees. – Kotak Bank,Banking & Finance
Loan approved! ₹2011 disbursed to your A/C XXXX9714. EMI ₹3724/month. – Axis Bank,Banking & Finance
₹11532 debited from your A/C XXXX5237 on 12-Oct-25. Avl Bal ₹15018. – SBI,Banking & Finance
₹2336 credited to your A/C XXXX1046. Available bal ₹35881. – PNB,Banking & Finance
Loan approved! ₹4150 disbursed to your A/C XXXX4597. EMI ₹7909/month. – Kotak Bank,Banking & Finance
Your OTP for transaction is 760053. Valid for 10 mins. Do not share with anyone. – ICICI Bank,Banking & Finance
Your credit card bill of ₹10625 due on 27-Oct-25. Pay now to avoid late fees. – Axis Bank,Banking & Finance
₹9127 debited from your A/C XXXX9999 on 27-Oct-25. Avl Bal ₹35231. – ICICI Bank,Banking & Finance
₹17620 credited to your A/C XXXX4897. Available bal ₹9600. – Axis Bank,Banking & Finance
₹5541 credited to your A/C XXXX4654. Available bal ₹31852. – Kotak Bank,Banking & Finance
Your credit card bill of ₹11945 due on 15-Oct-25. Pay now to avoid late fees. – Axis Bank,Banking & Finance
Loan approved! ₹6184 disbursed to your A/C XXXX5415. EMI ₹6940/month. – HDFC Bank,Banking & Finance
Your OTP for transaction is 193523. Valid for 10 mins. Do not share with anyone. – ICICI Bank,Banking & Finance
₹14167 debited from your A/C XXXX7725 on 27-Oct-25. Avl Bal ₹40008. – PNB,Banking & Finance
Loan approved! ₹11714 disbursed to your A/C XXXX1183. EMI ₹4577/month. – HDFC Bank,Banking & Finance
₹9364 debited from your A/C XXXX7127 on 19-Oct-25. Avl Bal ₹19817. – Kotak Bank,Banking & Finance
₹15369 debited from your A/C XXXX8271 on 18-Oct-25. Avl Bal ₹15108. – Axis Bank,Banking & Finance
Your OTP for transaction is 220361. Valid for 10 mins. Do not share with anyone. – Axis Bank,Banking & Finance
Loan approved! ₹3195 disbursed to your A/C XXXX6663. EMI ₹5507/month. – Axis Bank,Banking & Finance
₹591 debited from your A/C XXXX5472 on 13-Oct-25. Avl Bal ₹27948. – SBI,Banking & Finance
Loan approved! ₹17638 disbursed to your A/C XXXX2859. EMI ₹6843/month. – PNB,Banking & Finance
₹7132 credited to your A/C XXXX8436. Available bal ₹14616. – HDFC Bank,Banking & Finance
Loan approved! ₹16365 disbursed to your A/C XXXX1277. EMI ₹5094/month. – HDFC Bank,Banking & Finance
Your OTP for transaction is 493475. Valid for 10 mins. Do not share with anyone. – HDFC Bank,Banking & Finance
Loan approved! ₹19334 disbursed to your A/C XXXX6216. EMI ₹3226/month. – PNB,Banking & Finance
Loan approved! ₹11162 disbursed to your A/C XXXX8896. EMI ₹2918/month. – SBI,Banking & Finance
Your OTP for transaction is 362350. Valid for 10 mins. Do not share with anyone. – ICICI Bank,Banking & Finance
₹7567 debited from your A/C XXXX7982 on 11-Oct-25. Avl Bal ₹32051. – SBI,Banking & Finance
₹1212 debited from your A/C XXXX9240 on 24-Oct-25. Avl Bal ₹48902. – PNB,Banking & Finance
Loan approved! ₹2470 disbursed to your A/C XXXX2876. EMI ₹6820/month. – SBI,Banking & Finance
₹1879 debited from your A/C XXXX1993 on 17-Oct-25. Avl Bal ₹26750. – SBI,Banking & Finance
₹4894 credited to your A/C XXXX1204. Available bal ₹31735. – Axis Bank,Banking & Finance
₹4437 debited from your A/C XXXX2257 on 15-Oct-25. Avl Bal ₹29006. – Axis Bank,Banking & Finance
Loan approved! ₹11342 disbursed to your A/C XXXX5658. EMI ₹3968/month. – Kotak Bank,Banking & Finance
Loan approved! ₹16726 disbursed to your A/C XXXX3828. EMI ₹3678/month. – ICICI Bank,Banking & Finance
Your OTP for transaction is 236190. Valid for 10 mins. Do not share with anyone. – HDFC Bank,Banking & Finance
Your credit card bill of ₹16652 due on 26-Oct-25. Pay now to avoid late fees. – Kotak Bank,Banking & Finance
Your OTP for transaction is 491800. Valid for 10 mins. Do not share with anyone. – HDFC Bank,Banking & Finance
Your credit card bill of ₹16292 due on 12-Oct-25. Pay now to avoid late fees. – SBI,Banking & Finance
₹14837 credited to your A/C XXXX7190. Available bal ₹37262. – PNB,Banking & Finance
Your OTP for transaction is 167191. Valid for 10 mins. Do not share with anyone. – HDFC Bank,Banking & Finance
Your credit card bill of ₹6699 due on 17-Oct-25. Pay now to avoid late fees. – HDFC Bank,Banking & Finance
₹17611 debited from your A/C XXXX7815 on 20-Oct-25. Avl Bal ₹6118. – SBI,Banking & Finance
Loan approved! ₹750 disbursed to your A/C XXXX6625. EMI ₹3408/month. – SBI,Banking & Finance
Your credit card bill of ₹14589 due on 13-Oct-25. Pay now to avoid late fees. – PNB,Banking & Finance
Your OTP for transaction is 115791. Valid for 10 mins. Do not share with anyone. – HDFC Bank,Banking & Finance
₹7364 credited to your A/C XXXX8033. Available bal ₹6672. – HDFC Bank,Banking & Finance
Your OTP for transaction is 407759. Valid for 10 mins. Do not share with anyone. – HDFC Bank,Banking & Finance
₹11143 credited to your A/C XXXX9563. Available bal ₹2754. – Kotak Bank,Banking & Finance
Loan approved! ₹16843 disbursed to your A/C XXXX3851. EMI ₹4804/month. – HDFC Bank,Banking & Finance
Your OTP for transaction is 654457. Valid for 10 mins. Do not share with anyone. – Axis Bank,Banking & Finance
Your OTP for transaction is 972303. Valid for 10 mins. Do not share with anyone. – SBI,Banking & Finance
Loan approved! ₹18878 disbursed to your A/C XXXX4917. EMI ₹7357/month. – ICICI Bank,Banking & Finance
₹5330 debited from your A/C XXXX5606 on 20-Oct-25. Avl Bal ₹48357. – Kotak Bank,Banking & Finance
₹18032 debited from your A/C XXXX4756 on 12-Oct-25. Avl Bal ₹46431. – ICICI Bank,Banking & Finance
Your credit card bill of ₹13717 due on 20-Oct-25. Pay now to avoid late fees. – Axis Bank,Banking & Finance
Your OTP for transaction is 833309. Valid for 10 mins. Do not share with anyone. – ICICI Bank,Banking & Finance
₹13615 debited from your A/C XXXX6959 on 14-Oct-25. Avl Bal ₹39486. – PNB,Banking & Finance
₹13648 credited to your A/C XXXX2859. Available bal ₹48548. – Axis Bank,Banking & Finance
Your OTP for transaction is 691831. Valid for 10 mins. Do not share with anyone. – HDFC Bank,Banking & Finance
Your credit card bill of ₹19126 due on 23-Oct-25. Pay now to avoid late fees. – Kotak Bank,Banking & Finance
₹17744 credited to your A/C XXXX6779. Available bal ₹26937. – ICICI Bank,Banking & Finance
₹6493 credited to your A/C XXXX6196. Available bal ₹15669. – PNB,Banking & Finance
Loan approved! ₹302 disbursed to your A/C XXXX4172. EMI ₹7819/month. – Kotak Bank,Banking & Finance
₹9380 debited from your A/C XXXX1587 on 11-Oct-25. Avl Bal ₹7199. – Kotak Bank,Banking & Finance
₹2323 debited from your A/C XXXX9132 on 27-Oct-25. Avl Bal ₹40880. – ICICI Bank,Banking & Finance
₹16250 debited from your A/C XXXX5851 on 11-Oct-25. Avl Bal ₹7961. – SBI,Banking & Finance
₹6372 credited to your A/C XXXX5085. Available bal ₹6258. – Axis Bank,Banking & Finance
Loan approved! ₹13629 disbursed to your A/C XXXX7683. EMI ₹3600/month. – HDFC Bank,Banking & Finance
Loan approved! ₹8581 disbursed to your A/C XXXX2913. EMI ₹7291/month. – Axis Bank,Banking & Finance
Your OTP for transaction is 855101. Valid for 10 mins. Do not share with anyone. – PNB,Banking & Finance
₹10208 credited to your A/C XXXX8972. Available bal ₹19276. – ICICI Bank,Banking & Finance
Your credit card bill of ₹3800 due on 11-Oct-25. Pay now to avoid late fees. – Kotak Bank,Banking & Finance
Loan approved! ₹16402 disbursed to your A/C XXXX4253. EMI ₹4739/month. – ICICI Bank,Banking & Finance
₹15402 debited from your A/C XXXX6710 on 16-Oct-25. Avl Bal ₹26335. – Kotak Bank,Banking & Finance
₹5706 credited to your A/C XXXX3692. Available bal ₹14697. – SBI,Banking & Finance
₹1312 debited from your A/C XXXX8153 on 16-Oct-25. Avl Bal ₹42993. – SBI,Banking & Finance
Your credit card bill of ₹7282 due on 14-Oct-25. Pay now to avoid late fees. – ICICI Bank,Banking & Finance
₹13059 credited to your A/C XXXX1317. Available bal ₹2683. – HDFC Bank,Banking & Finance
Loan approved! ₹15005 disbursed to your A/C XXXX9345. EMI ₹5374/month. – HDFC Bank,Banking & Finance
Loan approved! ₹12191 disbursed to your A/C XXXX1999. EMI ₹4521/month. – SBI,Banking & Finance
Your credit card bill of ₹6139 due on 17-Oct-25. Pay now to avoid late fees. – SBI,Banking & Finance
Your credit card bill of ₹976 due on 12-Oct-25. Pay now to avoid late fees. – Kotak Bank,Banking & Finance
₹7215 credited to your A/C XXXX4644. Available bal ₹15572. – PNB,Banking & Finance
Your OTP for transaction is 865495. Valid for 10 mins. Do not share with anyone. – PNB,Banking & Finance
Your credit card bill of ₹4761 due on 15-Oct-25. Pay now to avoid late fees. – PNB,Banking & Finance
Your OTP for transaction is 755889. Valid for 10 mins. Do not share with anyone. – PNB,Banking & Finance
Your credit card bill of ₹1665 due on 24-Oct-25. Pay now to avoid late fees. – Kotak Bank,Banking & Finance
₹5634 debited from your A/C XXXX3094 on 15-Oct-25. Avl Bal ₹10525. – PNB,Banking & Finance
₹1368 credited to your A/C XXXX5545. Available bal ₹38529. – SBI,Banking & Finance
Your credit card bill of ₹14353 due on 22-Oct-25. Pay now to avoid late fees. – SBI,Banking & Finance
Your OTP for transaction is 245966. Valid for 10 mins. Do not share with anyone. – Axis Bank,Banking & Finance
Your OTP for transaction is 311523. Valid for 10 mins. Do not share with anyone. – ICICI Bank,Banking & Finance
₹428 credited to your A/C XXXX5219. Available bal ₹23331. – PNB,Banking & Finance
₹793 credited to your A/C XXXX9359. Available bal ₹26080. – PNB,Banking & Finance
₹2173 debited from your A/C XXXX2270 on 15-Oct-25. Avl Bal ₹38080. – HDFC Bank,Banking & Finance
₹3213 credited to your A/C XXXX2925. Available bal ₹29938. – ICICI Bank,Banking & Finance
₹15987 debited from your A/C XXXX4773 on 14-Oct-25. Avl Bal ₹38902. – PNB,Banking & Finance
₹10269 credited to your A/C XXXX4516. Available bal ₹48816. – PNB,Banking & Finance
Your credit card bill of ₹10450 due on 12-Oct-25. Pay now to avoid late fees. – PNB,Banking & Finance
Your credit card bill of ₹15621 due on 16-Oct-25. Pay now to avoid late fees. – SBI,Banking & Finance
₹16777 credited to your A/C XXXX9572. Available bal ₹25967. – HDFC Bank,Banking & Finance
Loan approved! ₹18261 disbursed to your A/C XXXX4658. EMI ₹4334/month. – Kotak Bank,Banking & Finance
Your OTP for transaction is 721015. Valid for 10 mins. Do not share with anyone. – HDFC Bank,Banking & Finance
₹12665 credited to your A/C XXXX9103. Available bal ₹40524. – Axis Bank,Banking & Finance
Your credit card bill of ₹11981 due on 21-Oct-25. Pay now to avoid late fees. – ICICI Bank,Banking & Finance
₹5565 debited from your A/C XXXX8470 on 20-Oct-25. Avl Bal ₹19813. – ICICI Bank,Banking & Finance
Your OTP for transaction is 919009. Valid for 10 mins. Do not share with anyone. – SBI,Banking & Finance
Loan approved! ₹1032 disbursed to your A/C XXXX9078. EMI ₹7396/month. – HDFC Bank,Banking & Finance
Loan approved! ₹14565 disbursed to your A/C XXXX1991. EMI ₹4205/month. – Axis Bank,Banking & Finance
₹4992 debited from your A/C XXXX8379 on 15-Oct-25. Avl Bal ₹14841. – Kotak Bank,Banking & Finance
Loan approved! ₹6605 disbursed to your A/C XXXX1501. EMI ₹2759/month. – PNB,Banking & Finance
₹3547 credited to your A/C XXXX4461. Available bal ₹13388. – HDFC Bank,Banking & Finance
Your OTP for transaction is 238890. Valid for 10 mins. Do not share with anyone. – PNB,Banking & Finance
₹8087 debited from your A/C XXXX8366 on 13-Oct-25. Avl Bal ₹30447. – SBI,Banking & Finance
₹5865 credited to your A/C XXXX8789. Available bal ₹49692. – ICICI Bank,Banking & Finance
₹7998 debited from your A/C XXXX6141 on 27-Oct-25. Avl Bal ₹8325. – PNB,Banking & Finance
Your credit card bill of ₹11252 due on 10-Oct-25. Pay now to avoid late fees. – Kotak Bank,Banking & Finance
₹3190 credited to your A/C XXXX4849. Available bal ₹48792. – HDFC Bank,Banking & Finance
₹9974 credited to your A/C XXXX4060. Available bal ₹49727. – SBI,Banking & Finance
₹17533 debited from your A/C XXXX8305 on 17-Oct-25. Avl Bal ₹24891. – HDFC Bank,Banking & Finance
₹17135 debited from your A/C XXXX1913 on 17-Oct-25. Avl Bal ₹3138. – Axis Bank,Banking & Finance
₹10413 debited from your A/C XXXX3825 on 15-Oct-25. Avl Bal ₹19923. – ICICI Bank,Banking & Finance
Your OTP for transaction is 891072. Valid for 10 mins. Do not share with anyone. – Axis Bank,Banking & Finance
₹118 debited from your A/C XXXX2108 on 12-Oct-25. Avl Bal ₹42333. – Axis Bank,Banking & Finance
Your OTP for transaction is 949037. Valid for 10 mins. Do not share with anyone. – HDFC Bank,Banking & Finance
₹4604 credited to your A/C XXXX7379. Available bal ₹39886. – Axis Bank,Banking & Finance
Your credit card bill of ₹10131 due on 12-Oct-25. Pay now to avoid late fees. – SBI,Banking & Finance
₹8331 credited to your A/C XXXX3242. Available bal ₹11659. – Axis Bank,Banking & Finance
Your credit card bill of ₹12257 due on 23-Oct-25. Pay now to avoid late fees. – PNB,Banking & Finance
₹5455 debited from your A/C XXXX4928 on 21-Oct-25. Avl Bal ₹28652. – ICICI Bank,Banking & Finance
Your credit card bill of ₹18231 due on 10-Oct-25. Pay now to avoid late fees. – SBI,Banking & Finance
Your OTP for transaction is 426698. Valid for 10 mins. Do not share with anyone. – ICICI Bank,Banking & Finance
₹19451 credited to your A/C XXXX6967. Available bal ₹23817. – PNB,Banking & Finance
₹17121 debited from your A/C XXXX4455 on 23-Oct-25. Avl Bal ₹41301. – ICICI Bank,Banking & Finance
Loan approved! ₹2351 disbursed to your A/C XXXX5236. EMI ₹6032/month. – ICICI Bank,Banking & Finance
₹16390 debited from your A/C XXXX4134 on 14-Oct-25. Avl Bal ₹12663. – PNB,Banking & Finance
Your OTP for transaction is 734019. Valid for 10 mins. Do not share with anyone. – Kotak Bank,Banking & Finance
Your OTP for transaction is 410156. Valid for 10 mins. Do not share with anyone. – HDFC Bank,Banking & Finance
Your OTP for transaction is 966502. Valid for 10 mins. Do not share with anyone. – SBI,Banking & Finance
Your OTP for transaction is 146625. Valid for 10 mins. Do not share with anyone. – Axis Bank,Banking & Finance
Loan approved! ₹6180 disbursed to your A/C XXXX3048. EMI ₹6588/month. – PNB,Banking & Finance
₹17077 debited from your A/C XXXX4656 on 12-Oct-25. Avl Bal ₹42086. – Kotak Bank,Banking & Finance
Your OTP for transaction is 524583. Valid for 10 mins. Do not share with anyone. – HDFC Bank,Banking & Finance
Loan approved! ₹11422 disbursed to your A/C XXXX3406. EMI ₹5351/month. – ICICI Bank,Banking & Finance
Loan approved! ₹10406 disbursed to your A/C XXXX8646. EMI ₹7431/month. – SBI,Banking & Finance
Your credit card bill of ₹5205 due on 22-Oct-25. Pay now to avoid late fees. – SBI,Banking & Finance
₹4828 credited to your A/C XXXX3934. Available bal ₹29798. – Axis Bank,Banking & Finance
Your OTP for transaction is 441027. Valid for 10 mins. Do not share with anyone. – SBI,Banking & Finance
Your OTP for transaction is 485179. Valid for 10 mins. Do not share with anyone. – HDFC Bank,Banking & Finance
₹11793 credited to your A/C XXXX6964. Available bal ₹6156. – HDFC Bank,Banking & Finance
Your credit card bill of ₹5289 due on 19-Oct-25. Pay now to avoid late fees. – HDFC Bank,Banking & Finance
₹10752 debited from your A/C XXXX5574 on 20-Oct-25. Avl Bal ₹2213. – SBI,Banking & Finance
Your OTP for transaction is 500826. Valid for 10 mins. Do not share with anyone. – HDFC Bank,Banking & Finance
Loan approved! ₹4227 disbursed to your A/C XXXX6941. EMI ₹2993/month. – Kotak Bank,Banking & Finance
Your credit card bill of ₹16111 due on 25-Oct-25. Pay now to avoid late fees. – ICICI Bank,Banking & Finance
₹12055 debited from your A/C XXXX7087 on 10-Oct-25. Avl Bal ₹31757. – ICICI Bank,Banking & Finance
₹18166 debited from your A/C XXXX6646 on 15-Oct-25. Avl Bal ₹11446. – SBI,Banking & Finance
Your OTP for transaction is 232325. Valid for 10 mins. Do not share with anyone. – Kotak Bank,Banking & Finance
Your OTP for transaction is 527787. Valid for 10 mins. Do not share with anyone. – Axis Bank,Banking & Finance
₹10857 debited from your A/C XXXX4875 on 22-Oct-25. Avl Bal ₹30079. – PNB,Banking & Finance
₹13070 debited from your A/C XXXX3508 on 11-Oct-25. Avl Bal ₹18201. – PNB,Banking & Finance
Loan approved! ₹11262 disbursed to your A/C XXXX7026. EMI ₹4136/month. – Axis Bank,Banking & Finance
Loan approved! ₹803 disbursed to your A/C XXXX6258. EMI ₹4254/month. – Kotak Bank,Banking & Finance
Your credit card bill of ₹10501 due on 14-Oct-25. Pay now to avoid late fees. – ICICI Bank,Banking & Finance
₹11415 debited from your A/C XXXX2436 on 13-Oct-25. Avl Bal ₹12319. – PNB,Banking & Finance
Your credit card bill of ₹6021 due on 13-Oct-25. Pay now to avoid late fees. – HDFC Bank,Banking & Finance
₹10510 debited from your A/C XXXX9943 on 16-Oct-25. Avl Bal ₹20976. – SBI,Banking & Finance
Your OTP for transaction is 591000. Valid for 10 mins. Do not share with anyone. – Axis Bank,Banking & Finance
₹7060 credited to your A/C XXXX9956. Available bal ₹33318. – Kotak Bank,Banking & Finance
₹15152 debited from your A/C XXXX3711 on 23-Oct-25. Avl Bal ₹48314. – PNB,Banking & Finance
Loan approved! ₹10732 disbursed to your A/C XXXX5822. EMI ₹2221/month. – HDFC Bank,Banking & Finance
Your OTP for transaction is 385989. Valid for 10 mins. Do not share with anyone. – Axis Bank,Banking & Finance
Your OTP for transaction is 881757. Valid for 10 mins. Do not share with anyone. – HDFC Bank,Banking & Finance
Loan approved! ₹10549 disbursed to your A/C XXXX3602. EMI ₹3797/month. – ICICI Bank,Banking & Finance
₹12868 debited from your A/C XXXX9424 on 11-Oct-25. Avl Bal ₹37476. – ICICI Bank,Banking & Finance
₹19823 debited from your A/C XXXX5773 on 22-Oct-25. Avl Bal ₹37058. – HDFC Bank,Banking & Finance
₹7396 credited to your A/C XXXX1084. Available bal ₹20740. – ICICI Bank,Banking & Finance
Your OTP for transaction is 221974. Valid for 10 mins. Do not share with anyone. – HDFC Bank,Banking & Finance
Your OTP for transaction is 301836. Valid for 10 mins. Do not share with anyone. – PNB,Banking & Finance
₹5232 debited from your A/C XXXX9221 on 10-Oct-25. Avl Bal ₹32254. – Axis Bank,Banking & Finance
₹6522 debited from your A/C XXXX2381 on 13-Oct-25. Avl Bal ₹39615. – Axis Bank,Banking & Finance
₹473 debited from your A/C XXXX4343 on 25-Oct-25. Avl Bal ₹31384. – ICICI Bank,Banking & Finance
Loan approved! ₹1697 disbursed to your A/C XXXX9598. EMI ₹5766/month. – Kotak Bank,Banking & Finance
Your credit card bill of ₹15777 due on 20-Oct-25. Pay now to avoid late fees. – HDFC Bank,Banking & Finance
Your credit card bill of ₹5743 due on 17-Oct-25. Pay now to avoid late fees. – PNB,Banking & Finance
Loan approved! ₹16320 disbursed to your A/C XXXX7287. EMI ₹7138/month. – SBI,Banking & Finance
Your credit card bill of ₹14973 due on 10-Oct-25. Pay now to avoid late fees. – HDFC Bank,Banking & Finance
Your OTP for transaction is 995403. Valid for 10 mins. Do not share with anyone. – SBI,Banking & Finance
Your credit card bill of ₹3738 due on 28-Oct-25. Pay now to avoid late fees. – HDFC Bank,Banking & Finance
₹19383 debited from your A/C XXXX5410 on 12-Oct-25. Avl Bal ₹7314. – HDFC Bank,Banking & Finance
Your credit card bill of ₹17413 due on 19-Oct-25. Pay now to avoid late fees. – ICICI Bank,Banking & Finance
₹14334 credited to your A/C XXXX7579. Available bal ₹10920. – Axis Bank,Banking & Finance
Your credit card bill of ₹16817 due on 16-Oct-25. Pay now to avoid late fees. – SBI,Banking & Finance
₹18649 credited to your A/C XXXX4243. Available bal ₹33663. – PNB,Banking & Finance
Your OTP for transaction is 763940. Valid for 10 mins. Do not share with anyone. – ICICI Bank,Banking & Finance
₹10072 credited to your A/C XXXX2305. Available bal ₹40962. – Axis Bank,Banking & Finance
Your credit card bill of ₹18527 due on 15-Oct-25. Pay now to avoid late fees. – HDFC Bank,Banking & Finance
Your OTP for transaction is 541967. Valid for 10 mins. Do not share with anyone. – ICICI Bank,Banking & Finance
Your OTP for transaction is 642496. Valid for 10 mins. Do not share with anyone. – ICICI Bank,Banking & Finance
Loan approved! ₹17914 disbursed to your A/C XXXX4313. EMI ₹5910/month. – Kotak Bank,Banking & Finance
₹4972 credited to your A/C XXXX3012. Available bal ₹24156. – ICICI Bank,Banking & Finance
Loan approved! ₹8083 disbursed to your A/C XXXX2433. EMI ₹3318/month. – Axis Bank,Banking & Finance
Your credit card bill of ₹9394 due on 10-Oct-25. Pay now to avoid late fees. – HDFC Bank,Banking & Finance
Loan approved! ₹18212 disbursed to your A/C XXXX6449. EMI ₹3766/month. – Kotak Bank,Banking & Finance
₹18208 credited to your A/C XXXX1226. Available bal ₹21349. – Kotak Bank,Banking & Finance
Loan approved! ₹2853 disbursed to your A/C XXXX5177. EMI ₹7954/month. – HDFC Bank,Banking & Finance
₹2264 credited to your A/C XXXX9653. Available bal ₹2368. – Axis Bank,Banking & Finance
Your OTP for transaction is 930540. Valid for 10 mins. Do not share with anyone. – SBI,Banking & Finance
Loan approved! ₹15797 disbursed to your A/C XXXX9322. EMI ₹4888/month. – ICICI Bank,Banking & Finance
Loan approved! ₹8520 disbursed to your A/C XXXX5545. EMI ₹6605/month. – PNB,Banking & Finance
₹1690 debited from your A/C XXXX4415 on 24-Oct-25. Avl Bal ₹1605. – ICICI Bank,Banking & Finance
Your credit card bill of ₹2323 due on 13-Oct-25. Pay now to avoid late fees. – SBI,Banking & Finance
Your credit card bill of ₹1882 due on 17-Oct-25. Pay now to avoid late fees. – SBI,Banking & Finance
₹9275 debited from your A/C XXXX5867 on 23-Oct-25. Avl Bal ₹39130. – ICICI Bank,Banking & Finance
Your OTP for transaction is 941963. Valid for 10 mins. Do not share with anyone. – ICICI Bank,Banking & Finance
Loan approved! ₹8159 disbursed to your A/C XXXX6624. EMI ₹7126/month. – Kotak Bank,Banking & Finance
Loan approved! ₹4976 disbursed to your A/C XXXX9855. EMI ₹5996/month. – SBI,Banking & Finance
₹13508 credited to your A/C XXXX1933. Available bal ₹38644. – SBI,Banking & Finance
₹18935 debited from your A/C XXXX5874 on 24-Oct-25. Avl Bal ₹45402. – SBI,Banking & Finance
₹15773 credited to your A/C XXXX2039. Available bal ₹12521. – HDFC Bank,Banking & Finance
₹6304 credited to your A/C XXXX8762. Available bal ₹8134. – Kotak Bank,Banking & Finance
Your OTP for transaction is 589863. Valid for 10 mins. Do not share with anyone. – PNB,Banking & Finance
Your credit card bill of ₹5134 due on 25-Oct-25. Pay now to avoid late fees. – ICICI Bank,Banking & Finance
Your credit card bill of ₹3041 due on 16-Oct-25. Pay now to avoid late fees. – Axis Bank,Banking & Finance
Your credit card bill of ₹7708 due on 14-Oct-25. Pay now to avoid late fees. – PNB,Banking & Finance
Your credit card bill of ₹6747 due on 17-Oct-25. Pay now to avoid late fees. – SBI,Banking & Finance
Your OTP for transaction is 591562. Valid for 10 mins. Do not share with anyone. – SBI,Banking & Finance
₹13733 debited from your A/C XXXX3272 on 20-Oct-25. Avl Bal ₹24236. – Kotak Bank,Banking & Finance
Loan approved! ₹11900 disbursed to your A/C XXXX1759. EMI ₹2486/month. – ICICI Bank,Banking & Finance
₹3710 debited from your A/C XXXX5740 on 13-Oct-25. Avl Bal ₹31103. – SBI,Banking & Finance
Loan approved! ₹4075 disbursed to your A/C XXXX3986. EMI ₹4715/month. – ICICI Bank,Banking & Finance
₹11826 credited to your A/C XXXX5103. Available bal ₹31686. – SBI,Banking & Finance
Your credit card bill of ₹17698 due on 15-Oct-25. Pay now to avoid late fees. – HDFC Bank,Banking & Finance
₹8998 debited from your A/C XXXX8819 on 24-Oct-25. Avl Bal ₹28775. – PNB,Banking & Finance
₹17280 debited from your A/C XXXX1932 on 23-Oct-25. Avl Bal ₹49995. – Kotak Bank,Banking & Finance
Loan approved! ₹3335 disbursed to your A/C XXXX9970. EMI ₹6828/month. – ICICI Bank,Banking & Finance
Your OTP for transaction is 337061. Valid for 10 mins. Do not share with anyone. – SBI,Banking & Finance
Your OTP for transaction is 262956. Valid for 10 mins. Do not share with anyone. – PNB,Banking & Finance
Your credit card bill of ₹2541 due on 10-Oct-25. Pay now to avoid late fees. – PNB,Banking & Finance
₹7347 credited to your A/C XXXX7753. Available bal ₹46862. – HDFC Bank,Banking & Finance
Loan approved! ₹19369 disbursed to your A/C XXXX7510. EMI ₹6175/month. – PNB,Banking & Finance
Loan approved! ₹10994 disbursed to your A/C XXXX1298. EMI ₹4336/month. – HDFC Bank,Banking & Finance
Loan approved! ₹9356 disbursed to your A/C XXXX1752. EMI ₹3674/month. – HDFC Bank,Banking & Finance
Your credit card bill of ₹16262 due on 16-Oct-25. Pay now to avoid late fees. – ICICI Bank,Banking & Finance
Loan approved! ₹17705 disbursed to your A/C XXXX4256. EMI ₹5271/month. – ICICI Bank,Banking & Finance
Loan approved! ₹16306 disbursed to your A/C XXXX2614. EMI ₹5334/month. – Axis Bank,Banking & Finance
Your credit card bill of ₹16234 due on 15-Oct-25. Pay now to avoid late fees. – Kotak Bank,Banking & Finance
₹6771 credited to your A/C XXXX1569. Available bal ₹19831. – SBI,Banking & Finance
₹14370 debited from your A/C XXXX2261 on 13-Oct-25. Avl Bal ₹22247. – SBI,Banking & Finance
₹17909 debited from your A/C XXXX9320 on 17-Oct-25. Avl Bal ₹25030. – Axis Bank,Banking & Finance
₹1636 debited from your A/C XXXX9769 on 16-Oct-25. Avl Bal ₹18255. – Axis Bank,Banking & Finance
Your credit card bill of ₹6093 due on 10-Oct-25. Pay now to avoid late fees. – Axis Bank,Banking & Finance
Your OTP for transaction is 878567. Valid for 10 mins. Do not share with anyone. – PNB,Banking & Finance
₹10173 debited from your A/C XXXX9455 on 11-Oct-25. Avl Bal ₹26474. – SBI,Banking & Finance
Loan approved! ₹6298 disbursed to your A/C XXXX8957. EMI ₹4965/month. – PNB,Banking & Finance
Your credit card bill of ₹17728 due on 24-Oct-25. Pay now to avoid late fees. – SBI,Banking & Finance
Your OTP for transaction is 736579. Valid for 10 mins. Do not share with anyone. – Kotak Bank,Banking & Finance
Your OTP for transaction is 487063. Valid for 10 mins. Do not share with anyone. – PNB,Banking & Finance
₹6252 credited to your A/C XXXX6700. Available bal ₹48874. – SBI,Banking & Finance
Your credit card bill of ₹5017 due on 19-Oct-25. Pay now to avoid late fees. – PNB,Banking & Finance
Loan approved! ₹17845 disbursed to your A/C XXXX5435. EMI ₹6608/month. – Kotak Bank,Banking & Finance
Your credit card bill of ₹5338 due on 16-Oct-25. Pay now to avoid late fees. – Kotak Bank,Banking & Finance
Your OTP for transaction is 983264. Valid for 10 mins. Do not share with anyone. – Axis Bank,Banking & Finance
₹6496 debited from your A/C XXXX2216 on 19-Oct-25. Avl Bal ₹39555. – Axis Bank,Banking & Finance
Loan approved! ₹9959 disbursed to your A/C XXXX9501. EMI ₹6173/month. – HDFC Bank,Banking & Finance
₹19911 debited from your A/C XXXX1279 on 21-Oct-25. Avl Bal ₹5031. – Axis Bank,Banking & Finance
₹7681 debited from your A/C XXXX2232 on 21-Oct-25. Avl Bal ₹38673. – PNB,Banking & Finance
₹300 credited to your A/C XXXX6109. Available bal ₹30067. – Kotak Bank,Banking & Finance
Your credit card bill of ₹1196 due on 11-Oct-25. Pay now to avoid late fees. – ICICI Bank,Banking & Finance
₹6787 credited to your A/C XXXX1760. Available bal ₹19493. – ICICI Bank,Banking & Finance
Loan approved! ₹19526 disbursed to your A/C XXXX5773. EMI ₹6656/month. – HDFC Bank,Banking & Finance
Your OTP for transaction is 904632. Valid for 10 mins. Do not share with anyone. – Kotak Bank,Banking & Finance
₹19554 credited to your A/C XXXX7401. Available bal ₹2432. – PNB,Banking & Finance
₹2144 debited from your A/C XXXX6655 on 15-Oct-25. Avl Bal ₹19643. – SBI,Banking & Finance
Your OTP for transaction is 401697. Valid for 10 mins. Do not share with anyone. – ICICI Bank,Banking & Finance
₹10487 credited to your A/C XXXX3554. Available bal ₹46704. – Axis Bank,Banking & Finance
Loan approved! ₹4540 disbursed to your A/C XXXX6120. EMI ₹4679/month. – Axis Bank,Banking & Finance
Your credit card bill of ₹11830 due on 11-Oct-25. Pay now to avoid late fees. – Kotak Bank,Banking & Finance
Your OTP for transaction is 470627. Valid for 10 mins. Do not share with anyone. – Kotak Bank,Banking & Finance
Your OTP for transaction is 631238. Valid for 10 mins. Do not share with anyone. – ICICI Bank,Banking & Finance
Your OTP for transaction is 554324. Valid for 10 mins. Do not share with anyone. – Axis Bank,Banking & Finance
Loan approved! ₹1967 disbursed to your A/C XXXX4363. EMI ₹6773/month. – ICICI Bank,Banking & Finance
Your OTP for transaction is 958226. Valid for 10 mins. Do not share with anyone. – HDFC Bank,Banking & Finance
₹13095 credited to your A/C XXXX6333. Available bal ₹23638. – HDFC Bank,Banking & Finance
Your credit card bill of ₹17529 due on 25-Oct-25. Pay now to avoid late fees. – ICICI Bank,Banking & Finance
Your credit card bill of ₹13383 due on 20-Oct-25. Pay now to avoid late fees. – ICICI Bank,Banking & Finance
Loan approved! ₹1294 disbursed to your A/C XXXX1933. EMI ₹4090/month. – SBI,Banking & Finance
Your credit card bill of ₹15382 due on 18-Oct-25. Pay now to avoid late fees. – Kotak Bank,Banking & Finance
Loan approved! ₹641 disbursed to your A/C XXXX7622. EMI ₹4582/month. – SBI,Banking & Finance
₹1728 debited from your A/C XXXX8770 on 15-Oct-25. Avl Bal ₹5586. – PNB,Banking & Finance
Your credit card bill of ₹7046 due on 23-Oct-25. Pay now to avoid late fees. – PNB,Banking & Finance
Loan approved! ₹12983 disbursed to your A/C XXXX1419. EMI ₹4205/month. – HDFC Bank,Banking & Finance
Your credit card bill of ₹19020 due on 23-Oct-25. Pay now to avoid late fees. – SBI,Banking & Finance
₹2280 credited to your A/C XXXX6140. Available bal ₹47240. – PNB,Banking & Finance
₹5587 debited from your A/C XXXX9019 on 19-Oct-25. Avl Bal ₹42665. – Kotak Bank,Banking & Finance
₹507 credited to your A/C XXXX4320. Available bal ₹16125. – SBI,Banking & Finance
₹8820 credited to your A/C XXXX6227. Available bal ₹19467. – Axis Bank,Banking & Finance
Loan approved! ₹138 disbursed to your A/C XXXX1166. EMI ₹5771/month. – SBI,Banking & Finance
₹6082 credited to your A/C XXXX1184. Available bal ₹18979. – ICICI Bank,Banking & Finance
₹2503 debited from your A/C XXXX5997 on 23-Oct-25. Avl Bal ₹42520. – SBI,Banking & Finance
₹2592 debited from your A/C XXXX2785 on 28-Oct-25. Avl Bal ₹3704. – SBI,Banking & Finance
₹7510 credited to your A/C XXXX3545. Available bal ₹19345. – Axis Bank,Banking & Finance
₹6318 credited to your A/C XXXX3480. Available bal ₹37581. – SBI,Banking & Finance
₹10627 debited from your A/C XXXX9972 on 27-Oct-25. Avl Bal ₹8690. – ICICI Bank,Banking & Finance
₹2367 credited to your A/C XXXX5112. Available bal ₹25723. – SBI,Banking & Finance
Loan approved! ₹6812 disbursed to your A/C XXXX1035. EMI ₹4766/month. – HDFC Bank,Banking & Finance
₹3555 credited to your A/C XXXX5211. Available bal ₹34658. – ICICI Bank,Banking & Finance
Your OTP for transaction is 561276. Valid for 10 mins. Do not share with anyone. – SBI,Banking & Finance
Your OTP for transaction is 478928. Valid for 10 mins. Do not share with anyone. – Kotak Bank,Banking & Finance
₹17590 debited from your A/C XXXX7848 on 10-Oct-25. Avl Bal ₹36623. – Kotak Bank,Banking & Finance
Your OTP for transaction is 405379. Valid for 10 mins. Do not share with anyone. – HDFC Bank,Banking & Finance
₹14429 debited from your A/C XXXX8927 on 11-Oct-25. Avl Bal ₹44244. – HDFC Bank,Banking & Finance
Your credit card bill of ₹9815 due on 12-Oct-25. Pay now to avoid late fees. – Axis Bank,Banking & Finance
Your credit card bill of ₹10011 due on 21-Oct-25. Pay now to avoid late fees. – Kotak Bank,Banking & Finance
Loan approved! ₹12582 disbursed to your A/C XXXX1122. EMI ₹3007/month. – SBI,Banking & Finance
₹18294 debited from your A/C XXXX8876 on 25-Oct-25. Avl Bal ₹2121. – PNB,Banking & Finance
Your OTP for transaction is 583965. Valid for 10 mins. Do not share with anyone. – PNB,Banking & Finance
Your credit card bill of ₹6026 due on 16-Oct-25. Pay now to avoid late fees. – ICICI Bank,Banking & Finance
₹2591 debited from your A/C XXXX7385 on 12-Oct-25. Avl Bal ₹30793. – PNB,Banking & Finance
Loan approved! ₹5615 disbursed to your A/C XXXX4471. EMI ₹5159/month. – PNB,Banking & Finance
₹17282 credited to your A/C XXXX1778. Available bal ₹46578. – PNB,Banking & Finance
₹12267 credited to your A/C XXXX4785. Available bal ₹12810. – ICICI Bank,Banking & Finance
Your credit card bill of ₹12836 due on 10-Oct-25. Pay now to avoid late fees. – Kotak Bank,Banking & Finance
Your credit card bill of ₹15486 due on 23-Oct-25. Pay now to avoid late fees. – Axis Bank,Banking & Finance
₹3498 debited from your A/C XXXX4345 on 20-Oct-25. Avl Bal ₹47170. – ICICI Bank,Banking & Finance
₹14021 debited from your A/C XXXX8989 on 18-Oct-25. Avl Bal ₹3865. – Kotak Bank,Banking & Finance
₹16425 debited from your A/C XXXX3305 on 25-Oct-25. Avl Bal ₹32526. – ICICI Bank,Banking & Finance
Loan approved! ₹15533 disbursed to your A/C XXXX9508. EMI ₹2876/month. – SBI,Banking & Finance
₹2446 credited to your A/C XXXX4220. Available bal ₹35558. – HDFC Bank,Banking & Finance
Your credit card bill of ₹8389 due on 16-Oct-25. Pay now to avoid late fees. – PNB,Banking & Finance
₹930 debited from your A/C XXXX6223 on 16-Oct-25. Avl Bal ₹36802. – ICICI Bank,Banking & Finance
₹5495 debited from your A/C XXXX2228 on 10-Oct-25. Avl Bal ₹34138. – HDFC Bank,Banking & Finance
₹11691 debited from your A/C XXXX2137 on 27-Oct-25. Avl Bal ₹43941. – ICICI Bank,Banking & Finance
₹16990 credited to your A/C XXXX5327. Available bal ₹27688. – Kotak Bank,Banking & Finance
₹6815 credited to your A/C XXXX6027. Available bal ₹49857. – HDFC Bank,Banking & Finance
₹18556 credited to your A/C XXXX3864. Available bal ₹17106. – PNB,Banking & Finance
₹2885 debited from your A/C XXXX4618 on 24-Oct-25. Avl Bal ₹29575. – ICICI Bank,Banking & Finance
Your OTP for transaction is 333407. Valid for 10 mins. Do not share with anyone. – SBI,Banking & Finance
₹13622 debited from your A/C XXXX7530 on 18-Oct-25. Avl Bal ₹5038. – ICICI Bank,Banking & Finance
₹11203 debited from your A/C XXXX2836 on 19-Oct-25. Avl Bal ₹39844. – Kotak Bank,Banking & Finance
Your OTP for transaction is 792336. Valid for 10 mins. Do not share with anyone. – SBI,Banking & Finance
Your OTP for transaction is 852855. Valid for 10 mins. Do not share with anyone. – PNB,Banking & Finance
Your credit card bill of ₹828 due on 16-Oct-25. Pay now to avoid late fees. – Axis Bank,Banking & Finance
Loan approved! ₹14064 disbursed to your A/C XXXX6415. EMI ₹6532/month. – ICICI Bank,Banking & Finance
Loan approved! ₹5058 disbursed to your A/C XXXX8378. EMI ₹3724/month. – Axis Bank,Banking & Finance
₹7515 credited to your A/C XXXX3044. Available bal ₹29936. – SBI,Banking & Finance
₹15266 debited from your A/C XXXX7740 on 15-Oct-25. Avl Bal ₹12520. – Kotak Bank,Banking & Finance
₹17895 credited to your A/C XXXX3593. Available bal ₹26571. – Kotak Bank,Banking & Finance
₹14842 debited from your A/C XXXX3349 on 22-Oct-25. Avl Bal ₹21351. – Axis Bank,Banking & Finance
Your credit card bill of ₹13232 due on 16-Oct-25. Pay now to avoid late fees. – HDFC Bank,Banking & Finance
Your credit card bill of ₹12014 due on 24-Oct-25. Pay now to avoid late fees. – Kotak Bank,Banking & Finance
Your credit card bill of ₹13668 due on 20-Oct-25. Pay now to avoid late fees. – ICICI Bank,Banking & Finance
Your credit card bill of ₹13401 due on 28-Oct-25. Pay now to avoid late fees. – SBI,Banking & Finance
Your credit card bill of ₹4428 due on 20-Oct-25. Pay now to avoid late fees. – ICICI Bank,Banking & Finance
Your OTP for transaction is 640655. Valid for 10 mins. Do not share with anyone. – ICICI Bank,Banking & Finance
₹16590 credited to your A/C XXXX2660. Available bal ₹46714. – HDFC Bank,Banking & Finance
₹518 credited to your A/C XXXX7345. Available bal ₹24972. – ICICI Bank,Banking & Finance
₹1522 credited to your A/C XXXX3832. Available bal ₹30296. – ICICI Bank,Banking & Finance
Your OTP for transaction is 619618. Valid for 10 mins. Do not share with anyone. – Kotak Bank,Banking & Finance
₹11204 credited to your A/C XXXX3575. Available bal ₹37950. – Kotak Bank,Banking & Finance
Loan approved! ₹19521 disbursed to your A/C XXXX4560. EMI ₹7488/month. – HDFC Bank,Banking & Finance
Your credit card bill of ₹5280 due on 24-Oct-25. Pay now to avoid late fees. – Kotak Bank,Banking & Finance
Your OTP for transaction is 266469. Valid for 10 mins. Do not share with anyone. – HDFC Bank,Banking & Finance
Your OTP for transaction is 598677. Valid for 10 mins. Do not share with anyone. – ICICI Bank,Banking & Finance
₹3875 credited to your A/C XXXX7574. Available bal ₹5485. – Axis Bank,Banking & Finance
Loan approved! ₹4618 disbursed to your A/C XXXX5507. EMI ₹5658/month. – SBI,Banking & Finance
Your credit card bill of ₹7797 due on 16-Oct-25. Pay now to avoid late fees. – SBI,Banking & Finance
Your credit card bill of ₹4585 due on 10-Oct-25. Pay now to avoid late fees. – PNB,Banking & Finance
₹6410 credited to your A/C XXXX3355. Available bal ₹11994. – HDFC Bank,Banking & Finance
Your OTP for transaction is 380056. Valid for 10 mins. Do not share with anyone. – SBI,Banking & Finance
₹19897 credited to your A/C XXXX5483. Available bal ₹44060. – SBI,Banking & Finance
Loan approved! ₹18554 disbursed to your A/C XXXX2694. EMI ₹5660/month. – Kotak Bank,Banking & Finance
₹921 debited from your A/C XXXX3022 on 26-Oct-25. Avl Bal ₹18660. – HDFC Bank,Banking & Finance
Your credit card bill of ₹17957 due on 16-Oct-25. Pay now to avoid late fees. – PNB,Banking & Finance
Your OTP for transaction is 681443. Valid for 10 mins. Do not share with anyone. – ICICI Bank,Banking & Finance
Your OTP for transaction is 713456. Valid for 10 mins. Do not share with anyone. – Axis Bank,Banking & Finance
₹1749 credited to your A/C XXXX7727. Available bal ₹38049. – HDFC Bank,Banking & Finance
Your OTP for transaction is 515658. Valid for 10 mins. Do not share with anyone. – HDFC Bank,Banking & Finance
Your OTP for transaction is 506754. Valid for 10 mins. Do not share with anyone. – PNB,Banking & Finance
Your credit card bill of ₹12322 due on 19-Oct-25. Pay now to avoid late fees. – Axis Bank,Banking & Finance
Loan approved! ₹2205 disbursed to your A/C XXXX3605. EMI ₹7097/month. – Axis Bank,Banking & Finance
Your credit card bill of ₹16251 due on 26-Oct-25. Pay now to avoid late fees. – Axis Bank,Banking & Finance
Your credit card bill of ₹6979 due on 22-Oct-25. Pay now to avoid late fees. – Kotak Bank,Banking & Finance
Your OTP for transaction is 414303. Valid for 10 mins. Do not share with anyone. – HDFC Bank,Banking & Finance
Loan approved! ₹942 disbursed to your A/C XXXX6501. EMI ₹7021/month. – ICICI Bank,Banking & Finance
Your credit card bill of ₹13917 due on 26-Oct-25. Pay now to avoid late fees. – SBI,Banking & Finance
₹3917 credited to your A/C XXXX2412. Available bal ₹34989. – Kotak Bank,Banking & Finance
Your credit card bill of ₹16370 due on 11-Oct-25. Pay now to avoid late fees. – HDFC Bank,Banking & Finance
₹1411 credited to your A/C XXXX1875. Available bal ₹25214. – HDFC Bank,Banking & Finance
Your OTP for transaction is 467645. Valid for 10 mins. Do not share with anyone. – Kotak Bank,Banking & Finance
₹4699 debited from your A/C XXXX7558 on 26-Oct-25. Avl Bal ₹24422. – Axis Bank,Banking & Finance
Loan approved! ₹14262 disbursed to your A/C XXXX6681. EMI ₹6595/month. – HDFC Bank,Banking & Finance
₹15786 credited to your A/C XXXX6977. Available bal ₹42864. – SBI,Banking & Finance
Your credit card bill of ₹6556 due on 21-Oct-25. Pay now to avoid late fees. – SBI,Banking & Finance
₹11179 credited to your A/C XXXX9882. Available bal ₹6868. – PNB,Banking & Finance
Your OTP for transaction is 769908. Valid for 10 mins. Do not share with anyone. – HDFC Bank,Banking & Finance
₹6708 debited from your A/C XXXX2932 on 19-Oct-25. Avl Bal ₹24447. – SBI,Banking & Finance
Your OTP for transaction is 178333. Valid for 10 mins. Do not share with anyone. – ICICI Bank,Banking & Finance
₹6927 debited from your A/C XXXX4887 on 23-Oct-25. Avl Bal ₹11522. – PNB,Banking & Finance
₹8289 debited from your A/C XXXX6176 on 10-Oct-25. Avl Bal ₹29771. – ICICI Bank,Banking & Finance
Loan approved! ₹488 disbursed to your A/C XXXX8391. EMI ₹3715/month. – ICICI Bank,Banking & Finance
Loan approved! ₹11172 disbursed to your A/C XXXX7313. EMI ₹3219/month. – PNB,Banking & Finance
Loan approved! ₹8548 disbursed to your A/C XXXX1295. EMI ₹4375/month. – Kotak Bank,Banking & Finance
₹13421 credited to your A/C XXXX7296. Available bal ₹36900. – ICICI Bank,Banking & Finance
Loan approved! ₹9108 disbursed to your A/C XXXX4614. EMI ₹7256/month. – Kotak Bank,Banking & Finance
Your credit card bill of ₹9311 due on 16-Oct-25. Pay now to avoid late fees. – PNB,Banking & Finance
Your OTP for transaction is 791608. Valid for 10 mins. Do not share with anyone. – SBI,Banking & Finance
₹17081 credited to your A/C XXXX7323. Available bal ₹6165. – PNB,Banking & Finance
Your OTP for transaction is 895200. Valid for 10 mins. Do not share with anyone. – Axis Bank,Banking & Finance
₹18132 debited from your A/C XXXX8927 on 20-Oct-25. Avl Bal ₹38356. – HDFC Bank,Banking & Finance
₹18180 credited to your A/C XXXX2511. Available bal ₹19155. – ICICI Bank,Banking & Finance
₹19894 debited from your A/C XXXX5492 on 13-Oct-25. Avl Bal ₹33514. – Kotak Bank,Banking & Finance
₹7691 credited to your A/C XXXX1249. Available bal ₹16060. – Kotak Bank,Banking & Finance
₹4050 credited to your A/C XXXX9140. Available bal ₹2328. – PNB,Banking & Finance
Your OTP for transaction is 498081. Valid for 10 mins. Do not share with anyone. – Kotak Bank,Banking & Finance
₹7019 debited from your A/C XXXX5594 on 25-Oct-25. Avl Bal ₹26755. – Kotak Bank,Banking & Finance
Your OTP for transaction is 884124. Valid for 10 mins. Do not share with anyone. – PNB,Banking & Finance
Loan approved! ₹14546 disbursed to your A/C XXXX2348. EMI ₹3384/month. – PNB,Banking & Finance
₹10747 credited to your A/C XXXX5782. Available bal ₹2877. – Axis Bank,Banking & Finance
Your OTP for transaction is 988729. Valid for 10 mins. Do not share with anyone. – HDFC Bank,Banking & Finance
₹4715 credited to your A/C XXXX4239. Available bal ₹48827. – Axis Bank,Banking & Finance
Loan approved! ₹8324 disbursed to your A/C XXXX2423. EMI ₹3507/month. – ICICI Bank,Banking & Finance
₹2154 debited from your A/C XXXX7337 on 20-Oct-25. Avl Bal ₹2298. – SBI,Banking & Finance
Loan approved! ₹9476 disbursed to your A/C XXXX2753. EMI ₹4596/month. – Axis Bank,Banking & Finance
Your credit card bill of ₹6367 due on 28-Oct-25. Pay now to avoid late fees. – Kotak Bank,Banking & Finance
Your credit card bill of ₹19026 due on 17-Oct-25. Pay now to avoid late fees. – PNB,Banking & Finance
₹1039 debited from your A/C XXXX5700 on 12-Oct-25. Avl Bal ₹35247. – ICICI Bank,Banking & Finance
Your credit card bill of ₹7206 due on 24-Oct-25. Pay now to avoid late fees. – ICICI Bank,Banking & Finance
Your OTP for transaction is 227464. Valid for 10 mins. Do not share with anyone. – SBI,Banking & Finance
Your credit card bill of ₹4381 due on 11-Oct-25. Pay now to avoid late fees. – PNB,Banking & Finance
₹9673 credited to your A/C XXXX7547. Available bal ₹27316. – HDFC Bank,Banking & Finance
₹8401 debited from your A/C XXXX4501 on 10-Oct-25. Avl Bal ₹18895. – ICICI Bank,Banking & Finance
₹14220 debited from your A/C XXXX3153 on 16-Oct-25. Avl Bal ₹31984. – Axis Bank,Banking & Finance
₹2715 debited from your A/C XXXX5241 on 15-Oct-25. Avl Bal ₹11272. – HDFC Bank,Banking & Finance
₹8862 credited to your A/C XXXX9277. Available bal ₹28142. – PNB,Banking & Finance
Your credit card bill of ₹4077 due on 17-Oct-25. Pay now to avoid late fees. – PNB,Banking & Finance
₹7387 credited to your A/C XXXX8633. Available bal ₹29028. – Axis Bank,Banking & Finance
₹12079 credited to your A/C XXXX8376. Available bal ₹31641. – Axis Bank,Banking & Finance
Loan approved! ₹12656 disbursed to your A/C XXXX7092. EMI ₹7406/month. – Kotak Bank,Banking & Finance
Loan approved! ₹13174 disbursed to your A/C XXXX8508. EMI ₹3511/month. – Axis Bank,Banking & Finance
Your OTP for transaction is 340771. Valid for 10 mins. Do not share with anyone. – Kotak Bank,Banking & Finance
₹5260 debited from your A/C XXXX7894 on 21-Oct-25. Avl Bal ₹19690. – ICICI Bank,Banking & Finance
₹19102 debited from your A/C XXXX2718 on 20-Oct-25. Avl Bal ₹39912. – Axis Bank,Banking & Finance
Your credit card bill of ₹8307 due on 15-Oct-25. Pay now to avoid late fees. – SBI,Banking & Finance
₹17155 credited to your A/C XXXX6975. Available bal ₹47445. – PNB,Banking & Finance
₹17637 credited to your A/C XXXX4043. Available bal ₹28104. – Axis Bank,Banking & Finance
₹18441 debited from your A/C XXXX5432 on 11-Oct-25. Avl Bal ₹31914. – Axis Bank,Banking & Finance
Your credit card bill of ₹8417 due on 20-Oct-25. Pay now to avoid late fees. – HDFC Bank,Banking & Finance
₹834 debited from your A/C XXXX2530 on 19-Oct-25. Avl Bal ₹41872. – HDFC Bank,Banking & Finance
₹18510 debited from your A/C XXXX3215 on 22-Oct-25. Avl Bal ₹41051. – HDFC Bank,Banking & Finance
Loan approved! ₹185 disbursed to your A/C XXXX4596. EMI ₹6908/month. – Kotak Bank,Banking & Finance
₹2520 credited to your A/C XXXX4213. Available bal ₹10727. – SBI,Banking & Finance
Your OTP for transaction is 602175. Valid for 10 mins. Do not share with anyone. – SBI,Banking & Finance
Loan approved! ₹13962 disbursed to your A/C XXXX1364. EMI ₹6207/month. – Axis Bank,Banking & Finance
Loan approved! ₹5044 disbursed to your A/C XXXX1107. EMI ₹4348/month. – HDFC Bank,Banking & Finance
Loan approved! ₹3914 disbursed to your A/C XXXX5312. EMI ₹3272/month. – ICICI Bank,Banking & Finance
₹14994 credited to your A/C XXXX9830. Available bal ₹12627. – SBI,Banking & Finance
Your credit card bill of ₹19599 due on 24-Oct-25. Pay now to avoid late fees. – HDFC Bank,Banking & Finance
₹1962 debited from your A/C XXXX4518 on 12-Oct-25. Avl Bal ₹28217. – ICICI Bank,Banking & Finance
₹4268 debited from your A/C XXXX3920 on 20-Oct-25. Avl Bal ₹44894. – SBI,Banking & Finance
Loan approved! ₹756 disbursed to your A/C XXXX9764. EMI ₹6300/month. – ICICI Bank,Banking & Finance
₹9011 debited from your A/C XXXX1378 on 18-Oct-25. Avl Bal ₹40673. – ICICI Bank,Banking & Finance
Your OTP for transaction is 236400. Valid for 10 mins. Do not share with anyone. – Kotak Bank,Banking & Finance
₹13800 debited from your A/C XXXX6356 on 12-Oct-25. Avl Bal ₹6868. – Kotak Bank,Banking & Finance
Your OTP for transaction is 968881. Valid for 10 mins. Do not share with anyone. – HDFC Bank,Banking & Finance
Your OTP for transaction is 378719. Valid for 10 mins. Do not share with anyone. – Axis Bank,Banking & Finance
Loan approved! ₹19489 disbursed to your A/C XXXX2405. EMI ₹2203/month. – Axis Bank,Banking & Finance
Your credit card bill of ₹4034 due on 13-Oct-25. Pay now to avoid late fees. – PNB,Banking & Finance
₹3159 credited to your A/C XXXX5801. Available bal ₹44518. – Kotak Bank,Banking & Finance
Your credit card bill of ₹15930 due on 13-Oct-25. Pay now to avoid late fees. – HDFC Bank,Banking & Finance
Your credit card bill of ₹17193 due on 19-Oct-25. Pay now to avoid late fees. – Kotak Bank,Banking & Finance
Your credit card bill of ₹17660 due on 11-Oct-25. Pay now to avoid late fees. – SBI,Banking & Finance
Your OTP for transaction is 617227. Valid for 10 mins. Do not share with anyone. – Axis Bank,Banking & Finance
Loan approved! ₹16023 disbursed to your A/C XXXX3521. EMI ₹4691/month. – Axis Bank,Banking & Finance
Loan approved! ₹694 disbursed to your A/C XXXX1426. EMI ₹5566/month. – ICICI Bank,Banking & Finance
Loan approved! ₹3413 disbursed to your A/C XXXX9937. EMI ₹7659/month. – SBI,Banking & Finance
₹5185 debited from your A/C XXXX5360 on 20-Oct-25. Avl Bal ₹29461. – Axis Bank,Banking & Finance
Your credit card bill of ₹7890 due on 18-Oct-25. Pay now to avoid late fees. – ICICI Bank,Banking & Finance
Loan approved! ₹5026 disbursed to your A/C XXXX2208. EMI ₹5551/month. – HDFC Bank,Banking & Finance
Loan approved! ₹11058 disbursed to your A/C XXXX8104. EMI ₹2989/month. – HDFC Bank,Banking & Finance
₹8187 debited from your A/C XXXX5410 on 16-Oct-25. Avl Bal ₹27831. – Kotak Bank,Banking & Finance
₹15447 debited from your A/C XXXX2774 on 14-Oct-25. Avl Bal ₹35762. – Axis Bank,Banking & Finance
₹2546 debited from your A/C XXXX9439 on 24-Oct-25. Avl Bal ₹26586. – SBI,Banking & Finance
Your OTP for transaction is 595180. Valid for 10 mins. Do not share with anyone. – SBI,Banking & Finance
Loan approved! ₹5111 disbursed to your A/C XXXX3305. EMI ₹5912/month. – PNB,Banking & Finance
Your credit card bill of ₹15047 due on 19-Oct-25. Pay now to avoid late fees. – HDFC Bank,Banking & Finance
₹6094 debited from your A/C XXXX8474 on 20-Oct-25. Avl Bal ₹25117. – SBI,Banking & Finance
Your OTP for transaction is 157732. Valid for 10 mins. Do not share with anyone. – Axis Bank,Banking & Finance
Your credit card bill of ₹9009 due on 15-Oct-25. Pay now to avoid late fees. – SBI,Banking & Finance
Loan approved! ₹8045 disbursed to your A/C XXXX8623. EMI ₹6788/month. – ICICI Bank,Banking & Finance
Your OTP for transaction is 599698. Valid for 10 mins. Do not share with anyone. – Axis Bank,Banking & Finance
Your credit card bill of ₹5172 due on 16-Oct-25. Pay now to avoid late fees. – Kotak Bank,Banking & Finance
Your credit card bill of ₹15807 due on 14-Oct-25. Pay now to avoid late fees. – HDFC Bank,Banking & Finance
Your OTP for transaction is 210401. Valid for 10 mins. Do not share with anyone. – HDFC Bank,Banking & Finance
Your credit card bill of ₹6226 due on 17-Oct-25. Pay now to avoid late fees. – ICICI Bank,Banking & Finance
₹6946 credited to your A/C XXXX3074. Available bal ₹42841. – SBI,Banking & Finance
₹4049 debited from your A/C XXXX2446 on 26-Oct-25. Avl Bal ₹43669. – SBI,Banking & Finance
Your credit card bill of ₹5391 due on 19-Oct-25. Pay now to avoid late fees. – SBI,Banking & Finance
₹18975 debited from your A/C XXXX6459 on 28-Oct-25. Avl Bal ₹10613. – HDFC Bank,Banking & Finance
Your OTP for transaction is 702418. Valid for 10 mins. Do not share with anyone. – Axis Bank,Banking & Finance
Your credit card bill of ₹16534 due on 11-Oct-25. Pay now to avoid late fees. – HDFC Bank,Banking & Finance
Loan approved! ₹13719 disbursed to your A/C XXXX6906. EMI ₹5443/month. – SBI,Banking & Finance
Your OTP for transaction is 197712. Valid for 10 mins. Do not share with anyone. – ICICI Bank,Banking & Finance
₹14988 credited to your A/C XXXX2326. Available bal ₹40346. – Axis Bank,Banking & Finance
Your OTP for transaction is 444087. Valid for 10 mins. Do not share with anyone. – Kotak Bank,Banking & Finance
₹2982 debited from your A/C XXXX3511 on 12-Oct-25. Avl Bal ₹14557. – SBI,Banking & Finance
₹18648 credited to your A/C XXXX5424. Available bal ₹45329. – PNB,Banking & Finance
₹1952 debited from your A/C XXXX5299 on 20-Oct-25. Avl Bal ₹33733. – Axis Bank,Banking & Finance
₹7648 debited from your A/C XXXX5754 on 16-Oct-25. Avl Bal ₹8083. – PNB,Banking & Finance
Your OTP for transaction is 367415. Valid for 10 mins. Do not share with anyone. – Kotak Bank,Banking & Finance
Your credit card bill of ₹2899 due on 24-Oct-25. Pay now to avoid late fees. – Axis Bank,Banking & Finance
₹9347 credited to your A/C XXXX3841. Available bal ₹42226. – ICICI Bank,Banking & Finance
₹1076 debited from your A/C XXXX7799 on 20-Oct-25. Avl Bal ₹15292. – Axis Bank,Banking & Finance
Your OTP for transaction is 652512. Valid for 10 mins. Do not share with anyone. – ICICI Bank,Banking & Finance
₹9271 credited to your A/C XXXX1908. Available bal ₹32323. – SBI,Banking & Finance
Loan approved! ₹17440 disbursed to your A/C XXXX7647. EMI ₹2307/month. – HDFC Bank,Banking & Finance
Loan approved! ₹5461 disbursed to your A/C XXXX7340. EMI ₹3788/month. – Axis Bank,Banking & Finance
Your credit card bill of ₹1840 due on 22-Oct-25. Pay now to avoid late fees. – HDFC Bank,Banking & Finance
Your OTP for transaction is 986728. Valid for 10 mins. Do not share with anyone. – ICICI Bank,Banking & Finance
Your credit card bill of ₹19307 due on 22-Oct-25. Pay now to avoid late fees. – Axis Bank,Banking & Finance
Loan approved! ₹811 disbursed to your A/C XXXX3376. EMI ₹3951/month. – HDFC Bank,Banking & Finance
Loan approved! ₹1777 disbursed to your A/C XXXX7908. EMI ₹3451/month. – SBI,Banking & Finance
Your credit card bill of ₹8837 due on 15-Oct-25. Pay now to avoid late fees. – SBI,Banking & Finance
₹18106 debited from your A/C XXXX6247 on 11-Oct-25. Avl Bal ₹43488. – Kotak Bank,Banking & Finance
Loan approved! ₹3863 disbursed to your A/C XXXX7105. EMI ₹6121/month. – HDFC Bank,Banking & Finance
₹13905 debited from your A/C XXXX5498 on 19-Oct-25. Avl Bal ₹26345. – SBI,Banking & Finance
₹5303 debited from your A/C XXXX8515 on 17-Oct-25. Avl Bal ₹44277. – ICICI Bank,Banking & Finance
Your credit card bill of ₹8679 due on 20-Oct-25. Pay now to avoid late fees. – Kotak Bank,Banking & Finance
₹477 credited to your A/C XXXX5616. Available bal ₹4510. – Axis Bank,Banking & Finance
₹8935 credited to your A/C XXXX6948. Available bal ₹33373. – PNB,Banking & Finance
Your credit card bill of ₹2934 due on 23-Oct-25. Pay now to avoid late fees. – Axis Bank,Banking & Finance
Your credit card bill of ₹2986 due on 24-Oct-25. Pay now to avoid late fees. – HDFC Bank,Banking & Finance
₹6617 credited to your A/C XXXX5859. Available bal ₹38998. – HDFC Bank,Banking & Finance
₹16470 debited from your A/C XXXX4650 on 15-Oct-25. Avl Bal ₹46244. – HDFC Bank,Banking & Finance
₹4937 debited from your A/C XXXX6093 on 22-Oct-25. Avl Bal ₹21936. – SBI,Banking & Finance
Your credit card bill of ₹15443 due on 10-Oct-25. Pay now to avoid late fees. – ICICI Bank,Banking & Finance
₹4248 debited from your A/C XXXX5251 on 27-Oct-25. Avl Bal ₹44612. – HDFC Bank,Banking & Finance
Loan approved! ₹19912 disbursed to your A/C XXXX4840. EMI ₹5026/month. – Axis Bank,Banking & Finance
Loan approved! ₹13212 disbursed to your A/C XXXX4298. EMI ₹3947/month. – SBI,Banking & Finance
Loan approved! ₹11727 disbursed to your A/C XXXX7104. EMI ₹4878/month. – SBI,Banking & Finance
₹4942 debited from your A/C XXXX2874 on 11-Oct-25. Avl Bal ₹28750. – ICICI Bank,Banking & Finance
Loan approved! ₹7099 disbursed to your A/C XXXX9807. EMI ₹4474/month. – HDFC Bank,Banking & Finance
Your OTP for transaction is 704735. Valid for 10 mins. Do not share with anyone. – Axis Bank,Banking & Finance
₹15388 credited to your A/C XXXX2024. Available bal ₹35791. – HDFC Bank,Banking & Finance
Your OTP for transaction is 532188. Valid for 10 mins. Do not share with anyone. – SBI,Banking & Finance
Your credit card bill of ₹3973 due on 26-Oct-25. Pay now to avoid late fees. – PNB,Banking & Finance
₹14112 debited from your A/C XXXX6859 on 19-Oct-25. Avl Bal ₹11722. – HDFC Bank,Banking & Finance
₹8021 credited to your A/C XXXX2473. Available bal ₹17199. – SBI,Banking & Finance
₹18567 debited from your A/C XXXX4461 on 11-Oct-25. Avl Bal ₹13800. – SBI,Banking & Finance
Your credit card bill of ₹10951 due on 15-Oct-25. Pay now to avoid late fees. – SBI,Banking & Finance
Your OTP for transaction is 806432. Valid for 10 mins. Do not share with anyone. – PNB,Banking & Finance
Your credit card bill of ₹18259 due on 23-Oct-25. Pay now to avoid late fees. – HDFC Bank,Banking & Finance
Your credit card bill of ₹5015 due on 17-Oct-25. Pay now to avoid late fees. – Axis Bank,Banking & Finance
Loan approved! ₹6073 disbursed to your A/C XXXX7063. EMI ₹4698/month. – ICICI Bank,Banking & Finance
₹2811 credited to your A/C XXXX6922. Available bal ₹10043. – Axis Bank,Banking & Finance
Loan approved! ₹8451 disbursed to your A/C XXXX4900. EMI ₹4314/month. – PNB,Banking & Finance
₹8938 credited to your A/C XXXX7167. Available bal ₹45878. – Axis Bank,Banking & Finance
₹13072 credited to your A/C XXXX6465. Available bal ₹36790. – HDFC Bank,Banking & Finance
Your OTP for transaction is 888737. Valid for 10 mins. Do not share with anyone. – Axis Bank,Banking & Finance
Your credit card bill of ₹15839 due on 20-Oct-25. Pay now to avoid late fees. – ICICI Bank,Banking & Finance
₹4323 debited from your A/C XXXX5508 on 13-Oct-25. Avl Bal ₹6893. – ICICI Bank,Banking & Finance
Your credit card bill of ₹10535 due on 12-Oct-25. Pay now to avoid late fees. – HDFC Bank,Banking & Finance
Loan approved! ₹6663 disbursed to your A/C XXXX7277. EMI ₹6186/month. – ICICI Bank,Banking & Finance
Loan approved! ₹12924 disbursed to your A/C XXXX3334. EMI ₹4970/month. – HDFC Bank,Banking & Finance
Loan approved! ₹19803 disbursed to your A/C XXXX3163. EMI ₹5598/month. – Axis Bank,Banking & Finance
Your OTP for transaction is 552588. Valid for 10 mins. Do not share with anyone. – Axis Bank,Banking & Finance
₹17285 credited to your A/C XXXX7172. Available bal ₹2790. – Axis Bank,Banking & Finance
₹10873 credited to your A/C XXXX3287. Available bal ₹13916. – SBI,Banking & Finance
Loan approved! ₹14066 disbursed to your A/C XXXX9587. EMI ₹6440/month. – SBI,Banking & Finance
₹10349 debited from your A/C XXXX5037 on 26-Oct-25. Avl Bal ₹40328. – PNB,Banking & Finance
Loan approved! ₹3681 disbursed to your A/C XXXX5530. EMI ₹5737/month. – Kotak Bank,Banking & Finance
₹3277 credited to your A/C XXXX9583. Available bal ₹32644. – Axis Bank,Banking & Finance
Your OTP for transaction is 306908. Valid for 10 mins. Do not share with anyone. – Axis Bank,Banking & Finance
Your credit card bill of ₹7964 due on 20-Oct-25. Pay now to avoid late fees. – ICICI Bank,Banking & Finance
Your credit card bill of ₹17824 due on 28-Oct-25. Pay now to avoid late fees. – HDFC Bank,Banking & Finance
₹14438 debited from your A/C XXXX7120 on 22-Oct-25. Avl Bal ₹26734. – PNB,Banking & Finance
Loan approved! ₹634 disbursed to your A/C XXXX9089. EMI ₹5165/month. – Kotak Bank,Banking & Finance
Your OTP for transaction is 745562. Valid for 10 mins. Do not share with anyone. – ICICI Bank,Banking & Finance
Loan approved! ₹2409 disbursed to your A/C XXXX7368. EMI ₹2174/month. – Kotak Bank,Banking & Finance
Your credit card bill of ₹17537 due on 15-Oct-25. Pay now to avoid late fees. – SBI,Banking & Finance
Your OTP for transaction is 647874. Valid for 10 mins. Do not share with anyone. – HDFC Bank,Banking & Finance
₹15013 credited to your A/C XXXX3116. Available bal ₹29391. – PNB,Banking & Finance
Your credit card bill of ₹15072 due on 27-Oct-25. Pay now to avoid late fees. – PNB,Banking & Finance
₹6284 debited from your A/C XXXX1689 on 15-Oct-25. Avl Bal ₹38603. – ICICI Bank,Banking & Finance
₹2137 debited from your A/C XXXX3241 on 15-Oct-25. Avl Bal ₹38341. – PNB,Banking & Finance
Your OTP for transaction is 771108. Valid for 10 mins. Do not share with anyone. – ICICI Bank,Banking & Finance
Your OTP for transaction is 122049. Valid for 10 mins. Do not share with anyone. – Axis Bank,Banking & Finance
Loan approved! ₹4952 disbursed to your A/C XXXX5757. EMI ₹3563/month. – Kotak Bank,Banking & Finance
Your OTP for transaction is 508235. Valid for 10 mins. Do not share with anyone. – HDFC Bank,Banking & Finance
Your credit card bill of ₹17214 due on 11-Oct-25. Pay now to avoid late fees. – ICICI Bank,Banking & Finance
Your OTP for transaction is 543011. Valid for 10 mins. Do not share with anyone. – Axis Bank,Banking & Finance
Your credit card bill of ₹14543 due on 26-Oct-25. Pay now to avoid late fees. – ICICI Bank,Banking & Finance
₹16895 debited from your A/C XXXX4963 on 28-Oct-25. Avl Bal ₹49747. – Axis Bank,Banking & Finance
Loan approved! ₹19235 disbursed to your A/C XXXX4902. EMI ₹6878/month. – ICICI Bank,Banking & Finance
Loan approved! ₹19777 disbursed to your A/C XXXX3861. EMI ₹2762/month. – HDFC Bank,Banking & Finance
Loan approved! ₹19259 disbursed to your A/C XXXX9114. EMI ₹3455/month. – SBI,Banking & Finance
Your credit card bill of ₹4572 due on 22-Oct-25. Pay now to avoid late fees. – Kotak Bank,Banking & Finance
₹1528 debited from your A/C XXXX9071 on 25-Oct-25. Avl Bal ₹6378. – ICICI Bank,Banking & Finance
Loan approved! ₹10830 disbursed to your A/C XXXX6379. EMI ₹4641/month. – SBI,Banking & Finance
Your credit card bill of ₹8366 due on 15-Oct-25. Pay now to avoid late fees. – HDFC Bank,Banking & Finance
Your OTP for transaction is 623517. Valid for 10 mins. Do not share with anyone. – HDFC Bank,Banking & Finance
Loan approved! ₹10893 disbursed to your A/C XXXX4605. EMI ₹4253/month. – Axis Bank,Banking & Finance
Loan approved! ₹15109 disbursed to your A/C XXXX3903. EMI ₹4321/month. – Axis Bank,Banking & Finance
₹16002 debited from your A/C XXXX3875 on 21-Oct-25. Avl Bal ₹1498. – HDFC Bank,Banking & Finance
Your credit card bill of ₹15540 due on 24-Oct-25. Pay now to avoid late fees. – HDFC Bank,Banking & Finance
₹10683 credited to your A/C XXXX3466. Available bal ₹8997. – Axis Bank,Banking & Finance
Your OTP for transaction is 572615. Valid for 10 mins. Do not share with anyone. – PNB,Banking & Finance
₹15071 credited to your A/C XXXX1249. Available bal ₹19108. – Kotak Bank,Banking & Finance
Your OTP for transaction is 342667. Valid for 10 mins. Do not share with anyone. – ICICI Bank,Banking & Finance
Your OTP for transaction is 781333. Valid for 10 mins. Do not share with anyone. – PNB,Banking & Finance
Loan approved! ₹19831 disbursed to your A/C XXXX5639. EMI ₹3665/month. – Axis Bank,Banking & Finance
Your OTP for transaction is 348852. Valid for 10 mins. Do not share with anyone. – Kotak Bank,Banking & Finance
₹11065 credited to your A/C XXXX9148. Available bal ₹47941. – Axis Bank,Banking & Finance
₹5657 debited from your A/C XXXX4229 on 11-Oct-25. Avl Bal ₹2521. – SBI,Banking & Finance
Loan approved! ₹1822 disbursed to your A/C XXXX1624. EMI ₹5848/month. – PNB,Banking & Finance
Your credit card bill of ₹18851 due on 11-Oct-25. Pay now to avoid late fees. – PNB,Banking & Finance
Loan approved! ₹17019 disbursed to your A/C XXXX5393. EMI ₹6862/month. – PNB,Banking & Finance
Your OTP for transaction is 462116. Valid for 10 mins. Do not share with anyone. – HDFC Bank,Banking & Finance
₹3608 credited to your A/C XXXX7384. Available bal ₹23163. – Kotak Bank,Banking & Finance
Loan approved! ₹17518 disbursed to your A/C XXXX7555. EMI ₹7052/month. – Axis Bank,Banking & Finance
Your credit card bill of ₹19689 due on 26-Oct-25. Pay now to avoid late fees. – PNB,Banking & Finance
Your OTP for transaction is 285403. Valid for 10 mins. Do not share with anyone. – HDFC Bank,Banking & Finance
Your credit card bill of ₹12201 due on 21-Oct-25. Pay now to avoid late fees. – HDFC Bank,Banking & Finance
Your OTP for transaction is 573920. Valid for 10 mins. Do not share with anyone. – PNB,Banking & Finance
₹6164 debited from your A/C XXXX8590 on 26-Oct-25. Avl Bal ₹43464. – ICICI Bank,Banking & Finance
Loan approved! ₹3316 disbursed to your A/C XXXX9718. EMI ₹3967/month. – ICICI Bank,Banking & Finance
Your credit card bill of ₹668 due on 10-Oct-25. Pay now to avoid late fees. – HDFC Bank,Banking & Finance
₹15649 debited from your A/C XXXX3068 on 20-Oct-25. Avl Bal ₹6787. – ICICI Bank,Banking & Finance
₹2382 debited from your A/C XXXX2532 on 22-Oct-25. Avl Bal ₹44961. – PNB,Banking & Finance
₹1746 credited to your A/C XXXX9367. Available bal ₹8031. – SBI,Banking & Finance
Your credit card bill of ₹5446 due on 14-Oct-25. Pay now to avoid late fees. – SBI,Banking & Finance
Your credit card bill of ₹12704 due on 11-Oct-25. Pay now to avoid late fees. – ICICI Bank,Banking & Finance
₹15862 credited to your A/C XXXX9233. Available bal ₹49292. – SBI,Banking & Finance
₹5941 credited to your A/C XXXX5550. Available bal ₹28869. – Kotak Bank,Banking & Finance
Loan approved! ₹7597 disbursed to your A/C XXXX9366. EMI ₹7429/month. – SBI,Banking & Finance
₹12493 credited to your A/C XXXX7763. Available bal ₹47368. – Kotak Bank,Banking & Finance
₹10408 credited to your A/C XXXX8972. Available bal ₹31099. – Axis Bank,Banking & Finance
Your credit card bill of ₹17786 due on 10-Oct-25. Pay now to avoid late fees. – Kotak Bank,Banking & Finance
₹11816 debited from your A/C XXXX2657 on 20-Oct-25. Avl Bal ₹31384. – ICICI Bank,Banking & Finance
₹16026 debited from your A/C XXXX7211 on 15-Oct-25. Avl Bal ₹26359. – HDFC Bank,Banking & Finance
Your OTP for transaction is 780395. Valid for 10 mins. Do not share with anyone. – Axis Bank,Banking & Finance
Your OTP for transaction is 858583. Valid for 10 mins. Do not share with anyone. – Kotak Bank,Banking & Finance
Loan approved! ₹11457 disbursed to your A/C XXXX8630. EMI ₹2357/month. – Axis Bank,Banking & Finance
Loan approved! ₹5408 disbursed to your A/C XXXX5513. EMI ₹7540/month. – PNB,Banking & Finance
Your credit card bill of ₹3794 due on 21-Oct-25. Pay now to avoid late fees. – SBI,Banking & Finance
₹14544 debited from your A/C XXXX4961 on 11-Oct-25. Avl Bal ₹36711. – HDFC Bank,Banking & Finance
Loan approved! ₹11349 disbursed to your A/C XXXX9433. EMI ₹7026/month. – Kotak Bank,Banking & Finance
Loan approved! ₹18239 disbursed to your A/C XXXX3286. EMI ₹4714/month. – SBI,Banking & Finance
₹15151 debited from your A/C XXXX9451 on 16-Oct-25. Avl Bal ₹28008. – ICICI Bank,Banking & Finance
Your OTP for transaction is 226144. Valid for 10 mins. Do not share with anyone. – SBI,Banking & Finance
Your OTP for transaction is 400620. Valid for 10 mins. Do not share with anyone. – HDFC Bank,Banking & Finance
₹8725 debited from your A/C XXXX3728 on 19-Oct-25. Avl Bal ₹32681. – PNB,Banking & Finance
₹14457 credited to your A/C XXXX8319. Available bal ₹8600. – SBI,Banking & Finance
Loan approved! ₹5734 disbursed to your A/C XXXX4385. EMI ₹4570/month. – Axis Bank,Banking & Finance
₹18880 credited to your A/C XXXX1352. Available bal ₹36683. – PNB,Banking & Finance
Loan approved! ₹1725 disbursed to your A/C XXXX4687. EMI ₹7907/month. – PNB,Banking & Finance
Your credit card bill of ₹5131 due on 19-Oct-25. Pay now to avoid late fees. – PNB,Banking & Finance
₹8365 credited to your A/C XXXX9986. Available bal ₹16101. – Kotak Bank,Banking & Finance
Your OTP for transaction is 986242. Valid for 10 mins. Do not share with anyone. – Axis Bank,Banking & Finance
₹7068 credited to your A/C XXXX3513. Available bal ₹45531. – SBI,Banking & Finance
₹7792 credited to your A/C XXXX9500. Available bal ₹43678. – HDFC Bank,Banking & Finance
Your credit card bill of ₹10717 due on 26-Oct-25. Pay now to avoid late fees. – HDFC Bank,Banking & Finance
Loan approved! ₹10271 disbursed to your A/C XXXX9580. EMI ₹4154/month. – SBI,Banking & Finance
Your OTP for transaction is 168232. Valid for 10 mins. Do not share with anyone. – ICICI Bank,Banking & Finance
Your OTP for transaction is 155702. Valid for 10 mins. Do not share with anyone. – Axis Bank,Banking & Finance
Your credit card bill of ₹5271 due on 21-Oct-25. Pay now to avoid late fees. – Axis Bank,Banking & Finance
₹8450 credited to your A/C XXXX3510. Available bal ₹29655. – PNB,Banking & Finance
₹182 debited from your A/C XXXX8002 on 27-Oct-25. Avl Bal ₹9091. – Axis Bank,Banking & Finance
Your credit card bill of ₹3428 due on 11-Oct-25. Pay now to avoid late fees. – ICICI Bank,Banking & Finance
Your credit card bill of ₹11236 due on 21-Oct-25. Pay now to avoid late fees. – PNB,Banking & Finance
₹13100 debited from your A/C XXXX8689 on 24-Oct-25. Avl Bal ₹24461. – HDFC Bank,Banking & Finance
₹4555 credited to your A/C XXXX3137. Available bal ₹47408. – ICICI Bank,Banking & Finance
Loan approved! ₹16190 disbursed to your A/C XXXX6898. EMI ₹2406/month. – Kotak Bank,Banking & Finance
Your credit card bill of ₹1463 due on 23-Oct-25. Pay now to avoid late fees. – HDFC Bank,Banking & Finance
Loan approved! ₹14917 disbursed to your A/C XXXX5824. EMI ₹4409/month. – PNB,Banking & Finance
Your OTP for transaction is 135364. Valid for 10 mins. Do not share with anyone. – ICICI Bank,Banking & Finance
₹7351 debited from your A/C XXXX5339 on 17-Oct-25. Avl Bal ₹31517. – ICICI Bank,Banking & Finance
Your OTP for transaction is 420430. Valid for 10 mins. Do not share with anyone. – SBI,Banking & Finance
Loan approved! ₹10349 disbursed to your A/C XXXX2601. EMI ₹6872/month. – ICICI Bank,Banking & Finance
₹8904 debited from your A/C XXXX1385 on 21-Oct-25. Avl Bal ₹15158. – SBI,Banking & Finance
Your credit card bill of ₹19669 due on 17-Oct-25. Pay now to avoid late fees. – HDFC Bank,Banking & Finance
Loan approved! ₹15172 disbursed to your A/C XXXX8017. EMI ₹7674/month. – ICICI Bank,Banking & Finance
Your credit card bill of ₹4935 due on 24-Oct-25. Pay now to avoid late fees. – SBI,Banking & Finance
Your OTP for transaction is 636766. Valid for 10 mins. Do not share with anyone. – Axis Bank,Banking & Finance
Loan approved! ₹6711 disbursed to your A/C XXXX5777. EMI ₹6815/month. – PNB,Banking & Finance
₹4990 credited to your A/C XXXX7518. Available bal ₹1249. – Kotak Bank,Banking & Finance
₹6203 debited from your A/C XXXX5720 on 17-Oct-25. Avl Bal ₹21158. – ICICI Bank,Banking & Finance
Your OTP for transaction is 294854. Valid for 10 mins. Do not share with anyone. – ICICI Bank,Banking & Finance
Your OTP for transaction is 130699. Valid for 10 mins. Do not share with anyone. – Kotak Bank,Banking & Finance
₹17472 credited to your A/C XXXX7135. Available bal ₹20160. – Kotak Bank,Banking & Finance
Your credit card bill of ₹8525 due on 17-Oct-25. Pay now to avoid late fees. – Axis Bank,Banking & Finance
Your OTP for transaction is 760809. Valid for 10 mins. Do not share with anyone. – SBI,Banking & Finance
Your credit card bill of ₹13089 due on 13-Oct-25. Pay now to avoid late fees. – HDFC Bank,Banking & Finance
Your OTP for transaction is 922318. Valid for 10 mins. Do not share with anyone. – PNB,Banking & Finance
₹16782 debited from your A/C XXXX7363 on 26-Oct-25. Avl Bal ₹5784. – PNB,Banking & Finance
Your OTP for transaction is 672442. Valid for 10 mins. Do not share with anyone. – Kotak Bank,Banking & Finance
₹16740 credited to your A/C XXXX3099. Available bal ₹47669. – PNB,Banking & Finance
Loan approved! ₹550 disbursed to your A/C XXXX3131. EMI ₹7403/month. – HDFC Bank,Banking & Finance
Your OTP for transaction is 741122. Valid for 10 mins. Do not share with anyone. – Kotak Bank,Banking & Finance
Loan approved! ₹15284 disbursed to your A/C XXXX9627. EMI ₹3406/month. – Axis Bank,Banking & Finance
Loan approved! ₹1933 disbursed to your A/C XXXX7860. EMI ₹2247/month. – Kotak Bank,Banking & Finance
₹17856 debited from your A/C XXXX6684 on 20-Oct-25. Avl Bal ₹14656. – Axis Bank,Banking & Finance
₹15722 debited from your A/C XXXX4836 on 15-Oct-25. Avl Bal ₹25760. – Kotak Bank,Banking & Finance
Your credit card bill of ₹11734 due on 12-Oct-25. Pay now to avoid late fees. – SBI,Banking & Finance
Your credit card bill of ₹18718 due on 20-Oct-25. Pay now to avoid late fees. – Kotak Bank,Banking & Finance
Your OTP for transaction is 197680. Valid for 10 mins. Do not share with anyone. – ICICI Bank,Banking & Finance
Loan approved! ₹13254 disbursed to your A/C XXXX8527. EMI ₹3294/month. – HDFC Bank,Banking & Finance
₹2441 debited from your A/C XXXX5508 on 21-Oct-25. Avl Bal ₹39385. – Kotak Bank,Banking & Finance
Your credit card bill of ₹16157 due on 16-Oct-25. Pay now to avoid late fees. – Kotak Bank,Banking & Finance
Loan approved! ₹7059 disbursed to your A/C XXXX1575. EMI ₹2480/month. – Axis Bank,Banking & Finance
₹17724 debited from your A/C XXXX9895 on 24-Oct-25. Avl Bal ₹33482. – ICICI Bank,Banking & Finance
₹777 credited to your A/C XXXX7806. Available bal ₹29239. – PNB,Banking & Finance
₹165 credited to your A/C XXXX8788. Available bal ₹17529. – PNB,Banking & Finance
₹348 credited to your A/C XXXX3580. Available bal ₹35656. – Kotak Bank,Banking & Finance
₹10222 debited from your A/C XXXX1337 on 26-Oct-25. Avl Bal ₹16301. – PNB,Banking & Finance
₹1753 debited from your A/C XXXX5585 on 13-Oct-25. Avl Bal ₹2096. – PNB,Banking & Finance
₹16609 debited from your A/C XXXX3676 on 24-Oct-25. Avl Bal ₹48999. – HDFC Bank,Banking & Finance
₹12847 debited from your A/C XXXX1752 on 19-Oct-25. Avl Bal ₹17206. – HDFC Bank,Banking & Finance
₹3124 debited from your A/C XXXX6212 on 16-Oct-25. Avl Bal ₹42233. – Kotak Bank,Banking & Finance
₹8993 credited to your A/C XXXX4002. Available bal ₹2868. – Kotak Bank,Banking & Finance
Your credit card bill of ₹11157 due on 26-Oct-25. Pay now to avoid late fees. – Kotak Bank,Banking & Finance
₹11534 debited from your A/C XXXX7032 on 15-Oct-25. Avl Bal ₹31727. – HDFC Bank,Banking & Finance
Loan approved! ₹12895 disbursed to your A/C XXXX6445. EMI ₹6993/month. – SBI,Banking & Finance
Your OTP for transaction is 929379. Valid for 10 mins. Do not share with anyone. – Axis Bank,Banking & Finance
Your credit card bill of ₹9515 due on 26-Oct-25. Pay now to avoid late fees. – Kotak Bank,Banking & Finance
Your credit card bill of ₹7963 due on 23-Oct-25. Pay now to avoid late fees. – PNB,Banking & Finance
₹691 credited to your A/C XXXX8664. Available bal ₹32410. – Kotak Bank,Banking & Finance
₹1848 debited from your A/C XXXX7230 on 10-Oct-25. Avl Bal ₹44578. – Kotak Bank,Banking & Finance
₹14414 debited from your A/C XXXX1113 on 26-Oct-25. Avl Bal ₹12915. – PNB,Banking & Finance
Your OTP for transaction is 863894. Valid for 10 mins. Do not share with anyone. – Kotak Bank,Banking & Finance
Your OTP for transaction is 634004. Valid for 10 mins. Do not share with anyone. – PNB,Banking & Finance
Your OTP for transaction is 281950. Valid for 10 mins. Do not share with anyone. – SBI,Banking & Finance
Your credit card bill of ₹9551 due on 17-Oct-25. Pay now to avoid late fees. – Kotak Bank,Banking & Finance
Your OTP for transaction is 873084. Valid for 10 mins. Do not share with anyone. – SBI,Banking & Finance
Your credit card bill of ₹16385 due on 26-Oct-25. Pay now to avoid late fees. – Axis Bank,Banking & Finance
Your OTP for transaction is 591446. Valid for 10 mins. Do not share with anyone. – Axis Bank,Banking & Finance
₹3139 credited to your A/C XXXX9406. Available bal ₹36415. – PNB,Banking & Finance
Your OTP for transaction is 569852. Valid for 10 mins. Do not share with anyone. – PNB,Banking & Finance
Your OTP for transaction is 238154. Valid for 10 mins. Do not share with anyone. – Axis Bank,Banking & Finance
Loan approved! ₹13433 disbursed to your A/C XXXX7122. EMI ₹6191/month. – SBI,Banking & Finance
₹15385 credited to your A/C XXXX1761. Available bal ₹26047. – Axis Bank,Banking & Finance
Your credit card bill of ₹4587 due on 25-Oct-25. Pay now to avoid late fees. – ICICI Bank,Banking & Finance
Your OTP for transaction is 883685. Valid for 10 mins. Do not share with anyone. – HDFC Bank,Banking & Finance
₹4504 credited to your A/C XXXX6258. Available bal ₹46991. – SBI,Banking & Finance
Your credit card bill of ₹15684 due on 22-Oct-25. Pay now to avoid late fees. – Axis Bank,Banking & Finance
Loan approved! ₹14832 disbursed to your A/C XXXX9706. EMI ₹3403/month. – PNB,Banking & Finance
Your credit card bill of ₹5904 due on 24-Oct-25. Pay now to avoid late fees. – Axis Bank,Banking & Finance
₹19829 debited from your A/C XXXX4744 on 12-Oct-25. Avl Bal ₹7913. – Axis Bank,Banking & Finance
₹1656 debited from your A/C XXXX8412 on 28-Oct-25. Avl Bal ₹49035. – PNB,Banking & Finance
Your credit card bill of ₹14728 due on 19-Oct-25. Pay now to avoid late fees. – ICICI Bank,Banking & Finance
Your OTP for transaction is 847410. Valid for 10 mins. Do not share with anyone. – PNB,Banking & Finance
Your OTP for transaction is 416642. Valid for 10 mins. Do not share with anyone. – Kotak Bank,Banking & Finance
₹5909 debited from your A/C XXXX6754 on 24-Oct-25. Avl Bal ₹6317. – Axis Bank,Banking & Finance
₹10655 debited from your A/C XXXX2777 on 17-Oct-25. Avl Bal ₹46470. – ICICI Bank,Banking & Finance
₹17539 credited to your A/C XXXX2757. Available bal ₹35234. – Axis Bank,Banking & Finance
Loan approved! ₹13686 disbursed to your A/C XXXX6084. EMI ₹3822/month. – Kotak Bank,Banking & Finance
₹5748 credited to your A/C XXXX3600. Available bal ₹14035. – PNB,Banking & Finance
₹3082 credited to your A/C XXXX4104. Available bal ₹27584. – HDFC Bank,Banking & Finance
Your OTP for transaction is 548541. Valid for 10 mins. Do not share with anyone. – Kotak Bank,Banking & Finance
₹12396 debited from your A/C XXXX1648 on 27-Oct-25. Avl Bal ₹12993. – Axis Bank,Banking & Finance
₹7584 credited to your A/C XXXX5387. Available bal ₹12003. – Kotak Bank,Banking & Finance
₹5562 debited from your A/C XXXX5511 on 24-Oct-25. Avl Bal ₹15368. – HDFC Bank,Banking & Finance
Your credit card bill of ₹8030 due on 12-Oct-25. Pay now to avoid late fees. – PNB,Banking & Finance
Your credit card bill of ₹8293 due on 19-Oct-25. Pay now to avoid late fees. – ICICI Bank,Banking & Finance
Your credit card bill of ₹18468 due on 15-Oct-25. Pay now to avoid late fees. – Axis Bank,Banking & Finance
Loan approved! ₹11010 disbursed to your A/C XXXX7701. EMI ₹6302/month. – HDFC Bank,Banking & Finance
Your credit card bill of ₹1089 due on 27-Oct-25. Pay now to avoid late fees. – Kotak Bank,Banking & Finance
Loan approved! ₹17811 disbursed to your A/C XXXX4167. EMI ₹5882/month. – HDFC Bank,Banking & Finance
Loan approved! ₹10061 disbursed to your A/C XXXX4598. EMI ₹7380/month. – HDFC Bank,Banking & Finance
₹10118 credited to your A/C XXXX7243. Available bal ₹4504. – Axis Bank,Banking & Finance
₹13469 debited from your A/C XXXX3891 on 28-Oct-25. Avl Bal ₹10517. – Axis Bank,Banking & Finance
Your credit card bill of ₹14725 due on 17-Oct-25. Pay now to avoid late fees. – HDFC Bank,Banking & Finance
₹566 debited from your A/C XXXX5773 on 12-Oct-25. Avl Bal ₹40789. – Kotak Bank,Banking & Finance
Loan approved! ₹1477 disbursed to your A/C XXXX1817. EMI ₹4261/month. – PNB,Banking & Finance
Your credit card bill of ₹8555 due on 21-Oct-25. Pay now to avoid late fees. – Axis Bank,Banking & Finance
₹13842 credited to your A/C XXXX5186. Available bal ₹12368. – Axis Bank,Banking & Finance
Your credit card bill of ₹8266 due on 14-Oct-25. Pay now to avoid late fees. – HDFC Bank,Banking & Finance
Your OTP for transaction is 697485. Valid for 10 mins. Do not share with anyone. – SBI,Banking & Finance
Your credit card bill of ₹8468 due on 15-Oct-25. Pay now to avoid late fees. – ICICI Bank,Banking & Finance
₹13132 debited from your A/C XXXX1941 on 23-Oct-25. Avl Bal ₹32044. – HDFC Bank,Banking & Finance
₹5684 debited from your A/C XXXX6006 on 14-Oct-25. Avl Bal ₹12533. – Axis Bank,Banking & Finance
Your credit card bill of ₹17196 due on 16-Oct-25. Pay now to avoid late fees. – HDFC Bank,Banking & Finance
₹11924 credited to your A/C XXXX5225. Available bal ₹49330. – Kotak Bank,Banking & Finance
Your OTP for transaction is 450604. Valid for 10 mins. Do not share with anyone. – PNB,Banking & Finance
Your credit card bill of ₹12184 due on 26-Oct-25. Pay now to avoid late fees. – Kotak Bank,Banking & Finance
₹14983 credited to your A/C XXXX4668. Available bal ₹3557. – HDFC Bank,Banking & Finance
Your credit card bill of ₹13058 due on 16-Oct-25. Pay now to avoid late fees. – Kotak Bank,Banking & Finance
₹7781 credited to your A/C XXXX3670. Available bal ₹5754. – PNB,Banking & Finance
Your OTP for transaction is 279379. Valid for 10 mins. Do not share with anyone. – Axis Bank,Banking & Finance
₹18686 debited from your A/C XXXX7405 on 14-Oct-25. Avl Bal ₹16146. – SBI,Banking & Finance
₹3497 credited to your A/C XXXX2787. Available bal ₹25638. – ICICI Bank,Banking & Finance
₹8967 credited to your A/C XXXX2926. Available bal ₹44056. – HDFC Bank,Banking & Finance
Loan approved! ₹2249 disbursed to your A/C XXXX4893. EMI ₹3177/month. – HDFC Bank,Banking & Finance
Your OTP for transaction is 229517. Valid for 10 mins. Do not share with anyone. – ICICI Bank,Banking & Finance
₹9841 debited from your A/C XXXX6825 on 22-Oct-25. Avl Bal ₹22624. – SBI,Banking & Finance
₹4397 credited to your A/C XXXX3484. Available bal ₹5395. – HDFC Bank,Banking & Finance
Your OTP for transaction is 974516. Valid for 10 mins. Do not share with anyone. – PNB,Banking & Finance
Your OTP for transaction is 808658. Valid for 10 mins. Do not share with anyone. – PNB,Banking & Finance
Loan approved! ₹17308 disbursed to your A/C XXXX9678. EMI ₹4508/month. – SBI,Banking & Finance
₹6678 credited to your A/C XXXX8054. Available bal ₹33983. – Kotak Bank,Banking & Finance
₹5867 credited to your A/C XXXX8837. Available bal ₹32230. – PNB,Banking & Finance
₹5654 credited to your A/C XXXX5341. Available bal ₹24613. – HDFC Bank,Banking & Finance
₹11409 credited to your A/C XXXX3660. Available bal ₹14760. – Axis Bank,Banking & Finance
Loan approved! ₹712 disbursed to your A/C XXXX6802. EMI ₹6326/month. – ICICI Bank,Banking & Finance
Loan approved! ₹14416 disbursed to your A/C XXXX7360. EMI ₹3650/month. – Axis Bank,Banking & Finance
Your OTP for transaction is 181992. Valid for 10 mins. Do not share with anyone. – ICICI Bank,Banking & Finance
Loan approved! ₹19322 disbursed to your A/C XXXX7746. EMI ₹3201/month. – Kotak Bank,Banking & Finance
Your OTP for transaction is 745711. Valid for 10 mins. Do not share with anyone. – HDFC Bank,Banking & Finance
Your credit card bill of ₹12561 due on 21-Oct-25. Pay now to avoid late fees. – Axis Bank,Banking & Finance
₹10500 debited from your A/C XXXX7762 on 28-Oct-25. Avl Bal ₹49378. – ICICI Bank,Banking & Finance
₹13783 credited to your A/C XXXX2815. Available bal ₹19480. – Kotak Bank,Banking & Finance
Loan approved! ₹4459 disbursed to your A/C XXXX7167. EMI ₹3518/month. – HDFC Bank,Banking & Finance
Your credit card bill of ₹7808 due on 27-Oct-25. Pay now to avoid late fees. – ICICI Bank,Banking & Finance
Your OTP for transaction is 909262. Valid for 10 mins. Do not share with anyone. – HDFC Bank,Banking & Finance
Your OTP for transaction is 948367. Valid for 10 mins. Do not share with anyone. – Kotak Bank,Banking & Finance
Your OTP for transaction is 830086. Valid for 10 mins. Do not share with anyone. – Axis Bank,Banking & Finance
Your credit card bill of ₹12800 due on 26-Oct-25. Pay now to avoid late fees. – ICICI Bank,Banking & Finance
₹1012 debited from your A/C XXXX3644 on 25-Oct-25. Avl Bal ₹45918. – Axis Bank,Banking & Finance
₹324 debited from your A/C XXXX7060 on 25-Oct-25. Avl Bal ₹10804. – SBI,Banking & Finance
Loan approved! ₹2784 disbursed to your A/C XXXX5173. EMI ₹2199/month. – PNB,Banking & Finance
Loan approved! ₹11045 disbursed to your A/C XXXX2952. EMI ₹6516/month. – PNB,Banking & Finance
Your credit card bill of ₹7912 due on 27-Oct-25. Pay now to avoid late fees. – Kotak Bank,Banking & Finance
Your credit card bill of ₹17934 due on 27-Oct-25. Pay now to avoid late fees. – SBI,Banking & Finance
Your OTP for transaction is 440892. Valid for 10 mins. Do not share with anyone. – SBI,Banking & Finance
Your OTP for transaction is 230790. Valid for 10 mins. Do not share with anyone. – HDFC Bank,Banking & Finance
Your OTP for transaction is 488709. Valid for 10 mins. Do not share with anyone. – SBI,Banking & Finance
₹2559 debited from your A/C XXXX5139 on 15-Oct-25. Avl Bal ₹36821. – SBI,Banking & Finance
₹16693 debited from your A/C XXXX2191 on 26-Oct-25. Avl Bal ₹33847. – Axis Bank,Banking & Finance
Flight SG-631 from Pune to Hyderabad departs at 7:53 AM on 27-Oct-25. – SpiceJet,Travel Deals
Your cab with driver Vikram is arriving in 5 mins. OTP: 150475. – Ola,Travel Deals
Flight UK-712 from Pune to Delhi departs at 9:40 AM on 24-Oct-25. – Air India,Travel Deals
Your cab with driver Vikram is arriving in 8 mins. OTP: 115430. – Rapido,Travel Deals
Train 59718 (Shatabdi Exp) booking confirmed. PNR: 284931. – IRCTC,Travel Deals
"Hotel booking confirmed at Oberoi, Mumbai. Check-in: 13-Oct, Check-out: 17-Oct. – Booking.com",Travel Deals
"Trip reminder: Chennai → Bangalore, 12-Oct-25. Have a safe journey! – MakeMyTrip",Travel Deals
Your cab with driver Amit is arriving in 10 mins. OTP: 992918. – Uber,Travel Deals
Flight UK-592 from Mumbai to Mumbai departs at 10:23 AM on 14-Oct-25. – Air India,Travel Deals
Train 85128 (Rajdhani Exp) booking confirmed. PNR: 981810. – IRCTC,Travel Deals
Your cab with driver Suresh is arriving in 5 mins. OTP: 134995. – Rapido,Travel Deals
"Trip reminder: Bangalore → Delhi, 19-Oct-25. Have a safe journey! – Goibibo",Travel Deals
Flight 6E-649 from Chennai to Bangalore departs at 4:35 AM on 24-Oct-25. – Vistara,Travel Deals
"Hotel booking confirmed at ITC Grand, Pune. Check-in: 10-Oct, Check-out: 15-Oct. – Booking.com",Travel Deals
"Trip reminder: Hyderabad → Delhi, 20-Oct-25. Have a safe journey! – Goibibo",Travel Deals
Train 65055 (Shatabdi Exp) booking confirmed. PNR: 879351. – IRCTC,Travel Deals
Train 48809 (Shatabdi Exp) booking confirmed. PNR: 330818. – IRCTC,Travel Deals
Train 98348 (Rajdhani Exp) booking confirmed. PNR: 137475. – IRCTC,Travel Deals
"Hotel booking confirmed at Leela, Mumbai. Check-in: 12-Oct, Check-out: 17-Oct. – Booking.com",Travel Deals
Train 89992 (Shatabdi Exp) booking confirmed. PNR: 619413. – IRCTC,Travel Deals
"Trip reminder: Hyderabad → Bangalore, 20-Oct-25. Have a safe journey! – MakeMyTrip",Travel Deals
"Trip reminder: Hyderabad → Chennai, 13-Oct-25. Have a safe journey! – Yatra",Travel Deals
Your cab with driver Suresh is arriving in 9 mins. OTP: 620989. – Rapido,Travel Deals
"Hotel booking confirmed at Leela, Chennai. Check-in: 13-Oct, Check-out: 18-Oct. – Booking.com",Travel Deals
"Trip reminder: Delhi → Chennai, 14-Oct-25. Have a safe journey! – MakeMyTrip",Travel Deals
"Hotel booking confirmed at Taj Palace, Hyderabad. Check-in: 12-Oct, Check-out: 15-Oct. – Booking.com",Travel Deals
Your cab with driver Suresh is arriving in 6 mins. OTP: 757664. – Ola,Travel Deals
Your cab with driver Rajesh is arriving in 9 mins. OTP: 808268. – Ola,Travel Deals
"Hotel booking confirmed at ITC Grand, Chennai. Check-in: 12-Oct, Check-out: 15-Oct. – Booking.com",Travel Deals
"Hotel booking confirmed at Oberoi, Pune. Check-in: 14-Oct, Check-out: 18-Oct. – Booking.com",Travel Deals
Train 66472 (Rajdhani Exp) booking confirmed. PNR: 194890. – IRCTC,Travel Deals
Train 35213 (Duronto Exp) booking confirmed. PNR: 366678. – IRCTC,Travel Deals
Your cab with driver Rajesh is arriving in 10 mins. OTP: 129559. – Ola,Travel Deals
"Hotel booking confirmed at Leela, Mumbai. Check-in: 11-Oct, Check-out: 15-Oct. – Booking.com",Travel Deals
Train 26781 (Shatabdi Exp) booking confirmed. PNR: 153619. – IRCTC,Travel Deals
Train 78034 (Duronto Exp) booking confirmed. PNR: 157729. – IRCTC,Travel Deals
"Hotel booking confirmed at Oberoi, Hyderabad. Check-in: 12-Oct, Check-out: 15-Oct. – Booking.com",Travel Deals
"Trip reminder: Hyderabad → Bangalore, 17-Oct-25. Have a safe journey! – Yatra",Travel Deals
"Trip reminder: Chennai → Chennai, 23-Oct-25. Have a safe journey! – Goibibo",Travel Deals
Train 57623 (Shatabdi Exp) booking confirmed. PNR: 359175. – IRCTC,Travel Deals
Your cab with driver Suresh is arriving in 5 mins. OTP: 308357. – Ola,Travel Deals
"Trip reminder: Bangalore → Chennai, 28-Oct-25. Have a safe journey! – Yatra",Travel Deals
Your cab with driver Rajesh is arriving in 6 mins. OTP: 691459. – Ola,Travel Deals
Train 41362 (Shatabdi Exp) booking confirmed. PNR: 261043. – IRCTC,Travel Deals
"Trip reminder: Mumbai → Hyderabad, 10-Oct-25. Have a safe journey! – MakeMyTrip",Travel Deals
Your cab with driver Rajesh is arriving in 7 mins. OTP: 314202. – Rapido,Travel Deals
"Hotel booking confirmed at Taj Palace, Mumbai. Check-in: 11-Oct, Check-out: 16-Oct. – Booking.com",Travel Deals
"Trip reminder: Pune → Hyderabad, 12-Oct-25. Have a safe journey! – MakeMyTrip",Travel Deals
"Hotel booking confirmed at Oberoi, Chennai. Check-in: 12-Oct, Check-out: 16-Oct. – Booking.com",Travel Deals
Train 95979 (Rajdhani Exp) booking confirmed. PNR: 783769. – IRCTC,Travel Deals
Train 52080 (Rajdhani Exp) booking confirmed. PNR: 298465. – IRCTC,Travel Deals
"Hotel booking confirmed at Leela, Bangalore. Check-in: 12-Oct, Check-out: 17-Oct. – Booking.com",Travel Deals
"Hotel booking confirmed at Taj Palace, Delhi. Check-in: 13-Oct, Check-out: 17-Oct. – Booking.com",Travel Deals
"Hotel booking confirmed at Leela, Bangalore. Check-in: 13-Oct, Check-out: 15-Oct. – Booking.com",Travel Deals
"Hotel booking confirmed at Leela, Mumbai. Check-in: 10-Oct, Check-out: 18-Oct. – Booking.com",Travel Deals
Train 97389 (Shatabdi Exp) booking confirmed. PNR: 146851. – IRCTC,Travel Deals
"Hotel booking confirmed at Taj Palace, Chennai. Check-in: 10-Oct, Check-out: 18-Oct. – Booking.com",Travel Deals
Your cab with driver Rajesh is arriving in 9 mins. OTP: 677588. – Ola,Travel Deals
Your cab with driver Rajesh is arriving in 4 mins. OTP: 988697. – Uber,Travel Deals
"Trip reminder: Pune → Bangalore, 20-Oct-25. Have a safe journey! – MakeMyTrip",Travel Deals
Train 92310 (Shatabdi Exp) booking confirmed. PNR: 287771. – IRCTC,Travel Deals
Train 83941 (Duronto Exp) booking confirmed. PNR: 888921. – IRCTC,Travel Deals
"Trip reminder: Bangalore → Pune, 21-Oct-25. Have a safe journey! – MakeMyTrip",Travel Deals
"Trip reminder: Bangalore → Hyderabad, 20-Oct-25. Have a safe journey! – Yatra",Travel Deals
Flight 6E-379 from Mumbai to Bangalore departs at 8:34 AM on 13-Oct-25. – Indigo,Travel Deals
Your cab with driver Rajesh is arriving in 9 mins. OTP: 502525. – Uber,Travel Deals
"Trip reminder: Mumbai → Delhi, 17-Oct-25. Have a safe journey! – Goibibo",Travel Deals
Flight 6E-927 from Bangalore to Hyderabad departs at 11:37 PM on 22-Oct-25. – Vistara,Travel Deals
Train 36358 (Shatabdi Exp) booking confirmed. PNR: 344295. – IRCTC,Travel Deals
"Trip reminder: Mumbai → Delhi, 19-Oct-25. Have a safe journey! – Yatra",Travel Deals
Train 72864 (Rajdhani Exp) booking confirmed. PNR: 509553. – IRCTC,Travel Deals
Train 66789 (Rajdhani Exp) booking confirmed. PNR: 202863. – IRCTC,Travel Deals
Flight SG-273 from Hyderabad to Bangalore departs at 11:50 AM on 26-Oct-25. – SpiceJet,Travel Deals
Flight AI-430 from Hyderabad to Chennai departs at 10:33 PM on 27-Oct-25. – Air India,Travel Deals
Your cab with driver Amit is arriving in 9 mins. OTP: 488282. – Uber,Travel Deals
Train 51501 (Duronto Exp) booking confirmed. PNR: 867908. – IRCTC,Travel Deals
Train 19014 (Shatabdi Exp) booking confirmed. PNR: 108173. – IRCTC,Travel Deals
"Hotel booking confirmed at Taj Palace, Pune. Check-in: 12-Oct, Check-out: 16-Oct. – Booking.com",Travel Deals
"Hotel booking confirmed at Oberoi, Pune. Check-in: 13-Oct, Check-out: 15-Oct. – Booking.com",Travel Deals
"Trip reminder: Delhi → Pune, 18-Oct-25. Have a safe journey! – MakeMyTrip",Travel Deals
Flight AI-848 from Delhi to Mumbai departs at 12:12 PM on 17-Oct-25. – Indigo,Travel Deals
Your cab with driver Vikram is arriving in 2 mins. OTP: 976895. – Ola,Travel Deals
"Trip reminder: Pune → Pune, 23-Oct-25. Have a safe journey! – MakeMyTrip",Travel Deals
"Hotel booking confirmed at Leela, Pune. Check-in: 11-Oct, Check-out: 16-Oct. – Booking.com",Travel Deals
Your cab with driver Suresh is arriving in 6 mins. OTP: 507670. – Ola,Travel Deals
Train 44622 (Shatabdi Exp) booking confirmed. PNR: 737400. – IRCTC,Travel Deals
Train 79718 (Shatabdi Exp) booking confirmed. PNR: 442957. – IRCTC,Travel Deals
"Trip reminder: Hyderabad → Chennai, 25-Oct-25. Have a safe journey! – Yatra",Travel Deals
"Hotel booking confirmed at Leela, Chennai. Check-in: 12-Oct, Check-out: 16-Oct. – Booking.com",Travel Deals
"Hotel booking confirmed at Oberoi, Chennai. Check-in: 13-Oct, Check-out: 16-Oct. – Booking.com",Travel Deals
Your cab with driver Vikram is arriving in 4 mins. OTP: 489523. – Rapido,Travel Deals
"Hotel booking confirmed at Oberoi, Pune. Check-in: 13-Oct, Check-out: 18-Oct. – Booking.com",Travel Deals
Flight UK-801 from Delhi to Pune departs at 11:48 AM on 23-Oct-25. – Vistara,Travel Deals
Flight UK-314 from Delhi to Delhi departs at 4:18 PM on 27-Oct-25. – Indigo,Travel Deals
Train 73174 (Duronto Exp) booking confirmed. PNR: 205988. – IRCTC,Travel Deals
Your cab with driver Amit is arriving in 4 mins. OTP: 136715. – Uber,Travel Deals
Your cab with driver Suresh is arriving in 3 mins. OTP: 367898. – Rapido,Travel Deals
"Trip reminder: Pune → Hyderabad, 13-Oct-25. Have a safe journey! – Yatra",Travel Deals
Flight UK-684 from Chennai to Bangalore departs at 8:41 PM on 11-Oct-25. – Air India,Travel Deals
"Trip reminder: Pune → Hyderabad, 12-Oct-25. Have a safe journey! – Goibibo",Travel Deals
Train 62722 (Rajdhani Exp) booking confirmed. PNR: 951835. – IRCTC,Travel Deals
"Trip reminder: Mumbai → Bangalore, 28-Oct-25. Have a safe journey! – Yatra",Travel Deals
"Hotel booking confirmed at Leela, Delhi. Check-in: 13-Oct, Check-out: 18-Oct. – Booking.com",Travel Deals
Your cab with driver Vikram is arriving in 7 mins. OTP: 402959. – Ola,Travel Deals
Train 74250 (Rajdhani Exp) booking confirmed. PNR: 633469. – IRCTC,Travel Deals
"Trip reminder: Delhi → Delhi, 11-Oct-25. Have a safe journey! – Yatra",Travel Deals
"Trip reminder: Hyderabad → Pune, 28-Oct-25. Have a safe journey! – Goibibo",Travel Deals
Your cab with driver Amit is arriving in 5 mins. OTP: 639632. – Ola,Travel Deals
Flight SG-756 from Hyderabad to Bangalore departs at 4:13 PM on 28-Oct-25. – Vistara,Travel Deals
Train 91081 (Rajdhani Exp) booking confirmed. PNR: 208508. – IRCTC,Travel Deals
Your cab with driver Rajesh is arriving in 8 mins. OTP: 306924. – Uber,Travel Deals
"Trip reminder: Delhi → Mumbai, 17-Oct-25. Have a safe journey! – Yatra",Travel Deals
Flight SG-570 from Mumbai to Mumbai departs at 6:51 AM on 11-Oct-25. – Air India,Travel Deals
"Hotel booking confirmed at Oberoi, Bangalore. Check-in: 14-Oct, Check-out: 18-Oct. – Booking.com",Travel Deals
"Hotel booking confirmed at Oberoi, Pune. Check-in: 14-Oct, Check-out: 17-Oct. – Booking.com",Travel Deals
"Hotel booking confirmed at Oberoi, Bangalore. Check-in: 14-Oct, Check-out: 18-Oct. – Booking.com",Travel Deals
"Trip reminder: Delhi → Chennai, 14-Oct-25. Have a safe journey! – Yatra",Travel Deals
Train 63537 (Shatabdi Exp) booking confirmed. PNR: 517379. – IRCTC,Travel Deals
Flight 6E-252 from Mumbai to Bangalore departs at 2:30 PM on 17-Oct-25. – Vistara,Travel Deals
Flight 6E-561 from Delhi to Delhi departs at 12:39 AM on 27-Oct-25. – Air India,Travel Deals
"Hotel booking confirmed at Oberoi, Mumbai. Check-in: 10-Oct, Check-out: 15-Oct. – Booking.com",Travel Deals
Your cab with driver Vikram is arriving in 5 mins. OTP: 464139. – Ola,Travel Deals
Train 58846 (Duronto Exp) booking confirmed. PNR: 835079. – IRCTC,Travel Deals
Train 49758 (Rajdhani Exp) booking confirmed. PNR: 188215. – IRCTC,Travel Deals
Train 75453 (Shatabdi Exp) booking confirmed. PNR: 263857. – IRCTC,Travel Deals
Train 56449 (Duronto Exp) booking confirmed. PNR: 902011. – IRCTC,Travel Deals
Your cab with driver Suresh is arriving in 3 mins. OTP: 362454. – Rapido,Travel Deals
Flight SG-884 from Pune to Mumbai departs at 12:49 AM on 19-Oct-25. – Vistara,Travel Deals
"Hotel booking confirmed at Leela, Chennai. Check-in: 13-Oct, Check-out: 15-Oct. – Booking.com",Travel Deals
Flight SG-305 from Chennai to Bangalore departs at 3:28 AM on 12-Oct-25. – SpiceJet,Travel Deals
"Trip reminder: Pune → Mumbai, 28-Oct-25. Have a safe journey! – Goibibo",Travel Deals
Your cab with driver Rajesh is arriving in 2 mins. OTP: 106841. – Ola,Travel Deals
Your cab with driver Amit is arriving in 10 mins. OTP: 434655. – Ola,Travel Deals
"Hotel booking confirmed at Taj Palace, Hyderabad. Check-in: 14-Oct, Check-out: 16-Oct. – Booking.com",Travel Deals
Flight 6E-130 from Chennai to Pune departs at 11:25 AM on 23-Oct-25. – Indigo,Travel Deals
Flight 6E-379 from Delhi to Mumbai departs at 11:17 AM on 10-Oct-25. – Air India,Travel Deals
"Hotel booking confirmed at ITC Grand, Mumbai. Check-in: 11-Oct, Check-out: 17-Oct. – Booking.com",Travel Deals
Flight UK-998 from Delhi to Mumbai departs at 12:10 PM on 18-Oct-25. – Indigo,Travel Deals
"Hotel booking confirmed at Taj Palace, Bangalore. Check-in: 11-Oct, Check-out: 16-Oct. – Booking.com",Travel Deals
"Hotel booking confirmed at ITC Grand, Pune. Check-in: 14-Oct, Check-out: 15-Oct. – Booking.com",Travel Deals
Flight UK-743 from Delhi to Mumbai departs at 5:50 AM on 19-Oct-25. – Air India,Travel Deals
Train 86804 (Shatabdi Exp) booking confirmed. PNR: 349688. – IRCTC,Travel Deals
Train 50271 (Duronto Exp) booking confirmed. PNR: 625942. – IRCTC,Travel Deals
"Hotel booking confirmed at Leela, Bangalore. Check-in: 14-Oct, Check-out: 18-Oct. – Booking.com",Travel Deals
Flight SG-347 from Pune to Mumbai departs at 7:48 AM on 19-Oct-25. – Indigo,Travel Deals
Train 66822 (Duronto Exp) booking confirmed. PNR: 618108. – IRCTC,Travel Deals
"Trip reminder: Bangalore → Hyderabad, 27-Oct-25. Have a safe journey! – Goibibo",Travel Deals
Train 65840 (Duronto Exp) booking confirmed. PNR: 906644. – IRCTC,Travel Deals
Flight AI-189 from Chennai to Mumbai departs at 1:22 AM on 13-Oct-25. – Vistara,Travel Deals
"Trip reminder: Hyderabad → Pune, 23-Oct-25. Have a safe journey! – MakeMyTrip",Travel Deals
Your cab with driver Rajesh is arriving in 2 mins. OTP: 292078. – Uber,Travel Deals
Flight 6E-576 from Mumbai to Bangalore departs at 10:57 PM on 17-Oct-25. – Vistara,Travel Deals
Your cab with driver Suresh is arriving in 9 mins. OTP: 770018. – Uber,Travel Deals
Train 48937 (Rajdhani Exp) booking confirmed. PNR: 232346. – IRCTC,Travel Deals
"Hotel booking confirmed at Oberoi, Pune. Check-in: 14-Oct, Check-out: 17-Oct. – Booking.com",Travel Deals
"Trip reminder: Bangalore → Chennai, 12-Oct-25. Have a safe journey! – MakeMyTrip",Travel Deals
"Hotel booking confirmed at Oberoi, Mumbai. Check-in: 12-Oct, Check-out: 18-Oct. – Booking.com",Travel Deals
Flight 6E-628 from Delhi to Chennai departs at 12:55 AM on 20-Oct-25. – Indigo,Travel Deals
"Trip reminder: Pune → Bangalore, 17-Oct-25. Have a safe journey! – MakeMyTrip",Travel Deals
"Trip reminder: Pune → Hyderabad, 22-Oct-25. Have a safe journey! – MakeMyTrip",Travel Deals
Flight AI-772 from Pune to Hyderabad departs at 4:19 PM on 27-Oct-25. – Air India,Travel Deals
Your cab with driver Rajesh is arriving in 5 mins. OTP: 581625. – Rapido,Travel Deals
Your cab with driver Suresh is arriving in 3 mins. OTP: 153361. – Uber,Travel Deals
"Trip reminder: Chennai → Mumbai, 21-Oct-25. Have a safe journey! – Goibibo",Travel Deals
"Hotel booking confirmed at Taj Palace, Mumbai. Check-in: 10-Oct, Check-out: 18-Oct. – Booking.com",Travel Deals
Your cab with driver Suresh is arriving in 10 mins. OTP: 860795. – Rapido,Travel Deals
"Trip reminder: Delhi → Pune, 26-Oct-25. Have a safe journey! – Goibibo",Travel Deals
Train 12107 (Shatabdi Exp) booking confirmed. PNR: 354213. – IRCTC,Travel Deals
Flight 6E-576 from Bangalore to Pune departs at 6:24 AM on 27-Oct-25. – Vistara,Travel Deals
Your cab with driver Suresh is arriving in 6 mins. OTP: 524646. – Rapido,Travel Deals
Your cab with driver Amit is arriving in 9 mins. OTP: 937367. – Uber,Travel Deals
Your cab with driver Vikram is arriving in 3 mins. OTP: 628644. – Uber,Travel Deals
Flight AI-395 from Hyderabad to Mumbai departs at 7:37 AM on 28-Oct-25. – Indigo,Travel Deals
Your cab with driver Rajesh is arriving in 5 mins. OTP: 340730. – Ola,Travel Deals
Train 15421 (Rajdhani Exp) booking confirmed. PNR: 500004. – IRCTC,Travel Deals
"Hotel booking confirmed at Leela, Mumbai. Check-in: 11-Oct, Check-out: 15-Oct. – Booking.com",Travel Deals
Your cab with driver Rajesh is arriving in 8 mins. OTP: 539100. – Rapido,Travel Deals
Flight 6E-915 from Delhi to Bangalore departs at 6:38 AM on 24-Oct-25. – Indigo,Travel Deals
Flight AI-522 from Bangalore to Delhi departs at 4:12 PM on 18-Oct-25. – Indigo,Travel Deals
"Hotel booking confirmed at Leela, Delhi. Check-in: 12-Oct, Check-out: 15-Oct. – Booking.com",Travel Deals
Your cab with driver Amit is arriving in 5 mins. OTP: 281605. – Ola,Travel Deals
"Hotel booking confirmed at ITC Grand, Chennai. Check-in: 12-Oct, Check-out: 16-Oct. – Booking.com",Travel Deals
"Hotel booking confirmed at Leela, Delhi. Check-in: 12-Oct, Check-out: 17-Oct. – Booking.com",Travel Deals
"Trip reminder: Hyderabad → Pune, 12-Oct-25. Have a safe journey! – MakeMyTrip",Travel Deals
"Hotel booking confirmed at Taj Palace, Hyderabad. Check-in: 13-Oct, Check-out: 18-Oct. – Booking.com",Travel Deals
"Trip reminder: Chennai → Delhi, 24-Oct-25. Have a safe journey! – Goibibo",Travel Deals
Your cab with driver Rajesh is arriving in 5 mins. OTP: 242599. – Ola,Travel Deals
Train 79447 (Rajdhani Exp) booking confirmed. PNR: 799136. – IRCTC,Travel Deals
Your cab with driver Rajesh is arriving in 8 mins. OTP: 436963. – Rapido,Travel Deals
Train 73641 (Shatabdi Exp) booking confirmed. PNR: 841767. – IRCTC,Travel Deals
Your cab with driver Amit is arriving in 3 mins. OTP: 521460. – Rapido,Travel Deals
Train 76820 (Duronto Exp) booking confirmed. PNR: 848149. – IRCTC,Travel Deals
Your cab with driver Suresh is arriving in 8 mins. OTP: 666329. – Uber,Travel Deals
Flight AI-782 from Chennai to Bangalore departs at 10:25 AM on 22-Oct-25. – SpiceJet,Travel Deals
"Hotel booking confirmed at Taj Palace, Bangalore. Check-in: 14-Oct, Check-out: 18-Oct. – Booking.com",Travel Deals
Your cab with driver Vikram is arriving in 5 mins. OTP: 878672. – Rapido,Travel Deals
Train 93740 (Shatabdi Exp) booking confirmed. PNR: 830664. – IRCTC,Travel Deals
Your cab with driver Vikram is arriving in 7 mins. OTP: 247989. – Ola,Travel Deals
"Trip reminder: Hyderabad → Pune, 21-Oct-25. Have a safe journey! – Goibibo",Travel Deals
"Hotel booking confirmed at Oberoi, Chennai. Check-in: 13-Oct, Check-out: 15-Oct. – Booking.com",Travel Deals
Flight SG-686 from Delhi to Hyderabad departs at 10:42 PM on 27-Oct-25. – Vistara,Travel Deals
"Trip reminder: Chennai → Mumbai, 11-Oct-25. Have a safe journey! – Goibibo",Travel Deals
Train 13060 (Duronto Exp) booking confirmed. PNR: 160385. – IRCTC,Travel Deals
"Trip reminder: Hyderabad → Hyderabad, 24-Oct-25. Have a safe journey! – MakeMyTrip",Travel Deals
"Trip reminder: Mumbai → Pune, 16-Oct-25. Have a safe journey! – MakeMyTrip",Travel Deals
Train 49981 (Duronto Exp) booking confirmed. PNR: 824009. – IRCTC,Travel Deals
"Hotel booking confirmed at Leela, Bangalore. Check-in: 14-Oct, Check-out: 15-Oct. – Booking.com",Travel Deals
"Trip reminder: Pune → Delhi, 23-Oct-25. Have a safe journey! – Yatra",Travel Deals
Your cab with driver Suresh is arriving in 7 mins. OTP: 549818. – Uber,Travel Deals
Train 71589 (Duronto Exp) booking confirmed. PNR: 772379. – IRCTC,Travel Deals
Your cab with driver Vikram is arriving in 10 mins. OTP: 214250. – Rapido,Travel Deals
Your cab with driver Amit is arriving in 6 mins. OTP: 668434. – Rapido,Travel Deals
"Trip reminder: Mumbai → Pune, 25-Oct-25. Have a safe journey! – Yatra",Travel Deals
Train 42239 (Shatabdi Exp) booking confirmed. PNR: 680404. – IRCTC,Travel Deals
Your cab with driver Amit is arriving in 10 mins. OTP: 654868. – Uber,Travel Deals
Your cab with driver Suresh is arriving in 9 mins. OTP: 292565. – Ola,Travel Deals
"Hotel booking confirmed at Taj Palace, Hyderabad. Check-in: 14-Oct, Check-out: 17-Oct. – Booking.com",Travel Deals
"Hotel booking confirmed at ITC Grand, Delhi. Check-in: 14-Oct, Check-out: 18-Oct. – Booking.com",Travel Deals
"Trip reminder: Pune → Pune, 27-Oct-25. Have a safe journey! – Yatra",Travel Deals
"Trip reminder: Hyderabad → Bangalore, 11-Oct-25. Have a safe journey! – Goibibo",Travel Deals
Flight AI-629 from Delhi to Pune departs at 11:10 PM on 25-Oct-25. – Air India,Travel Deals
Train 23731 (Duronto Exp) booking confirmed. PNR: 715270. – IRCTC,Travel Deals
"Hotel booking confirmed at Oberoi, Hyderabad. Check-in: 12-Oct, Check-out: 17-Oct. – Booking.com",Travel Deals
Your cab with driver Suresh is arriving in 9 mins. OTP: 843541. – Ola,Travel Deals
Flight UK-546 from Mumbai to Delhi departs at 7:22 PM on 19-Oct-25. – Indigo,Travel Deals
Your cab with driver Rajesh is arriving in 6 mins. OTP: 190441. – Ola,Travel Deals
Flight AI-759 from Bangalore to Hyderabad departs at 12:28 AM on 15-Oct-25. – Indigo,Travel Deals
"Hotel booking confirmed at Oberoi, Pune. Check-in: 10-Oct, Check-out: 16-Oct. – Booking.com",Travel Deals
"Trip reminder: Mumbai → Pune, 28-Oct-25. Have a safe journey! – Yatra",Travel Deals
Flight UK-183 from Bangalore to Chennai departs at 9:46 PM on 26-Oct-25. – Indigo,Travel Deals
Train 73697 (Rajdhani Exp) booking confirmed. PNR: 307216. – IRCTC,Travel Deals
"Trip reminder: Delhi → Chennai, 20-Oct-25. Have a safe journey! – Yatra",Travel Deals
"Trip reminder: Chennai → Bangalore, 25-Oct-25. Have a safe journey! – MakeMyTrip",Travel Deals
Train 26096 (Shatabdi Exp) booking confirmed. PNR: 221695. – IRCTC,Travel Deals
Train 32081 (Shatabdi Exp) booking confirmed. PNR: 890521. – IRCTC,Travel Deals
"Hotel booking confirmed at ITC Grand, Chennai. Check-in: 14-Oct, Check-out: 18-Oct. – Booking.com",Travel Deals
Train 98648 (Shatabdi Exp) booking confirmed. PNR: 164476. – IRCTC,Travel Deals
Flight AI-755 from Delhi to Bangalore departs at 11:31 PM on 19-Oct-25. – Vistara,Travel Deals
Train 37665 (Rajdhani Exp) booking confirmed. PNR: 973761. – IRCTC,Travel Deals
"Trip reminder: Mumbai → Mumbai, 16-Oct-25. Have a safe journey! – Yatra",Travel Deals
"Hotel booking confirmed at Taj Palace, Hyderabad. Check-in: 14-Oct, Check-out: 17-Oct. – Booking.com",Travel Deals
"Trip reminder: Delhi → Delhi, 26-Oct-25. Have a safe journey! – MakeMyTrip",Travel Deals
Train 96703 (Rajdhani Exp) booking confirmed. PNR: 290947. – IRCTC,Travel Deals
Your cab with driver Amit is arriving in 9 mins. OTP: 627189. – Ola,Travel Deals
Train 85195 (Shatabdi Exp) booking confirmed. PNR: 709166. – IRCTC,Travel Deals
Train 40398 (Duronto Exp) booking confirmed. PNR: 639482. – IRCTC,Travel Deals
"Hotel booking confirmed at Oberoi, Chennai. Check-in: 12-Oct, Check-out: 17-Oct. – Booking.com",Travel Deals
"Hotel booking confirmed at ITC Grand, Chennai. Check-in: 11-Oct, Check-out: 17-Oct. – Booking.com",Travel Deals
"Hotel booking confirmed at Oberoi, Pune. Check-in: 10-Oct, Check-out: 17-Oct. – Booking.com",Travel Deals
Flight 6E-736 from Bangalore to Bangalore departs at 3:56 PM on 19-Oct-25. – Vistara,Travel Deals
Flight AI-232 from Bangalore to Mumbai departs at 3:35 PM on 22-Oct-25. – Air India,Travel Deals
Train 66722 (Rajdhani Exp) booking confirmed. PNR: 352393. – IRCTC,Travel Deals
"Hotel booking confirmed at ITC Grand, Delhi. Check-in: 12-Oct, Check-out: 16-Oct. – Booking.com",Travel Deals
Flight AI-371 from Pune to Hyderabad departs at 9:50 PM on 22-Oct-25. – Air India,Travel Deals
Your cab with driver Rajesh is arriving in 6 mins. OTP: 878170. – Ola,Travel Deals
Your cab with driver Rajesh is arriving in 3 mins. OTP: 376722. – Uber,Travel Deals
Train 45897 (Shatabdi Exp) booking confirmed. PNR: 572152. – IRCTC,Travel Deals
Flight 6E-796 from Mumbai to Delhi departs at 9:56 PM on 14-Oct-25. – SpiceJet,Travel Deals
"Trip reminder: Mumbai → Bangalore, 18-Oct-25. Have a safe journey! – Yatra",Travel Deals
Flight AI-928 from Bangalore to Delhi departs at 5:47 PM on 27-Oct-25. – Indigo,Travel Deals
Flight UK-576 from Mumbai to Bangalore departs at 10:19 AM on 12-Oct-25. – Air India,Travel Deals
Flight AI-357 from Bangalore to Mumbai departs at 2:24 PM on 14-Oct-25. – Vistara,Travel Deals
"Trip reminder: Hyderabad → Delhi, 24-Oct-25. Have a safe journey! – Goibibo",Travel Deals
"Trip reminder: Hyderabad → Mumbai, 15-Oct-25. Have a safe journey! – Yatra",Travel Deals
Your cab with driver Vikram is arriving in 2 mins. OTP: 305355. – Rapido,Travel Deals
Train 13644 (Duronto Exp) booking confirmed. PNR: 942205. – IRCTC,Travel Deals
Flight 6E-245 from Hyderabad to Mumbai departs at 11:50 PM on 10-Oct-25. – SpiceJet,Travel Deals
"Hotel booking confirmed at Oberoi, Delhi. Check-in: 11-Oct, Check-out: 18-Oct. – Booking.com",Travel Deals
Train 59806 (Rajdhani Exp) booking confirmed. PNR: 583891. – IRCTC,Travel Deals
Train 43078 (Rajdhani Exp) booking confirmed. PNR: 671135. – IRCTC,Travel Deals
Train 17506 (Shatabdi Exp) booking confirmed. PNR: 337953. – IRCTC,Travel Deals
Flight SG-424 from Hyderabad to Bangalore departs at 5:47 AM on 27-Oct-25. – SpiceJet,Travel Deals
Train 38670 (Duronto Exp) booking confirmed. PNR: 227587. – IRCTC,Travel Deals
"Hotel booking confirmed at ITC Grand, Hyderabad. Check-in: 13-Oct, Check-out: 15-Oct. – Booking.com",Travel Deals
"Hotel booking confirmed at Taj Palace, Bangalore. Check-in: 10-Oct, Check-out: 16-Oct. – Booking.com",Travel Deals
Your cab with driver Suresh is arriving in 7 mins. OTP: 174590. – Uber,Travel Deals
Your cab with driver Vikram is arriving in 9 mins. OTP: 762003. – Rapido,Travel Deals
"Trip reminder: Mumbai → Mumbai, 21-Oct-25. Have a safe journey! – Goibibo",Travel Deals
"Trip reminder: Mumbai → Mumbai, 10-Oct-25. Have a safe journey! – Goibibo",Travel Deals
"Trip reminder: Delhi → Pune, 28-Oct-25. Have a safe journey! – Goibibo",Travel Deals
"Trip reminder: Mumbai → Bangalore, 21-Oct-25. Have a safe journey! – Yatra",Travel Deals
Flight UK-697 from Bangalore to Hyderabad departs at 11:46 PM on 26-Oct-25. – SpiceJet,Travel Deals
Train 79460 (Shatabdi Exp) booking confirmed. PNR: 591963. – IRCTC,Travel Deals
Train 95158 (Rajdhani Exp) booking confirmed. PNR: 747217. – IRCTC,Travel Deals
Your cab with driver Suresh is arriving in 9 mins. OTP: 533725. – Rapido,Travel Deals
Your cab with driver Amit is arriving in 8 mins. OTP: 275994. – Ola,Travel Deals
"Trip reminder: Chennai → Chennai, 27-Oct-25. Have a safe journey! – Goibibo",Travel Deals
"Trip reminder: Delhi → Bangalore, 12-Oct-25. Have a safe journey! – Goibibo",Travel Deals
Flight AI-936 from Bangalore to Chennai departs at 1:59 AM on 11-Oct-25. – Indigo,Travel Deals
"Hotel booking confirmed at Leela, Hyderabad. Check-in: 13-Oct, Check-out: 15-Oct. – Booking.com",Travel Deals
Train 16660 (Shatabdi Exp) booking confirmed. PNR: 777380. – IRCTC,Travel Deals
"Trip reminder: Hyderabad → Chennai, 27-Oct-25. Have a safe journey! – Yatra",Travel Deals
Train 68519 (Shatabdi Exp) booking confirmed. PNR: 819102. – IRCTC,Travel Deals
Flight AI-895 from Pune to Hyderabad departs at 5:36 PM on 19-Oct-25. – Vistara,Travel Deals
Your cab with driver Amit is arriving in 10 mins. OTP: 521852. – Uber,Travel Deals
Your cab with driver Vikram is arriving in 10 mins. OTP: 680530. – Rapido,Travel Deals
"Hotel booking confirmed at Leela, Mumbai. Check-in: 12-Oct, Check-out: 16-Oct. – Booking.com",Travel Deals
"Trip reminder: Bangalore → Mumbai, 12-Oct-25. Have a safe journey! – Yatra",Travel Deals
"Trip reminder: Delhi → Pune, 11-Oct-25. Have a safe journey! – MakeMyTrip",Travel Deals
Flight 6E-856 from Delhi to Chennai departs at 8:15 AM on 16-Oct-25. – Vistara,Travel Deals
Your cab with driver Vikram is arriving in 4 mins. OTP: 531658. – Rapido,Travel Deals
Your cab with driver Vikram is arriving in 6 mins. OTP: 848959. – Uber,Travel Deals
Flight SG-751 from Chennai to Pune departs at 8:52 PM on 21-Oct-25. – Vistara,Travel Deals
"Trip reminder: Hyderabad → Chennai, 24-Oct-25. Have a safe journey! – MakeMyTrip",Travel Deals
Train 17692 (Duronto Exp) booking confirmed. PNR: 150010. – IRCTC,Travel Deals
"Hotel booking confirmed at Leela, Delhi. Check-in: 12-Oct, Check-out: 17-Oct. – Booking.com",Travel Deals
"Trip reminder: Delhi → Bangalore, 21-Oct-25. Have a safe journey! – MakeMyTrip",Travel Deals
"Hotel booking confirmed at ITC Grand, Mumbai. Check-in: 13-Oct, Check-out: 16-Oct. – Booking.com",Travel Deals
Train 18160 (Duronto Exp) booking confirmed. PNR: 955082. – IRCTC,Travel Deals
Flight AI-426 from Mumbai to Chennai departs at 7:45 PM on 14-Oct-25. – Vistara,Travel Deals
Your cab with driver Amit is arriving in 3 mins. OTP: 153988. – Uber,Travel Deals
"Trip reminder: Delhi → Bangalore, 11-Oct-25. Have a safe journey! – Yatra",Travel Deals
Train 64080 (Shatabdi Exp) booking confirmed. PNR: 753139. – IRCTC,Travel Deals
"Trip reminder: Pune → Pune, 10-Oct-25. Have a safe journey! – Goibibo",Travel Deals
Flight UK-108 from Bangalore to Hyderabad departs at 10:43 PM on 22-Oct-25. – SpiceJet,Travel Deals
Train 97929 (Shatabdi Exp) booking confirmed. PNR: 340048. – IRCTC,Travel Deals
Your cab with driver Vikram is arriving in 3 mins. OTP: 962171. – Uber,Travel Deals
Train 89675 (Rajdhani Exp) booking confirmed. PNR: 746323. – IRCTC,Travel Deals
Flight UK-187 from Hyderabad to Chennai departs at 8:32 PM on 23-Oct-25. – Vistara,Travel Deals
Flight 6E-413 from Hyderabad to Delhi departs at 7:28 AM on 26-Oct-25. – Indigo,Travel Deals
"Hotel booking confirmed at Oberoi, Pune. Check-in: 14-Oct, Check-out: 15-Oct. – Booking.com",Travel Deals
"Hotel booking confirmed at ITC Grand, Bangalore. Check-in: 10-Oct, Check-out: 17-Oct. – Booking.com",Travel Deals
"Hotel booking confirmed at Oberoi, Chennai. Check-in: 14-Oct, Check-out: 16-Oct. – Booking.com",Travel Deals
Your cab with driver Amit is arriving in 3 mins. OTP: 564052. – Ola,Travel Deals
Train 19579 (Rajdhani Exp) booking confirmed. PNR: 264625. – IRCTC,Travel Deals
"Trip reminder: Hyderabad → Mumbai, 24-Oct-25. Have a safe journey! – MakeMyTrip",Travel Deals
Train 47548 (Duronto Exp) booking confirmed. PNR: 353769. – IRCTC,Travel Deals
"Hotel booking confirmed at Leela, Pune. Check-in: 13-Oct, Check-out: 15-Oct. – Booking.com",Travel Deals
Flight UK-914 from Chennai to Delhi departs at 1:48 AM on 18-Oct-25. – SpiceJet,Travel Deals
"Trip reminder: Hyderabad → Mumbai, 23-Oct-25. Have a safe journey! – MakeMyTrip",Travel Deals
"Trip reminder: Chennai → Mumbai, 25-Oct-25. Have a safe journey! – Goibibo",Travel Deals
"Trip reminder: Bangalore → Delhi, 28-Oct-25. Have a safe journey! – Goibibo",Travel Deals
Flight 6E-397 from Chennai to Pune departs at 8:16 PM on 10-Oct-25. – Vistara,Travel Deals
Your cab with driver Suresh is arriving in 3 mins. OTP: 518739. – Ola,Travel Deals
"Trip reminder: Pune → Bangalore, 27-Oct-25. Have a safe journey! – Goibibo",Travel Deals
"Hotel booking confirmed at ITC Grand, Pune. Check-in: 14-Oct, Check-out: 17-Oct. – Booking.com",Travel Deals
"Hotel booking confirmed at Oberoi, Chennai. Check-in: 11-Oct, Check-out: 18-Oct. – Booking.com",Travel Deals
"Trip reminder: Bangalore → Hyderabad, 27-Oct-25. Have a safe journey! – MakeMyTrip",Travel Deals
Your cab with driver Vikram is arriving in 8 mins. OTP: 696319. – Rapido,Travel Deals
Train 35181 (Rajdhani Exp) booking confirmed. PNR: 769165. – IRCTC,Travel Deals
Train 13410 (Rajdhani Exp) booking confirmed. PNR: 842329. – IRCTC,Travel Deals
Train 24983 (Rajdhani Exp) booking confirmed. PNR: 997420. – IRCTC,Travel Deals
Your cab with driver Vikram is arriving in 4 mins. OTP: 200505. – Ola,Travel Deals
Train 98509 (Shatabdi Exp) booking confirmed. PNR: 327684. – IRCTC,Travel Deals
"Trip reminder: Delhi → Pune, 26-Oct-25. Have a safe journey! – MakeMyTrip",Travel Deals
Your cab with driver Amit is arriving in 10 mins. OTP: 727431. – Uber,Travel Deals
Flight SG-651 from Mumbai to Mumbai departs at 11:39 AM on 20-Oct-25. – SpiceJet,Travel Deals
Flight AI-891 from Chennai to Delhi departs at 6:54 PM on 19-Oct-25. – SpiceJet,Travel Deals
Train 91187 (Shatabdi Exp) booking confirmed. PNR: 728839. – IRCTC,Travel Deals
Train 96688 (Rajdhani Exp) booking confirmed. PNR: 516015. – IRCTC,Travel Deals
Train 29409 (Shatabdi Exp) booking confirmed. PNR: 632789. – IRCTC,Travel Deals
Flight SG-657 from Delhi to Hyderabad departs at 12:38 PM on 27-Oct-25. – Air India,Travel Deals
"Hotel booking confirmed at ITC Grand, Chennai. Check-in: 12-Oct, Check-out: 18-Oct. – Booking.com",Travel Deals
"Hotel booking confirmed at Taj Palace, Hyderabad. Check-in: 13-Oct, Check-out: 18-Oct. – Booking.com",Travel Deals
"Hotel booking confirmed at ITC Grand, Mumbai. Check-in: 13-Oct, Check-out: 18-Oct. – Booking.com",Travel Deals
Flight AI-866 from Mumbai to Bangalore departs at 6:45 AM on 27-Oct-25. – Air India,Travel Deals
"Hotel booking confirmed at Taj Palace, Hyderabad. Check-in: 12-Oct, Check-out: 17-Oct. – Booking.com",Travel Deals
Your cab with driver Vikram is arriving in 10 mins. OTP: 294129. – Uber,Travel Deals
Flight 6E-506 from Chennai to Mumbai departs at 4:35 AM on 18-Oct-25. – Air India,Travel Deals
Train 52180 (Shatabdi Exp) booking confirmed. PNR: 716097. – IRCTC,Travel Deals
Flight UK-285 from Delhi to Bangalore departs at 7:27 AM on 28-Oct-25. – Vistara,Travel Deals
Your cab with driver Vikram is arriving in 10 mins. OTP: 413183. – Rapido,Travel Deals
"Hotel booking confirmed at Oberoi, Pune. Check-in: 11-Oct, Check-out: 18-Oct. – Booking.com",Travel Deals
Your cab with driver Vikram is arriving in 2 mins. OTP: 456192. – Ola,Travel Deals
Your cab with driver Vikram is arriving in 2 mins. OTP: 198482. – Rapido,Travel Deals
"Hotel booking confirmed at Leela, Pune. Check-in: 12-Oct, Check-out: 18-Oct. – Booking.com",Travel Deals
Train 57210 (Shatabdi Exp) booking confirmed. PNR: 911152. – IRCTC,Travel Deals
Your cab with driver Suresh is arriving in 6 mins. OTP: 477923. – Ola,Travel Deals
Flight AI-855 from Bangalore to Chennai departs at 1:32 AM on 13-Oct-25. – Indigo,Travel Deals
"Trip reminder: Pune → Bangalore, 22-Oct-25. Have a safe journey! – Yatra",Travel Deals
"Trip reminder: Mumbai → Delhi, 26-Oct-25. Have a safe journey! – Yatra",Travel Deals
Your cab with driver Suresh is arriving in 2 mins. OTP: 367273. – Uber,Travel Deals
"Hotel booking confirmed at Taj Palace, Delhi. Check-in: 10-Oct, Check-out: 15-Oct. – Booking.com",Travel Deals
"Hotel booking confirmed at Leela, Hyderabad. Check-in: 10-Oct, Check-out: 18-Oct. – Booking.com",Travel Deals
"Trip reminder: Delhi → Mumbai, 10-Oct-25. Have a safe journey! – Goibibo",Travel Deals
Flight SG-354 from Chennai to Hyderabad departs at 2:49 AM on 11-Oct-25. – Indigo,Travel Deals
"Hotel booking confirmed at Leela, Pune. Check-in: 14-Oct, Check-out: 18-Oct. – Booking.com",Travel Deals
Flight SG-852 from Chennai to Chennai departs at 10:54 PM on 20-Oct-25. – Indigo,Travel Deals
"Trip reminder: Chennai → Pune, 19-Oct-25. Have a safe journey! – Yatra",Travel Deals
Flight 6E-762 from Chennai to Hyderabad departs at 7:56 PM on 21-Oct-25. – SpiceJet,Travel Deals
Train 50875 (Duronto Exp) booking confirmed. PNR: 267163. – IRCTC,Travel Deals
Train 48845 (Rajdhani Exp) booking confirmed. PNR: 708055. – IRCTC,Travel Deals
Your cab with driver Suresh is arriving in 8 mins. OTP: 662322. – Rapido,Travel Deals
Your cab with driver Rajesh is arriving in 5 mins. OTP: 940677. – Rapido,Travel Deals
Flight UK-713 from Bangalore to Mumbai departs at 2:21 PM on 16-Oct-25. – SpiceJet,Travel Deals
Your cab with driver Suresh is arriving in 4 mins. OTP: 182906. – Rapido,Travel Deals
"Hotel booking confirmed at Taj Palace, Hyderabad. Check-in: 14-Oct, Check-out: 18-Oct. – Booking.com",Travel Deals
Your cab with driver Vikram is arriving in 10 mins. OTP: 663006. – Ola,Travel Deals
Your cab with driver Suresh is arriving in 4 mins. OTP: 421813. – Ola,Travel Deals
Your cab with driver Rajesh is arriving in 6 mins. OTP: 731043. – Rapido,Travel Deals
Flight AI-750 from Bangalore to Bangalore departs at 5:44 AM on 14-Oct-25. – Vistara,Travel Deals
"Trip reminder: Pune → Hyderabad, 26-Oct-25. Have a safe journey! – Yatra",Travel Deals
"Hotel booking confirmed at Oberoi, Pune. Check-in: 13-Oct, Check-out: 16-Oct. – Booking.com",Travel Deals
Your cab with driver Amit is arriving in 8 mins. OTP: 430217. – Ola,Travel Deals
"Trip reminder: Pune → Hyderabad, 10-Oct-25. Have a safe journey! – MakeMyTrip",Travel Deals
"Hotel booking confirmed at ITC Grand, Bangalore. Check-in: 10-Oct, Check-out: 17-Oct. – Booking.com",Travel Deals
"Trip reminder: Hyderabad → Hyderabad, 17-Oct-25. Have a safe journey! – Yatra",Travel Deals
"Hotel booking confirmed at Leela, Hyderabad. Check-in: 12-Oct, Check-out: 18-Oct. – Booking.com",Travel Deals
Your cab with driver Rajesh is arriving in 10 mins. OTP: 503862. – Rapido,Travel Deals
Train 85880 (Duronto Exp) booking confirmed. PNR: 269894. – IRCTC,Travel Deals
Flight SG-639 from Mumbai to Delhi departs at 9:38 PM on 14-Oct-25. – Air India,Travel Deals
"Hotel booking confirmed at Oberoi, Chennai. Check-in: 11-Oct, Check-out: 18-Oct. – Booking.com",Travel Deals
"Trip reminder: Mumbai → Delhi, 27-Oct-25. Have a safe journey! – Yatra",Travel Deals
Train 58009 (Duronto Exp) booking confirmed. PNR: 960523. – IRCTC,Travel Deals
"Trip reminder: Bangalore → Pune, 20-Oct-25. Have a safe journey! – Goibibo",Travel Deals
Train 26774 (Rajdhani Exp) booking confirmed. PNR: 983022. – IRCTC,Travel Deals
"Trip reminder: Mumbai → Delhi, 21-Oct-25. Have a safe journey! – Yatra",Travel Deals
"Hotel booking confirmed at Taj Palace, Delhi. Check-in: 13-Oct, Check-out: 15-Oct. – Booking.com",Travel Deals
"Hotel booking confirmed at ITC Grand, Delhi. Check-in: 12-Oct, Check-out: 18-Oct. – Booking.com",Travel Deals
Flight UK-622 from Bangalore to Hyderabad departs at 11:20 AM on 15-Oct-25. – Vistara,Travel Deals
Train 41586 (Shatabdi Exp) booking confirmed. PNR: 624295. – IRCTC,Travel Deals
Your cab with driver Amit is arriving in 3 mins. OTP: 686687. – Rapido,Travel Deals
"Trip reminder: Pune → Bangalore, 19-Oct-25. Have a safe journey! – MakeMyTrip",Travel Deals
Flight AI-661 from Mumbai to Hyderabad departs at 1:26 PM on 10-Oct-25. – Indigo,Travel Deals
"Trip reminder: Delhi → Hyderabad, 13-Oct-25. Have a safe journey! – Goibibo",Travel Deals
Your cab with driver Rajesh is arriving in 9 mins. OTP: 504557. – Uber,Travel Deals
Flight AI-946 from Mumbai to Bangalore departs at 12:29 PM on 24-Oct-25. – Air India,Travel Deals
Train 88811 (Duronto Exp) booking confirmed. PNR: 411924. – IRCTC,Travel Deals
Flight UK-269 from Bangalore to Bangalore departs at 12:14 PM on 25-Oct-25. – SpiceJet,Travel Deals
"Trip reminder: Delhi → Chennai, 12-Oct-25. Have a safe journey! – Yatra",Travel Deals
Flight 6E-398 from Bangalore to Hyderabad departs at 3:26 PM on 23-Oct-25. – Air India,Travel Deals
Flight AI-183 from Chennai to Delhi departs at 11:59 PM on 10-Oct-25. – Indigo,Travel Deals
"Trip reminder: Chennai → Delhi, 12-Oct-25. Have a safe journey! – Goibibo",Travel Deals
Train 66055 (Rajdhani Exp) booking confirmed. PNR: 474757. – IRCTC,Travel Deals
Your cab with driver Amit is arriving in 9 mins. OTP: 628878. – Uber,Travel Deals
Flight SG-570 from Mumbai to Delhi departs at 10:24 PM on 24-Oct-25. – Indigo,Travel Deals
"Hotel booking confirmed at ITC Grand, Pune. Check-in: 14-Oct, Check-out: 18-Oct. – Booking.com",Travel Deals
"Hotel booking confirmed at Leela, Delhi. Check-in: 10-Oct, Check-out: 15-Oct. – Booking.com",Travel Deals
Your cab with driver Suresh is arriving in 7 mins. OTP: 731134. – Rapido,Travel Deals
Train 90428 (Duronto Exp) booking confirmed. PNR: 682501. – IRCTC,Travel Deals
"Trip reminder: Hyderabad → Pune, 27-Oct-25. Have a safe journey! – MakeMyTrip",Travel Deals
Train 92449 (Duronto Exp) booking confirmed. PNR: 752396. – IRCTC,Travel Deals
Flight AI-479 from Hyderabad to Pune departs at 11:40 PM on 22-Oct-25. – Indigo,Travel Deals
Flight 6E-982 from Bangalore to Chennai departs at 1:49 PM on 26-Oct-25. – Air India,Travel Deals
Train 56244 (Rajdhani Exp) booking confirmed. PNR: 970879. – IRCTC,Travel Deals
Your cab with driver Rajesh is arriving in 7 mins. OTP: 388164. – Rapido,Travel Deals
Train 37211 (Rajdhani Exp) booking confirmed. PNR: 479861. – IRCTC,Travel Deals
"Trip reminder: Pune → Chennai, 22-Oct-25. Have a safe journey! – Yatra",Travel Deals
"Hotel booking confirmed at Taj Palace, Chennai. Check-in: 11-Oct, Check-out: 15-Oct. – Booking.com",Travel Deals
Train 54993 (Shatabdi Exp) booking confirmed. PNR: 312378. – IRCTC,Travel Deals
Train 31327 (Shatabdi Exp) booking confirmed. PNR: 132941. – IRCTC,Travel Deals
Train 69545 (Duronto Exp) booking confirmed. PNR: 820416. – IRCTC,Travel Deals
Train 83219 (Rajdhani Exp) booking confirmed. PNR: 196175. – IRCTC,Travel Deals
"Hotel booking confirmed at ITC Grand, Delhi. Check-in: 14-Oct, Check-out: 15-Oct. – Booking.com",Travel Deals
"Trip reminder: Pune → Pune, 11-Oct-25. Have a safe journey! – Yatra",Travel Deals
Train 96534 (Shatabdi Exp) booking confirmed. PNR: 824771. – IRCTC,Travel Deals
Train 58677 (Duronto Exp) booking confirmed. PNR: 902634. – IRCTC,Travel Deals
"Hotel booking confirmed at Oberoi, Chennai. Check-in: 11-Oct, Check-out: 17-Oct. – Booking.com",Travel Deals
Flight 6E-871 from Chennai to Bangalore departs at 12:38 PM on 14-Oct-25. – SpiceJet,Travel Deals
Train 37085 (Shatabdi Exp) booking confirmed. PNR: 115900. – IRCTC,Travel Deals
Your cab with driver Vikram is arriving in 2 mins. OTP: 932876. – Rapido,Travel Deals
Your cab with driver Rajesh is arriving in 9 mins. OTP: 745608. – Uber,Travel Deals
"Trip reminder: Bangalore → Delhi, 14-Oct-25. Have a safe journey! – Yatra",Travel Deals
"Hotel booking confirmed at Taj Palace, Mumbai. Check-in: 14-Oct, Check-out: 16-Oct. – Booking.com",Travel Deals
Your cab with driver Suresh is arriving in 9 mins. OTP: 385418. – Ola,Travel Deals
"Hotel booking confirmed at ITC Grand, Hyderabad. Check-in: 11-Oct, Check-out: 17-Oct. – Booking.com",Travel Deals
Train 62134 (Shatabdi Exp) booking confirmed. PNR: 124965. – IRCTC,Travel Deals
Train 35062 (Rajdhani Exp) booking confirmed. PNR: 875135. – IRCTC,Travel Deals
Your cab with driver Rajesh is arriving in 8 mins. OTP: 302471. – Ola,Travel Deals
Train 98118 (Shatabdi Exp) booking confirmed. PNR: 874017. – IRCTC,Travel Deals
"Trip reminder: Delhi → Delhi, 21-Oct-25. Have a safe journey! – MakeMyTrip",Travel Deals
Train 33012 (Shatabdi Exp) booking confirmed. PNR: 728892. – IRCTC,Travel Deals
"Hotel booking confirmed at Taj Palace, Pune. Check-in: 10-Oct, Check-out: 16-Oct. – Booking.com",Travel Deals
"Hotel booking confirmed at ITC Grand, Delhi. Check-in: 14-Oct, Check-out: 16-Oct. – Booking.com",Travel Deals
Your cab with driver Rajesh is arriving in 2 mins. OTP: 767906. – Rapido,Travel Deals
"Hotel booking confirmed at Leela, Pune. Check-in: 11-Oct, Check-out: 16-Oct. – Booking.com",Travel Deals
Your cab with driver Suresh is arriving in 4 mins. OTP: 444979. – Ola,Travel Deals
Your cab with driver Vikram is arriving in 9 mins. OTP: 508868. – Rapido,Travel Deals
"Hotel booking confirmed at ITC Grand, Bangalore. Check-in: 14-Oct, Check-out: 17-Oct. – Booking.com",Travel Deals
Your cab with driver Amit is arriving in 10 mins. OTP: 393354. – Rapido,Travel Deals
"Hotel booking confirmed at ITC Grand, Hyderabad. Check-in: 14-Oct, Check-out: 16-Oct. – Booking.com",Travel Deals
"Hotel booking confirmed at Oberoi, Hyderabad. Check-in: 10-Oct, Check-out: 17-Oct. – Booking.com",Travel Deals
Flight 6E-839 from Delhi to Delhi departs at 6:35 PM on 22-Oct-25. – Vistara,Travel Deals
"Trip reminder: Mumbai → Delhi, 18-Oct-25. Have a safe journey! – MakeMyTrip",Travel Deals
"Hotel booking confirmed at ITC Grand, Mumbai. Check-in: 10-Oct, Check-out: 18-Oct. – Booking.com",Travel Deals
Your cab with driver Suresh is arriving in 6 mins. OTP: 180637. – Uber,Travel Deals
Your cab with driver Suresh is arriving in 10 mins. OTP: 719418. – Uber,Travel Deals
"Trip reminder: Delhi → Chennai, 10-Oct-25. Have a safe journey! – Goibibo",Travel Deals
"Trip reminder: Pune → Hyderabad, 25-Oct-25. Have a safe journey! – Goibibo",Travel Deals
Your cab with driver Amit is arriving in 7 mins. OTP: 640490. – Ola,Travel Deals
Your cab with driver Amit is arriving in 9 mins. OTP: 341434. – Rapido,Travel Deals
Your cab with driver Rajesh is arriving in 9 mins. OTP: 346305. – Ola,Travel Deals
Flight UK-992 from Hyderabad to Pune departs at 5:59 AM on 14-Oct-25. – Indigo,Travel Deals
Your cab with driver Suresh is arriving in 2 mins. OTP: 911289. – Rapido,Travel Deals
Flight SG-933 from Bangalore to Pune departs at 11:30 AM on 26-Oct-25. – SpiceJet,Travel Deals
Flight 6E-779 from Delhi to Bangalore departs at 10:16 PM on 17-Oct-25. – SpiceJet,Travel Deals
Flight AI-311 from Mumbai to Delhi departs at 6:14 AM on 15-Oct-25. – SpiceJet,Travel Deals
Your cab with driver Amit is arriving in 8 mins. OTP: 548336. – Ola,Travel Deals
Your cab with driver Rajesh is arriving in 5 mins. OTP: 172758. – Ola,Travel Deals
"Hotel booking confirmed at Taj Palace, Hyderabad. Check-in: 13-Oct, Check-out: 18-Oct. – Booking.com",Travel Deals
"Hotel booking confirmed at Leela, Bangalore. Check-in: 11-Oct, Check-out: 17-Oct. – Booking.com",Travel Deals
Your cab with driver Vikram is arriving in 9 mins. OTP: 405901. – Uber,Travel Deals
Train 91293 (Shatabdi Exp) booking confirmed. PNR: 713655. – IRCTC,Travel Deals
"Hotel booking confirmed at ITC Grand, Hyderabad. Check-in: 10-Oct, Check-out: 15-Oct. – Booking.com",Travel Deals
Flight SG-653 from Chennai to Bangalore departs at 12:20 PM on 11-Oct-25. – Air India,Travel Deals
"Trip reminder: Pune → Bangalore, 24-Oct-25. Have a safe journey! – Yatra",Travel Deals
Your cab with driver Amit is arriving in 2 mins. OTP: 178442. – Ola,Travel Deals
"Hotel booking confirmed at Oberoi, Chennai. Check-in: 14-Oct, Check-out: 15-Oct. – Booking.com",Travel Deals
Train 29086 (Rajdhani Exp) booking confirmed. PNR: 550954. – IRCTC,Travel Deals
Your cab with driver Amit is arriving in 4 mins. OTP: 278110. – Uber,Travel Deals
"Trip reminder: Hyderabad → Bangalore, 15-Oct-25. Have a safe journey! – Yatra",Travel Deals
Flight 6E-528 from Bangalore to Delhi departs at 4:39 AM on 17-Oct-25. – Indigo,Travel Deals
"Trip reminder: Delhi → Chennai, 14-Oct-25. Have a safe journey! – Goibibo",Travel Deals
"Trip reminder: Hyderabad → Hyderabad, 18-Oct-25. Have a safe journey! – Yatra",Travel Deals
"Hotel booking confirmed at Leela, Pune. Check-in: 10-Oct, Check-out: 17-Oct. – Booking.com",Travel Deals
Your cab with driver Suresh is arriving in 10 mins. OTP: 640775. – Uber,Travel Deals
Your cab with driver Vikram is arriving in 5 mins. OTP: 431253. – Rapido,Travel Deals
"Trip reminder: Hyderabad → Delhi, 10-Oct-25. Have a safe journey! – Goibibo",Travel Deals
"Hotel booking confirmed at ITC Grand, Hyderabad. Check-in: 10-Oct, Check-out: 15-Oct. – Booking.com",Travel Deals
"Hotel booking confirmed at ITC Grand, Mumbai. Check-in: 14-Oct, Check-out: 18-Oct. – Booking.com",Travel Deals
"Hotel booking confirmed at Oberoi, Pune. Check-in: 11-Oct, Check-out: 17-Oct. – Booking.com",Travel Deals
Flight UK-439 from Bangalore to Bangalore departs at 1:17 AM on 12-Oct-25. – Air India,Travel Deals
"Trip reminder: Pune → Chennai, 11-Oct-25. Have a safe journey! – Goibibo",Travel Deals
Train 22837 (Rajdhani Exp) booking confirmed. PNR: 174303. – IRCTC,Travel Deals
Your cab with driver Rajesh is arriving in 3 mins. OTP: 588868. – Uber,Travel Deals
"Trip reminder: Bangalore → Pune, 27-Oct-25. Have a safe journey! – Yatra",Travel Deals
Your cab with driver Rajesh is arriving in 5 mins. OTP: 467587. – Ola,Travel Deals
Flight 6E-602 from Pune to Bangalore departs at 10:16 PM on 10-Oct-25. – Indigo,Travel Deals
Flight UK-398 from Hyderabad to Bangalore departs at 7:46 AM on 11-Oct-25. – Indigo,Travel Deals
"Trip reminder: Bangalore → Bangalore, 25-Oct-25. Have a safe journey! – Yatra",Travel Deals
"Hotel booking confirmed at Oberoi, Bangalore. Check-in: 11-Oct, Check-out: 18-Oct. – Booking.com",Travel Deals
Flight AI-433 from Chennai to Chennai departs at 8:39 PM on 20-Oct-25. – SpiceJet,Travel Deals
"Trip reminder: Mumbai → Pune, 28-Oct-25. Have a safe journey! – MakeMyTrip",Travel Deals
Your cab with driver Vikram is arriving in 10 mins. OTP: 957580. – Ola,Travel Deals
Train 22503 (Rajdhani Exp) booking confirmed. PNR: 561599. – IRCTC,Travel Deals
Your cab with driver Rajesh is arriving in 7 mins. OTP: 327437. – Rapido,Travel Deals
Flight SG-609 from Delhi to Hyderabad departs at 10:43 PM on 15-Oct-25. – Air India,Travel Deals
"Hotel booking confirmed at Leela, Bangalore. Check-in: 11-Oct, Check-out: 15-Oct. – Booking.com",Travel Deals
Train 36440 (Shatabdi Exp) booking confirmed. PNR: 340004. – IRCTC,Travel Deals
"Trip reminder: Mumbai → Pune, 18-Oct-25. Have a safe journey! – MakeMyTrip",Travel Deals
Flight AI-685 from Delhi to Pune departs at 8:27 PM on 26-Oct-25. – Indigo,Travel Deals
"Hotel booking confirmed at Oberoi, Delhi. Check-in: 13-Oct, Check-out: 18-Oct. – Booking.com",Travel Deals
"Trip reminder: Mumbai → Mumbai, 27-Oct-25. Have a safe journey! – Goibibo",Travel Deals
"Trip reminder: Chennai → Delhi, 12-Oct-25. Have a safe journey! – MakeMyTrip",Travel Deals
"Trip reminder: Pune → Delhi, 10-Oct-25. Have a safe journey! – MakeMyTrip",Travel Deals
Train 34169 (Duronto Exp) booking confirmed. PNR: 972776. – IRCTC,Travel Deals
"Hotel booking confirmed at ITC Grand, Mumbai. Check-in: 12-Oct, Check-out: 18-Oct. – Booking.com",Travel Deals
Your cab with driver Rajesh is arriving in 4 mins. OTP: 788831. – Rapido,Travel Deals
"Hotel booking confirmed at ITC Grand, Hyderabad. Check-in: 12-Oct, Check-out: 17-Oct. – Booking.com",Travel Deals
Train 49424 (Duronto Exp) booking confirmed. PNR: 640272. – IRCTC,Travel Deals
"Trip reminder: Pune → Mumbai, 28-Oct-25. Have a safe journey! – Yatra",Travel Deals
Flight 6E-451 from Chennai to Delhi departs at 12:22 PM on 19-Oct-25. – Indigo,Travel Deals
Train 17524 (Rajdhani Exp) booking confirmed. PNR: 613612. – IRCTC,Travel Deals
Train 92621 (Shatabdi Exp) booking confirmed. PNR: 632215. – IRCTC,Travel Deals
Train 89447 (Shatabdi Exp) booking confirmed. PNR: 644655. – IRCTC,Travel Deals
Your cab with driver Vikram is arriving in 5 mins. OTP: 257608. – Rapido,Travel Deals
"Trip reminder: Bangalore → Pune, 20-Oct-25. Have a safe journey! – Goibibo",Travel Deals
Your cab with driver Rajesh is arriving in 7 mins. OTP: 471575. – Rapido,Travel Deals
"Trip reminder: Pune → Chennai, 10-Oct-25. Have a safe journey! – MakeMyTrip",Travel Deals
"Hotel booking confirmed at Oberoi, Hyderabad. Check-in: 12-Oct, Check-out: 16-Oct. – Booking.com",Travel Deals
Your cab with driver Suresh is arriving in 9 mins. OTP: 879866. – Rapido,Travel Deals
Your cab with driver Suresh is arriving in 8 mins. OTP: 786479. – Rapido,Travel Deals
"Hotel booking confirmed at ITC Grand, Pune. Check-in: 13-Oct, Check-out: 17-Oct. – Booking.com",Travel Deals
"Trip reminder: Mumbai → Hyderabad, 12-Oct-25. Have a safe journey! – MakeMyTrip",Travel Deals
"Trip reminder: Hyderabad → Delhi, 20-Oct-25. Have a safe journey! – Goibibo",Travel Deals
Your cab with driver Rajesh is arriving in 3 mins. OTP: 217737. – Ola,Travel Deals
Train 20970 (Rajdhani Exp) booking confirmed. PNR: 963457. – IRCTC,Travel Deals
Flight UK-795 from Chennai to Mumbai departs at 4:15 AM on 16-Oct-25. – SpiceJet,Travel Deals
"Trip reminder: Delhi → Mumbai, 23-Oct-25. Have a safe journey! – Yatra",Travel Deals
Your cab with driver Rajesh is arriving in 7 mins. OTP: 611635. – Ola,Travel Deals
"Trip reminder: Pune → Mumbai, 27-Oct-25. Have a safe journey! – Yatra",Travel Deals
Flight 6E-381 from Bangalore to Pune departs at 4:33 AM on 18-Oct-25. – Vistara,Travel Deals
"Hotel booking confirmed at ITC Grand, Delhi. Check-in: 10-Oct, Check-out: 16-Oct. – Booking.com",Travel Deals
Your cab with driver Amit is arriving in 2 mins. OTP: 756153. – Uber,Travel Deals
Train 33031 (Rajdhani Exp) booking confirmed. PNR: 209721. – IRCTC,Travel Deals
Flight SG-890 from Mumbai to Delhi departs at 8:59 PM on 27-Oct-25. – Indigo,Travel Deals
Your cab with driver Suresh is arriving in 5 mins. OTP: 664261. – Rapido,Travel Deals
Your cab with driver Amit is arriving in 5 mins. OTP: 265544. – Ola,Travel Deals
Flight AI-873 from Pune to Delhi departs at 4:52 AM on 20-Oct-25. – Indigo,Travel Deals
"Trip reminder: Pune → Hyderabad, 21-Oct-25. Have a safe journey! – MakeMyTrip",Travel Deals
Flight UK-738 from Chennai to Mumbai departs at 1:19 PM on 28-Oct-25. – SpiceJet,Travel Deals
Your cab with driver Vikram is arriving in 4 mins. OTP: 441310. – Uber,Travel Deals
Flight 6E-292 from Chennai to Hyderabad departs at 3:19 AM on 14-Oct-25. – Vistara,Travel Deals
Your cab with driver Amit is arriving in 4 mins. OTP: 863879. – Uber,Travel Deals
"Hotel booking confirmed at Taj Palace, Mumbai. Check-in: 10-Oct, Check-out: 18-Oct. – Booking.com",Travel Deals
Train 75844 (Rajdhani Exp) booking confirmed. PNR: 980359. – IRCTC,Travel Deals
"Hotel booking confirmed at Oberoi, Hyderabad. Check-in: 13-Oct, Check-out: 16-Oct. – Booking.com",Travel Deals
"Hotel booking confirmed at ITC Grand, Bangalore. Check-in: 11-Oct, Check-out: 18-Oct. – Booking.com",Travel Deals
Flight 6E-363 from Mumbai to Mumbai departs at 1:33 PM on 25-Oct-25. – Indigo,Travel Deals
"Hotel booking confirmed at Oberoi, Mumbai. Check-in: 14-Oct, Check-out: 15-Oct. – Booking.com",Travel Deals
Flight SG-563 from Pune to Delhi departs at 10:29 AM on 24-Oct-25. – Indigo,Travel Deals
Flight 6E-975 from Chennai to Delhi departs at 8:46 AM on 26-Oct-25. – Vistara,Travel Deals
"Hotel booking confirmed at ITC Grand, Hyderabad. Check-in: 13-Oct, Check-out: 16-Oct. – Booking.com",Travel Deals
"Hotel booking confirmed at ITC Grand, Bangalore. Check-in: 14-Oct, Check-out: 17-Oct. – Booking.com",Travel Deals
Your cab with driver Amit is arriving in 5 mins. OTP: 818938. – Ola,Travel Deals
Train 39196 (Rajdhani Exp) booking confirmed. PNR: 862295. – IRCTC,Travel Deals
Train 58923 (Duronto Exp) booking confirmed. PNR: 951785. – IRCTC,Travel Deals
Flight AI-428 from Mumbai to Bangalore departs at 2:17 PM on 11-Oct-25. – SpiceJet,Travel Deals
Flight AI-545 from Mumbai to Hyderabad departs at 9:44 AM on 10-Oct-25. – Indigo,Travel Deals
"Trip reminder: Chennai → Mumbai, 15-Oct-25. Have a safe journey! – MakeMyTrip",Travel Deals
"Trip reminder: Bangalore → Mumbai, 26-Oct-25. Have a safe journey! – Yatra",Travel Deals
Your cab with driver Rajesh is arriving in 5 mins. OTP: 974783. – Uber,Travel Deals
"Hotel booking confirmed at Leela, Bangalore. Check-in: 13-Oct, Check-out: 17-Oct. – Booking.com",Travel Deals
"Trip reminder: Delhi → Hyderabad, 19-Oct-25. Have a safe journey! – MakeMyTrip",Travel Deals
Train 17664 (Shatabdi Exp) booking confirmed. PNR: 286607. – IRCTC,Travel Deals
Your cab with driver Rajesh is arriving in 6 mins. OTP: 399725. – Rapido,Travel Deals
Train 82972 (Shatabdi Exp) booking confirmed. PNR: 917125. – IRCTC,Travel Deals
Train 16394 (Duronto Exp) booking confirmed. PNR: 322937. – IRCTC,Travel Deals
"Hotel booking confirmed at Taj Palace, Hyderabad. Check-in: 12-Oct, Check-out: 15-Oct. – Booking.com",Travel Deals
"Trip reminder: Pune → Pune, 15-Oct-25. Have a safe journey! – Goibibo",Travel Deals
Train 50654 (Duronto Exp) booking confirmed. PNR: 839757. – IRCTC,Travel Deals
Flight SG-649 from Chennai to Hyderabad departs at 9:10 PM on 26-Oct-25. – SpiceJet,Travel Deals
"Hotel booking confirmed at Taj Palace, Hyderabad. Check-in: 14-Oct, Check-out: 17-Oct. – Booking.com",Travel Deals
"Hotel booking confirmed at Oberoi, Chennai. Check-in: 10-Oct, Check-out: 17-Oct. – Booking.com",Travel Deals
Train 48083 (Duronto Exp) booking confirmed. PNR: 317091. – IRCTC,Travel Deals
"Hotel booking confirmed at Oberoi, Delhi. Check-in: 11-Oct, Check-out: 16-Oct. – Booking.com",Travel Deals
Your cab with driver Amit is arriving in 2 mins. OTP: 805666. – Rapido,Travel Deals
Your cab with driver Amit is arriving in 6 mins. OTP: 895359. – Uber,Travel Deals
Flight AI-775 from Chennai to Bangalore departs at 7:42 PM on 13-Oct-25. – Indigo,Travel Deals
Your cab with driver Amit is arriving in 7 mins. OTP: 374761. – Uber,Travel Deals
Flight SG-902 from Delhi to Bangalore departs at 4:23 PM on 28-Oct-25. – SpiceJet,Travel Deals
"Trip reminder: Chennai → Mumbai, 24-Oct-25. Have a safe journey! – MakeMyTrip",Travel Deals
"Hotel booking confirmed at ITC Grand, Chennai. Check-in: 11-Oct, Check-out: 15-Oct. – Booking.com",Travel Deals
Train 63998 (Rajdhani Exp) booking confirmed. PNR: 791545. – IRCTC,Travel Deals
Your cab with driver Vikram is arriving in 8 mins. OTP: 717047. – Uber,Travel Deals
Your cab with driver Rajesh is arriving in 8 mins. OTP: 297443. – Rapido,Travel Deals
Flight AI-728 from Bangalore to Pune departs at 8:34 AM on 21-Oct-25. – Indigo,Travel Deals
Your cab with driver Suresh is arriving in 9 mins. OTP: 936517. – Uber,Travel Deals
Flight UK-385 from Pune to Pune departs at 5:41 PM on 12-Oct-25. – Indigo,Travel Deals
"Hotel booking confirmed at Taj Palace, Chennai. Check-in: 14-Oct, Check-out: 18-Oct. – Booking.com",Travel Deals
Flight 6E-621 from Mumbai to Bangalore departs at 3:44 PM on 10-Oct-25. – Air India,Travel Deals
Flight UK-570 from Chennai to Pune departs at 6:49 PM on 13-Oct-25. – Air India,Travel Deals
Train 70930 (Shatabdi Exp) booking confirmed. PNR: 314935. – IRCTC,Travel Deals
Flight 6E-542 from Bangalore to Hyderabad departs at 11:58 AM on 28-Oct-25. – Vistara,Travel Deals
"Trip reminder: Hyderabad → Chennai, 22-Oct-25. Have a safe journey! – Goibibo",Travel Deals
"Hotel booking confirmed at Oberoi, Bangalore. Check-in: 13-Oct, Check-out: 15-Oct. – Booking.com",Travel Deals
Train 14938 (Shatabdi Exp) booking confirmed. PNR: 135069. – IRCTC,Travel Deals
Flight 6E-930 from Hyderabad to Bangalore departs at 6:17 AM on 16-Oct-25. – Indigo,Travel Deals
Your cab with driver Vikram is arriving in 7 mins. OTP: 190559. – Uber,Travel Deals
Train 43750 (Duronto Exp) booking confirmed. PNR: 641117. – IRCTC,Travel Deals
Train 44814 (Duronto Exp) booking confirmed. PNR: 586371. – IRCTC,Travel Deals
Flight 6E-865 from Hyderabad to Bangalore departs at 2:41 AM on 19-Oct-25. – SpiceJet,Travel Deals
Your cab with driver Rajesh is arriving in 6 mins. OTP: 716900. – Uber,Travel Deals
"Trip reminder: Bangalore → Hyderabad, 21-Oct-25. Have a safe journey! – MakeMyTrip",Travel Deals
Flight SG-591 from Delhi to Hyderabad departs at 10:39 PM on 20-Oct-25. – Vistara,Travel Deals
"Hotel booking confirmed at ITC Grand, Pune. Check-in: 13-Oct, Check-out: 17-Oct. – Booking.com",Travel Deals
"Trip reminder: Bangalore → Delhi, 13-Oct-25. Have a safe journey! – Yatra",Travel Deals
Your cab with driver Rajesh is arriving in 6 mins. OTP: 307164. – Ola,Travel Deals
Your cab with driver Suresh is arriving in 2 mins. OTP: 852986. – Ola,Travel Deals
Your cab with driver Amit is arriving in 9 mins. OTP: 737972. – Rapido,Travel Deals
"Trip reminder: Bangalore → Pune, 14-Oct-25. Have a safe journey! – MakeMyTrip",Travel Deals
Train 96829 (Shatabdi Exp) booking confirmed. PNR: 742022. – IRCTC,Travel Deals
"Trip reminder: Chennai → Delhi, 24-Oct-25. Have a safe journey! – Goibibo",Travel Deals
Your cab with driver Rajesh is arriving in 8 mins. OTP: 102864. – Rapido,Travel Deals
Train 44770 (Duronto Exp) booking confirmed. PNR: 956279. – IRCTC,Travel Deals
Train 62725 (Duronto Exp) booking confirmed. PNR: 171810. – IRCTC,Travel Deals
"Hotel booking confirmed at Taj Palace, Mumbai. Check-in: 11-Oct, Check-out: 16-Oct. – Booking.com",Travel Deals
Flight UK-218 from Chennai to Chennai departs at 6:10 PM on 28-Oct-25. – Vistara,Travel Deals
"Trip reminder: Mumbai → Chennai, 23-Oct-25. Have a safe journey! – Goibibo",Travel Deals
Train 33145 (Shatabdi Exp) booking confirmed. PNR: 594420. – IRCTC,Travel Deals
"Hotel booking confirmed at Oberoi, Delhi. Check-in: 10-Oct, Check-out: 16-Oct. – Booking.com",Travel Deals
Train 75481 (Shatabdi Exp) booking confirmed. PNR: 441465. – IRCTC,Travel Deals
"Trip reminder: Chennai → Chennai, 25-Oct-25. Have a safe journey! – Yatra",Travel Deals
"Hotel booking confirmed at Leela, Chennai. Check-in: 11-Oct, Check-out: 15-Oct. – Booking.com",Travel Deals
"Trip reminder: Hyderabad → Chennai, 13-Oct-25. Have a safe journey! – Goibibo",Travel Deals
"Trip reminder: Pune → Hyderabad, 23-Oct-25. Have a safe journey! – Yatra",Travel Deals
Train 23700 (Duronto Exp) booking confirmed. PNR: 814710. – IRCTC,Travel Deals
Your cab with driver Vikram is arriving in 2 mins. OTP: 349729. – Ola,Travel Deals
Train 38533 (Duronto Exp) booking confirmed. PNR: 520636. – IRCTC,Travel Deals
Your cab with driver Rajesh is arriving in 8 mins. OTP: 638813. – Uber,Travel Deals
"Hotel booking confirmed at Leela, Chennai. Check-in: 12-Oct, Check-out: 18-Oct. – Booking.com",Travel Deals
Train 63047 (Shatabdi Exp) booking confirmed. PNR: 632133. – IRCTC,Travel Deals
Your cab with driver Rajesh is arriving in 8 mins. OTP: 943876. – Ola,Travel Deals
"Trip reminder: Hyderabad → Chennai, 13-Oct-25. Have a safe journey! – MakeMyTrip",Travel Deals
"Hotel booking confirmed at ITC Grand, Pune. Check-in: 12-Oct, Check-out: 16-Oct. – Booking.com",Travel Deals
"Trip reminder: Hyderabad → Hyderabad, 18-Oct-25. Have a safe journey! – Yatra",Travel Deals
Your cab with driver Suresh is arriving in 9 mins. OTP: 697862. – Rapido,Travel Deals
"Hotel booking confirmed at ITC Grand, Pune. Check-in: 14-Oct, Check-out: 18-Oct. – Booking.com",Travel Deals
Flight UK-395 from Mumbai to Bangalore departs at 2:26 AM on 10-Oct-25. – Air India,Travel Deals
Your cab with driver Rajesh is arriving in 4 mins. OTP: 545151. – Uber,Travel Deals
Your cab with driver Suresh is arriving in 3 mins. OTP: 126044. – Ola,Travel Deals
Train 50847 (Rajdhani Exp) booking confirmed. PNR: 592727. – IRCTC,Travel Deals
"Trip reminder: Pune → Delhi, 22-Oct-25. Have a safe journey! – MakeMyTrip",Travel Deals
Flight UK-857 from Chennai to Pune departs at 1:30 PM on 13-Oct-25. – SpiceJet,Travel Deals
"Hotel booking confirmed at Taj Palace, Delhi. Check-in: 14-Oct, Check-out: 15-Oct. – Booking.com",Travel Deals
Flight AI-966 from Pune to Bangalore departs at 7:26 PM on 26-Oct-25. – Indigo,Travel Deals
Train 13211 (Shatabdi Exp) booking confirmed. PNR: 668347. – IRCTC,Travel Deals
Your cab with driver Amit is arriving in 7 mins. OTP: 307174. – Rapido,Travel Deals
"Trip reminder: Mumbai → Chennai, 14-Oct-25. Have a safe journey! – Goibibo",Travel Deals
Your cab with driver Vikram is arriving in 10 mins. OTP: 268044. – Rapido,Travel Deals
"Hotel booking confirmed at Taj Palace, Chennai. Check-in: 10-Oct, Check-out: 18-Oct. – Booking.com",Travel Deals
Flight AI-328 from Pune to Bangalore departs at 10:38 PM on 17-Oct-25. – Vistara,Travel Deals
Flight AI-926 from Bangalore to Hyderabad departs at 9:55 PM on 12-Oct-25. – Vistara,Travel Deals
Train 95366 (Rajdhani Exp) booking confirmed. PNR: 152679. – IRCTC,Travel Deals
Flight AI-138 from Hyderabad to Hyderabad departs at 2:34 PM on 15-Oct-25. – SpiceJet,Travel Deals
"Hotel booking confirmed at Leela, Bangalore. Check-in: 11-Oct, Check-out: 16-Oct. – Booking.com",Travel Deals
"Trip reminder: Delhi → Delhi, 25-Oct-25. Have a safe journey! – Goibibo",Travel Deals
"Trip reminder: Mumbai → Bangalore, 19-Oct-25. Have a safe journey! – Yatra",Travel Deals
"Hotel booking confirmed at Oberoi, Hyderabad. Check-in: 13-Oct, Check-out: 17-Oct. – Booking.com",Travel Deals
Your cab with driver Rajesh is arriving in 7 mins. OTP: 161232. – Ola,Travel Deals
Flight UK-576 from Pune to Delhi departs at 6:34 PM on 21-Oct-25. – Air India,Travel Deals
Flight 6E-646 from Bangalore to Mumbai departs at 2:56 PM on 15-Oct-25. – SpiceJet,Travel Deals
Flight UK-780 from Delhi to Pune departs at 12:24 PM on 27-Oct-25. – SpiceJet,Travel Deals
Train 16112 (Rajdhani Exp) booking confirmed. PNR: 117710. – IRCTC,Travel Deals
Train 12512 (Duronto Exp) booking confirmed. PNR: 169940. – IRCTC,Travel Deals
Flight UK-154 from Pune to Mumbai departs at 1:26 PM on 12-Oct-25. – SpiceJet,Travel Deals
Train 43572 (Rajdhani Exp) booking confirmed. PNR: 155784. – IRCTC,Travel Deals
Train 67467 (Rajdhani Exp) booking confirmed. PNR: 152774. – IRCTC,Travel Deals
Your cab with driver Amit is arriving in 9 mins. OTP: 539918. – Rapido,Travel Deals
"Trip reminder: Hyderabad → Bangalore, 15-Oct-25. Have a safe journey! – Goibibo",Travel Deals
Flight AI-788 from Delhi to Chennai departs at 10:23 PM on 10-Oct-25. – Vistara,Travel Deals
"Trip reminder: Pune → Delhi, 20-Oct-25. Have a safe journey! – MakeMyTrip",Travel Deals
"Trip reminder: Delhi → Mumbai, 15-Oct-25. Have a safe journey! – Yatra",Travel Deals
"Trip reminder: Chennai → Chennai, 16-Oct-25. Have a safe journey! – Yatra",Travel Deals
"Trip reminder: Pune → Bangalore, 16-Oct-25. Have a safe journey! – Yatra",Travel Deals
"Hotel booking confirmed at Taj Palace, Chennai. Check-in: 11-Oct, Check-out: 18-Oct. – Booking.com",Travel Deals
Train 81305 (Rajdhani Exp) booking confirmed. PNR: 764608. – IRCTC,Travel Deals
"Trip reminder: Hyderabad → Chennai, 21-Oct-25. Have a safe journey! – MakeMyTrip",Travel Deals
Train 82522 (Duronto Exp) booking confirmed. PNR: 851414. – IRCTC,Travel Deals
Your cab with driver Vikram is arriving in 6 mins. OTP: 312511. – Uber,Travel Deals
Train 58674 (Rajdhani Exp) booking confirmed. PNR: 301146. – IRCTC,Travel Deals
Flight AI-443 from Chennai to Hyderabad departs at 4:39 AM on 25-Oct-25. – Air India,Travel Deals
Your cab with driver Suresh is arriving in 10 mins. OTP: 519464. – Ola,Travel Deals
Your cab with driver Rajesh is arriving in 10 mins. OTP: 434936. – Rapido,Travel Deals
"Hotel booking confirmed at Leela, Delhi. Check-in: 11-Oct, Check-out: 18-Oct. – Booking.com",Travel Deals
"Hotel booking confirmed at Taj Palace, Delhi. Check-in: 10-Oct, Check-out: 17-Oct. – Booking.com",Travel Deals
Your cab with driver Vikram is arriving in 4 mins. OTP: 695918. – Uber,Travel Deals
"Trip reminder: Pune → Pune, 10-Oct-25. Have a safe journey! – Goibibo",Travel Deals
"Trip reminder: Chennai → Bangalore, 20-Oct-25. Have a safe journey! – Goibibo",Travel Deals
Train 57748 (Rajdhani Exp) booking confirmed. PNR: 677784. – IRCTC,Travel Deals
Train 70036 (Duronto Exp) booking confirmed. PNR: 168482. – IRCTC,Travel Deals
Your cab with driver Vikram is arriving in 3 mins. OTP: 435677. – Rapido,Travel Deals
Train 32175 (Duronto Exp) booking confirmed. PNR: 545366. – IRCTC,Travel Deals
"Trip reminder: Hyderabad → Pune, 12-Oct-25. Have a safe journey! – MakeMyTrip",Travel Deals
"Hotel booking confirmed at Oberoi, Delhi. Check-in: 14-Oct, Check-out: 17-Oct. – Booking.com",Travel Deals
Your cab with driver Amit is arriving in 2 mins. OTP: 207884. – Rapido,Travel Deals
Your cab with driver Rajesh is arriving in 2 mins. OTP: 786675. – Uber,Travel Deals
Your cab with driver Amit is arriving in 4 mins. OTP: 730300. – Ola,Travel Deals
Flight 6E-161 from Mumbai to Hyderabad departs at 8:19 AM on 25-Oct-25. – SpiceJet,Travel Deals
"Trip reminder: Delhi → Chennai, 28-Oct-25. Have a safe journey! – Yatra",Travel Deals
"Trip reminder: Mumbai → Delhi, 18-Oct-25. Have a safe journey! – Yatra",Travel Deals
"Hotel booking confirmed at Taj Palace, Chennai. Check-in: 12-Oct, Check-out: 18-Oct. – Booking.com",Travel Deals
Train 38547 (Rajdhani Exp) booking confirmed. PNR: 240377. – IRCTC,Travel Deals
Flight 6E-255 from Pune to Bangalore departs at 1:50 AM on 27-Oct-25. – SpiceJet,Travel Deals
Your cab with driver Suresh is arriving in 9 mins. OTP: 353861. – Ola,Travel Deals
"Trip reminder: Pune → Delhi, 11-Oct-25. Have a safe journey! – Goibibo",Travel Deals
Your cab with driver Amit is arriving in 5 mins. OTP: 751730. – Uber,Travel Deals
Flight AI-747 from Hyderabad to Pune departs at 12:28 PM on 21-Oct-25. – Air India,Travel Deals
Your cab with driver Amit is arriving in 7 mins. OTP: 129506. – Uber,Travel Deals
"Trip reminder: Bangalore → Pune, 14-Oct-25. Have a safe journey! – Goibibo",Travel Deals
"Trip reminder: Hyderabad → Bangalore, 10-Oct-25. Have a safe journey! – Yatra",Travel Deals
"Hotel booking confirmed at Oberoi, Pune. Check-in: 13-Oct, Check-out: 16-Oct. – Booking.com",Travel Deals
"Hotel booking confirmed at ITC Grand, Pune. Check-in: 10-Oct, Check-out: 17-Oct. – Booking.com",Travel Deals
"Hotel booking confirmed at Taj Palace, Pune. Check-in: 11-Oct, Check-out: 18-Oct. – Booking.com",Travel Deals
"Hotel booking confirmed at Taj Palace, Delhi. Check-in: 10-Oct, Check-out: 17-Oct. – Booking.com",Travel Deals
Your cab with driver Suresh is arriving in 2 mins. OTP: 431358. – Rapido,Travel Deals
Train 42299 (Rajdhani Exp) booking confirmed. PNR: 884634. – IRCTC,Travel Deals
"Hotel booking confirmed at Taj Palace, Delhi. Check-in: 13-Oct, Check-out: 18-Oct. – Booking.com",Travel Deals
Train 60894 (Shatabdi Exp) booking confirmed. PNR: 937971. – IRCTC,Travel Deals
"Hotel booking confirmed at Taj Palace, Delhi. Check-in: 13-Oct, Check-out: 15-Oct. – Booking.com",Travel Deals
"Trip reminder: Delhi → Chennai, 27-Oct-25. Have a safe journey! – MakeMyTrip",Travel Deals
Flight 6E-227 from Chennai to Mumbai departs at 10:40 AM on 18-Oct-25. – Vistara,Travel Deals
Flight UK-614 from Pune to Pune departs at 12:23 AM on 21-Oct-25. – Air India,Travel Deals
Your cab with driver Amit is arriving in 6 mins. OTP: 386053. – Rapido,Travel Deals
Train 65014 (Shatabdi Exp) booking confirmed. PNR: 910135. – IRCTC,Travel Deals
"Trip reminder: Mumbai → Bangalore, 21-Oct-25. Have a safe journey! – Yatra",Travel Deals
Train 27548 (Duronto Exp) booking confirmed. PNR: 779750. – IRCTC,Travel Deals
Flight AI-386 from Bangalore to Pune departs at 3:43 AM on 22-Oct-25. – Air India,Travel Deals
Your cab with driver Vikram is arriving in 7 mins. OTP: 174268. – Ola,Travel Deals
Flight UK-632 from Bangalore to Mumbai departs at 3:24 PM on 11-Oct-25. – Indigo,Travel Deals
Train 27272 (Duronto Exp) booking confirmed. PNR: 179414. – IRCTC,Travel Deals
Train 34111 (Duronto Exp) booking confirmed. PNR: 489072. – IRCTC,Travel Deals
"Hotel booking confirmed at Leela, Delhi. Check-in: 11-Oct, Check-out: 16-Oct. – Booking.com",Travel Deals
"Hotel booking confirmed at Oberoi, Pune. Check-in: 13-Oct, Check-out: 15-Oct. – Booking.com",Travel Deals
Flight SG-887 from Delhi to Pune departs at 5:46 PM on 24-Oct-25. – SpiceJet,Travel Deals
Flight SG-106 from Hyderabad to Delhi departs at 3:17 PM on 14-Oct-25. – Vistara,Travel Deals
"Trip reminder: Bangalore → Pune, 16-Oct-25. Have a safe journey! – MakeMyTrip",Travel Deals
Train 31831 (Rajdhani Exp) booking confirmed. PNR: 281829. – IRCTC,Travel Deals
"Hotel booking confirmed at Taj Palace, Pune. Check-in: 11-Oct, Check-out: 15-Oct. – Booking.com",Travel Deals
"Trip reminder: Delhi → Delhi, 25-Oct-25. Have a safe journey! – Yatra",Travel Deals
Your cab with driver Amit is arriving in 7 mins. OTP: 836423. – Ola,Travel Deals
"Trip reminder: Hyderabad → Hyderabad, 19-Oct-25. Have a safe journey! – MakeMyTrip",Travel Deals
Your cab with driver Amit is arriving in 4 mins. OTP: 456209. – Ola,Travel Deals
Your cab with driver Amit is arriving in 5 mins. OTP: 363339. – Ola,Travel Deals
Your cab with driver Suresh is arriving in 4 mins. OTP: 600250. – Rapido,Travel Deals
"Trip reminder: Pune → Pune, 14-Oct-25. Have a safe journey! – Goibibo",Travel Deals
Train 81809 (Rajdhani Exp) booking confirmed. PNR: 688639. – IRCTC,Travel Deals
"Trip reminder: Bangalore → Delhi, 23-Oct-25. Have a safe journey! – MakeMyTrip",Travel Deals
"Hotel booking confirmed at ITC Grand, Delhi. Check-in: 11-Oct, Check-out: 16-Oct. – Booking.com",Travel Deals
"Trip reminder: Chennai → Mumbai, 18-Oct-25. Have a safe journey! – Yatra",Travel Deals
Your cab with driver Rajesh is arriving in 9 mins. OTP: 106613. – Ola,Travel Deals
Train 55778 (Shatabdi Exp) booking confirmed. PNR: 913908. – IRCTC,Travel Deals
Your cab with driver Rajesh is arriving in 8 mins. OTP: 316343. – Uber,Travel Deals
"Trip reminder: Chennai → Bangalore, 14-Oct-25. Have a safe journey! – Goibibo",Travel Deals
"Trip reminder: Hyderabad → Bangalore, 11-Oct-25. Have a safe journey! – Yatra",Travel Deals
"Trip reminder: Pune → Chennai, 23-Oct-25. Have a safe journey! – MakeMyTrip",Travel Deals
"Trip reminder: Hyderabad → Delhi, 25-Oct-25. Have a safe journey! – MakeMyTrip",Travel Deals
"Hotel booking confirmed at Leela, Chennai. Check-in: 12-Oct, Check-out: 18-Oct. – Booking.com",Travel Deals
Train 89828 (Duronto Exp) booking confirmed. PNR: 210066. – IRCTC,Travel Deals
Flight 6E-176 from Pune to Chennai departs at 3:51 AM on 25-Oct-25. – Air India,Travel Deals
Your cab with driver Amit is arriving in 2 mins. OTP: 923259. – Ola,Travel Deals
"Hotel booking confirmed at ITC Grand, Chennai. Check-in: 14-Oct, Check-out: 18-Oct. – Booking.com",Travel Deals
Your cab with driver Vikram is arriving in 4 mins. OTP: 242682. – Rapido,Travel Deals
Your cab with driver Rajesh is arriving in 3 mins. OTP: 975275. – Ola,Travel Deals
Train 64740 (Duronto Exp) booking confirmed. PNR: 887603. – IRCTC,Travel Deals
Flight UK-623 from Hyderabad to Hyderabad departs at 5:56 PM on 27-Oct-25. – Indigo,Travel Deals
Train 78714 (Rajdhani Exp) booking confirmed. PNR: 151866. – IRCTC,Travel Deals
"Hotel booking confirmed at Leela, Hyderabad. Check-in: 12-Oct, Check-out: 15-Oct. – Booking.com",Travel Deals
Your cab with driver Suresh is arriving in 5 mins. OTP: 215223. – Uber,Travel Deals
"Trip reminder: Delhi → Hyderabad, 14-Oct-25. Have a safe journey! – Goibibo",Travel Deals
"Hotel booking confirmed at Taj Palace, Mumbai. Check-in: 11-Oct, Check-out: 16-Oct. – Booking.com",Travel Deals
"Trip reminder: Chennai → Pune, 26-Oct-25. Have a safe journey! – Yatra",Travel Deals
"Trip reminder: Pune → Bangalore, 21-Oct-25. Have a safe journey! – MakeMyTrip",Travel Deals
Train 20213 (Duronto Exp) booking confirmed. PNR: 369479. – IRCTC,Travel Deals
"Hotel booking confirmed at ITC Grand, Delhi. Check-in: 13-Oct, Check-out: 18-Oct. – Booking.com",Travel Deals
"Trip reminder: Chennai → Chennai, 22-Oct-25. Have a safe journey! – Yatra",Travel Deals
Flight 6E-351 from Delhi to Mumbai departs at 8:22 AM on 12-Oct-25. – SpiceJet,Travel Deals
Your cab with driver Vikram is arriving in 10 mins. OTP: 993458. – Rapido,Travel Deals
"Hotel booking confirmed at Oberoi, Delhi. Check-in: 10-Oct, Check-out: 15-Oct. – Booking.com",Travel Deals
Your cab with driver Amit is arriving in 8 mins. OTP: 823908. – Rapido,Travel Deals
"Trip reminder: Hyderabad → Bangalore, 10-Oct-25. Have a safe journey! – MakeMyTrip",Travel Deals
Your cab with driver Rajesh is arriving in 10 mins. OTP: 110646. – Rapido,Travel Deals
Your cab with driver Vikram is arriving in 3 mins. OTP: 636294. – Ola,Travel Deals
Your cab with driver Vikram is arriving in 8 mins. OTP: 421049. – Rapido,Travel Deals
Your cab with driver Vikram is arriving in 9 mins. OTP: 972895. – Uber,Travel Deals
Train 42821 (Shatabdi Exp) booking confirmed. PNR: 876950. – IRCTC,Travel Deals
Your cab with driver Suresh is arriving in 10 mins. OTP: 685755. – Rapido,Travel Deals
Your cab with driver Vikram is arriving in 2 mins. OTP: 202784. – Ola,Travel Deals
"Hotel booking confirmed at Oberoi, Mumbai. Check-in: 11-Oct, Check-out: 16-Oct. – Booking.com",Travel Deals
Flight AI-454 from Hyderabad to Hyderabad departs at 12:19 AM on 21-Oct-25. – SpiceJet,Travel Deals
Train 57775 (Shatabdi Exp) booking confirmed. PNR: 243729. – IRCTC,Travel Deals
"Hotel booking confirmed at Oberoi, Mumbai. Check-in: 11-Oct, Check-out: 15-Oct. – Booking.com",Travel Deals
Your cab with driver Rajesh is arriving in 7 mins. OTP: 944325. – Rapido,Travel Deals
Flight AI-606 from Pune to Bangalore departs at 6:54 AM on 23-Oct-25. – SpiceJet,Travel Deals
Flight 6E-512 from Hyderabad to Mumbai departs at 10:53 PM on 14-Oct-25. – Indigo,Travel Deals
Flight SG-210 from Hyderabad to Delhi departs at 5:38 AM on 11-Oct-25. – Indigo,Travel Deals
"Trip reminder: Mumbai → Hyderabad, 10-Oct-25. Have a safe journey! – Yatra",Travel Deals
Train 42844 (Shatabdi Exp) booking confirmed. PNR: 239751. – IRCTC,Travel Deals
Flight 6E-147 from Hyderabad to Delhi departs at 2:24 PM on 25-Oct-25. – Vistara,Travel Deals
Flight AI-978 from Hyderabad to Hyderabad departs at 3:40 PM on 13-Oct-25. – Vistara,Travel Deals
"Trip reminder: Chennai → Chennai, 21-Oct-25. Have a safe journey! – MakeMyTrip",Travel Deals
"Trip reminder: Delhi → Chennai, 11-Oct-25. Have a safe journey! – Goibibo",Travel Deals
"Trip reminder: Chennai → Mumbai, 21-Oct-25. Have a safe journey! – MakeMyTrip",Travel Deals
"Trip reminder: Hyderabad → Hyderabad, 26-Oct-25. Have a safe journey! – Yatra",Travel Deals
"Hotel booking confirmed at Leela, Mumbai. Check-in: 14-Oct, Check-out: 18-Oct. – Booking.com",Travel Deals
Your cab with driver Vikram is arriving in 10 mins. OTP: 386181. – Uber,Travel Deals
"Trip reminder: Pune → Pune, 27-Oct-25. Have a safe journey! – MakeMyTrip",Travel Deals
Flight SG-777 from Chennai to Chennai departs at 2:17 AM on 16-Oct-25. – Indigo,Travel Deals
Flight AI-280 from Mumbai to Hyderabad departs at 5:34 PM on 12-Oct-25. – Indigo,Travel Deals
Train 24350 (Rajdhani Exp) booking confirmed. PNR: 224673. – IRCTC,Travel Deals
Flight SG-944 from Delhi to Chennai departs at 5:22 AM on 14-Oct-25. – Vistara,Travel Deals
"Trip reminder: Chennai → Pune, 25-Oct-25. Have a safe journey! – Yatra",Travel Deals
Your cab with driver Amit is arriving in 6 mins. OTP: 202117. – Rapido,Travel Deals
"Hotel booking confirmed at Taj Palace, Mumbai. Check-in: 14-Oct, Check-out: 16-Oct. – Booking.com",Travel Deals
Train 81005 (Duronto Exp) booking confirmed. PNR: 276280. – IRCTC,Travel Deals
"Hotel booking confirmed at Oberoi, Chennai. Check-in: 14-Oct, Check-out: 18-Oct. – Booking.com",Travel Deals
Flight SG-861 from Hyderabad to Chennai departs at 6:35 PM on 23-Oct-25. – SpiceJet,Travel Deals
Your cab with driver Amit is arriving in 9 mins. OTP: 366636. – Rapido,Travel Deals
"Hotel booking confirmed at Leela, Delhi. Check-in: 10-Oct, Check-out: 17-Oct. – Booking.com",Travel Deals
Train 11155 (Shatabdi Exp) booking confirmed. PNR: 990906. – IRCTC,Travel Deals
Flight UK-134 from Delhi to Hyderabad departs at 5:28 AM on 17-Oct-25. – Air India,Travel Deals
Train 97445 (Duronto Exp) booking confirmed. PNR: 775294. – IRCTC,Travel Deals
Train 19002 (Shatabdi Exp) booking confirmed. PNR: 315608. – IRCTC,Travel Deals
Flight UK-989 from Delhi to Delhi departs at 10:45 PM on 14-Oct-25. – Air India,Travel Deals
Flight 6E-650 from Mumbai to Mumbai departs at 11:13 AM on 23-Oct-25. – SpiceJet,Travel Deals
Train 88852 (Shatabdi Exp) booking confirmed. PNR: 232554. – IRCTC,Travel Deals
"Trip reminder: Bangalore → Bangalore, 25-Oct-25. Have a safe journey! – Yatra",Travel Deals
Your cab with driver Vikram is arriving in 4 mins. OTP: 769711. – Uber,Travel Deals
Train 63838 (Shatabdi Exp) booking confirmed. PNR: 410245. – IRCTC,Travel Deals
Flight SG-468 from Pune to Bangalore departs at 7:12 PM on 23-Oct-25. – SpiceJet,Travel Deals
Train 32791 (Rajdhani Exp) booking confirmed. PNR: 246379. – IRCTC,Travel Deals
Flight AI-266 from Delhi to Hyderabad departs at 12:16 PM on 20-Oct-25. – Air India,Travel Deals
Train 81222 (Rajdhani Exp) booking confirmed. PNR: 579146. – IRCTC,Travel Deals
"Trip reminder: Chennai → Chennai, 10-Oct-25. Have a safe journey! – Goibibo",Travel Deals
Train 40572 (Rajdhani Exp) booking confirmed. PNR: 648157. – IRCTC,Travel Deals
"Trip reminder: Delhi → Pune, 28-Oct-25. Have a safe journey! – MakeMyTrip",Travel Deals
"Hotel booking confirmed at Oberoi, Bangalore. Check-in: 13-Oct, Check-out: 18-Oct. – Booking.com",Travel Deals
"Hotel booking confirmed at Leela, Pune. Check-in: 14-Oct, Check-out: 16-Oct. – Booking.com",Travel Deals
Your cab with driver Amit is arriving in 6 mins. OTP: 245427. – Ola,Travel Deals
"Hotel booking confirmed at ITC Grand, Delhi. Check-in: 13-Oct, Check-out: 17-Oct. – Booking.com",Travel Deals
Flight 6E-819 from Delhi to Hyderabad departs at 4:12 PM on 15-Oct-25. – Indigo,Travel Deals
"Hotel booking confirmed at Leela, Mumbai. Check-in: 14-Oct, Check-out: 18-Oct. – Booking.com",Travel Deals
Flight AI-143 from Delhi to Delhi departs at 5:32 AM on 27-Oct-25. – Vistara,Travel Deals
"Hotel booking confirmed at ITC Grand, Hyderabad. Check-in: 11-Oct, Check-out: 16-Oct. – Booking.com",Travel Deals
"Hotel booking confirmed at ITC Grand, Mumbai. Check-in: 11-Oct, Check-out: 15-Oct. – Booking.com",Travel Deals
Flight 6E-454 from Bangalore to Mumbai departs at 9:34 PM on 10-Oct-25. – SpiceJet,Travel Deals
"Hotel booking confirmed at Oberoi, Pune. Check-in: 12-Oct, Check-out: 15-Oct. – Booking.com",Travel Deals
"Trip reminder: Chennai → Chennai, 16-Oct-25. Have a safe journey! – Goibibo",Travel Deals
Your cab with driver Amit is arriving in 9 mins. OTP: 252991. – Uber,Travel Deals
Your cab with driver Rajesh is arriving in 5 mins. OTP: 643521. – Uber,Travel Deals
Train 42641 (Duronto Exp) booking confirmed. PNR: 339793. – IRCTC,Travel Deals
Your cab with driver Suresh is arriving in 8 mins. OTP: 497954. – Uber,Travel Deals
"Hotel booking confirmed at Oberoi, Chennai. Check-in: 13-Oct, Check-out: 16-Oct. – Booking.com",Travel Deals
"Hotel booking confirmed at Oberoi, Hyderabad. Check-in: 14-Oct, Check-out: 18-Oct. – Booking.com",Travel Deals
Flight UK-338 from Hyderabad to Chennai departs at 7:38 PM on 13-Oct-25. – SpiceJet,Travel Deals
"Trip reminder: Hyderabad → Bangalore, 22-Oct-25. Have a safe journey! – Goibibo",Travel Deals
Flight SG-776 from Pune to Bangalore departs at 3:16 PM on 23-Oct-25. – SpiceJet,Travel Deals
Your cab with driver Vikram is arriving in 5 mins. OTP: 770410. – Ola,Travel Deals
"Hotel booking confirmed at ITC Grand, Hyderabad. Check-in: 11-Oct, Check-out: 18-Oct. – Booking.com",Travel Deals
Train 12456 (Shatabdi Exp) booking confirmed. PNR: 960380. – IRCTC,Travel Deals
Train 30784 (Rajdhani Exp) booking confirmed. PNR: 556347. – IRCTC,Travel Deals
Your cab with driver Vikram is arriving in 2 mins. OTP: 397955. – Rapido,Travel Deals
Your cab with driver Amit is arriving in 10 mins. OTP: 765687. – Uber,Travel Deals
Flight 6E-989 from Pune to Bangalore departs at 5:12 AM on 25-Oct-25. – Vistara,Travel Deals
Flight AI-490 from Chennai to Hyderabad departs at 3:53 AM on 19-Oct-25. – SpiceJet,Travel Deals
"Trip reminder: Chennai → Chennai, 20-Oct-25. Have a safe journey! – Goibibo",Travel Deals
Your cab with driver Amit is arriving in 8 mins. OTP: 473899. – Ola,Travel Deals
Your cab with driver Vikram is arriving in 7 mins. OTP: 311635. – Uber,Travel Deals
Flight 6E-911 from Mumbai to Delhi departs at 10:38 AM on 15-Oct-25. – Air India,Travel Deals
Flight AI-397 from Mumbai to Bangalore departs at 8:22 PM on 26-Oct-25. – SpiceJet,Travel Deals
Flight AI-761 from Pune to Hyderabad departs at 2:54 AM on 14-Oct-25. – Air India,Travel Deals
Flight 6E-911 from Bangalore to Bangalore departs at 2:53 PM on 26-Oct-25. – SpiceJet,Travel Deals
Train 38547 (Shatabdi Exp) booking confirmed. PNR: 548645. – IRCTC,Travel Deals
"Trip reminder: Chennai → Mumbai, 14-Oct-25. Have a safe journey! – Goibibo",Travel Deals
Your cab with driver Amit is arriving in 10 mins. OTP: 684720. – Uber,Travel Deals
Your cab with driver Suresh is arriving in 10 mins. OTP: 796602. – Uber,Travel Deals
Your cab with driver Suresh is arriving in 6 mins. OTP: 565492. – Rapido,Travel Deals
Your cab with driver Vikram is arriving in 8 mins. OTP: 127858. – Ola,Travel Deals
Your cab with driver Rajesh is arriving in 4 mins. OTP: 171936. – Rapido,Travel Deals
Your cab with driver Rajesh is arriving in 2 mins. OTP: 432708. – Ola,Travel Deals
Flight 6E-467 from Chennai to Hyderabad departs at 8:15 PM on 27-Oct-25. – Air India,Travel Deals
Train 73040 (Rajdhani Exp) booking confirmed. PNR: 519982. – IRCTC,Travel Deals
Your cab with driver Vikram is arriving in 6 mins. OTP: 896656. – Ola,Travel Deals
"Hotel booking confirmed at Oberoi, Chennai. Check-in: 12-Oct, Check-out: 15-Oct. – Booking.com",Travel Deals
Train 82853 (Duronto Exp) booking confirmed. PNR: 594920. – IRCTC,Travel Deals
"Trip reminder: Delhi → Bangalore, 25-Oct-25. Have a safe journey! – Yatra",Travel Deals
Your cab with driver Suresh is arriving in 3 mins. OTP: 199680. – Ola,Travel Deals
Flight AI-839 from Bangalore to Mumbai departs at 12:38 AM on 27-Oct-25. – Air India,Travel Deals
Your cab with driver Vikram is arriving in 2 mins. OTP: 656658. – Rapido,Travel Deals
Your cab with driver Amit is arriving in 2 mins. OTP: 453844. – Uber,Travel Deals
"Hotel booking confirmed at Oberoi, Mumbai. Check-in: 12-Oct, Check-out: 16-Oct. – Booking.com",Travel Deals
Train 65010 (Rajdhani Exp) booking confirmed. PNR: 226683. – IRCTC,Travel Deals
Your cab with driver Amit is arriving in 4 mins. OTP: 730609. – Ola,Travel Deals
Flight 6E-746 from Hyderabad to Pune departs at 1:18 AM on 23-Oct-25. – Vistara,Travel Deals
Flight 6E-708 from Bangalore to Hyderabad departs at 9:20 AM on 12-Oct-25. – Indigo,Travel Deals
Train 64591 (Rajdhani Exp) booking confirmed. PNR: 429282. – IRCTC,Travel Deals
Flight 6E-893 from Chennai to Mumbai departs at 4:50 PM on 12-Oct-25. – Vistara,Travel Deals
Flight SG-585 from Delhi to Chennai departs at 5:29 AM on 14-Oct-25. – Air India,Travel Deals
"Trip reminder: Chennai → Mumbai, 20-Oct-25. Have a safe journey! – Goibibo",Travel Deals
Your cab with driver Suresh is arriving in 7 mins. OTP: 609446. – Uber,Travel Deals
Your cab with driver Amit is arriving in 6 mins. OTP: 682204. – Rapido,Travel Deals
Your cab with driver Amit is arriving in 8 mins. OTP: 217568. – Uber,Travel Deals
"Hotel booking confirmed at Taj Palace, Hyderabad. Check-in: 14-Oct, Check-out: 17-Oct. – Booking.com",Travel Deals
"Trip reminder: Bangalore → Pune, 25-Oct-25. Have a safe journey! – Yatra",Travel Deals
"Hotel booking confirmed at Taj Palace, Hyderabad. Check-in: 10-Oct, Check-out: 15-Oct. – Booking.com",Travel Deals
Train 82806 (Rajdhani Exp) booking confirmed. PNR: 610453. – IRCTC,Travel Deals
"Hotel booking confirmed at ITC Grand, Hyderabad. Check-in: 10-Oct, Check-out: 16-Oct. – Booking.com",Travel Deals
"Hotel booking confirmed at Taj Palace, Hyderabad. Check-in: 12-Oct, Check-out: 18-Oct. – Booking.com",Travel Deals
Flight SG-384 from Hyderabad to Mumbai departs at 10:58 AM on 13-Oct-25. – Vistara,Travel Deals
Train 69661 (Rajdhani Exp) booking confirmed. PNR: 854398. – IRCTC,Travel Deals
Flight 6E-484 from Delhi to Bangalore departs at 2:34 AM on 25-Oct-25. – Vistara,Travel Deals
Flight AI-411 from Mumbai to Delhi departs at 6:39 AM on 10-Oct-25. – Air India,Travel Deals
Flight UK-324 from Delhi to Delhi departs at 1:10 AM on 12-Oct-25. – Air India,Travel Deals
Your cab with driver Suresh is arriving in 2 mins. OTP: 444152. – Rapido,Travel Deals
"Trip reminder: Chennai → Delhi, 16-Oct-25. Have a safe journey! – Yatra",Travel Deals
Flight UK-746 from Mumbai to Pune departs at 1:59 AM on 26-Oct-25. – Air India,Travel Deals
Flight 6E-145 from Chennai to Delhi departs at 11:42 PM on 14-Oct-25. – SpiceJet,Travel Deals
"Trip reminder: Pune → Mumbai, 26-Oct-25. Have a safe journey! – Yatra",Travel Deals
Your cab with driver Suresh is arriving in 2 mins. OTP: 702702. – Ola,Travel Deals
Train 88219 (Rajdhani Exp) booking confirmed. PNR: 755293. – IRCTC,Travel Deals
"Trip reminder: Mumbai → Mumbai, 15-Oct-25. Have a safe journey! – Yatra",Travel Deals
"Trip reminder: Hyderabad → Delhi, 13-Oct-25. Have a safe journey! – MakeMyTrip",Travel Deals
Your cab with driver Suresh is arriving in 4 mins. OTP: 730529. – Uber,Travel Deals
"Hotel booking confirmed at ITC Grand, Delhi. Check-in: 10-Oct, Check-out: 15-Oct. – Booking.com",Travel Deals
Train 24056 (Rajdhani Exp) booking confirmed. PNR: 545995. – IRCTC,Travel Deals
"Trip reminder: Mumbai → Delhi, 14-Oct-25. Have a safe journey! – Goibibo",Travel Deals
Train 30184 (Duronto Exp) booking confirmed. PNR: 714253. – IRCTC,Travel Deals
"Hotel booking confirmed at Leela, Pune. Check-in: 13-Oct, Check-out: 15-Oct. – Booking.com",Travel Deals
"Hotel booking confirmed at Taj Palace, Hyderabad. Check-in: 12-Oct, Check-out: 16-Oct. – Booking.com",Travel Deals
Your cab with driver Vikram is arriving in 7 mins. OTP: 322851. – Ola,Travel Deals
Flight 6E-544 from Delhi to Hyderabad departs at 11:25 AM on 28-Oct-25. – Indigo,Travel Deals
Train 25922 (Duronto Exp) booking confirmed. PNR: 737344. – IRCTC,Travel Deals
"Trip reminder: Chennai → Delhi, 12-Oct-25. Have a safe journey! – Yatra",Travel Deals
Train 54790 (Duronto Exp) booking confirmed. PNR: 172699. – IRCTC,Travel Deals
Train 41322 (Rajdhani Exp) booking confirmed. PNR: 537395. – IRCTC,Travel Deals
"Hotel booking confirmed at Oberoi, Pune. Check-in: 11-Oct, Check-out: 17-Oct. – Booking.com",Travel Deals
"Trip reminder: Delhi → Hyderabad, 17-Oct-25. Have a safe journey! – Yatra",Travel Deals
Your cab with driver Amit is arriving in 8 mins. OTP: 809407. – Rapido,Travel Deals
"Trip reminder: Hyderabad → Bangalore, 24-Oct-25. Have a safe journey! – Goibibo",Travel Deals
Flight AI-968 from Bangalore to Bangalore departs at 3:23 PM on 14-Oct-25. – Indigo,Travel Deals
Flight SG-371 from Mumbai to Pune departs at 8:17 AM on 28-Oct-25. – Air India,Travel Deals
"Hotel booking confirmed at ITC Grand, Pune. Check-in: 13-Oct, Check-out: 18-Oct. – Booking.com",Travel Deals
Train 66223 (Shatabdi Exp) booking confirmed. PNR: 124672. – IRCTC,Travel Deals
"Trip reminder: Mumbai → Bangalore, 21-Oct-25. Have a safe journey! – Goibibo",Travel Deals
Train 72955 (Shatabdi Exp) booking confirmed. PNR: 241777. – IRCTC,Travel Deals
"Trip reminder: Hyderabad → Bangalore, 24-Oct-25. Have a safe journey! – Goibibo",Travel Deals
Train 71202 (Shatabdi Exp) booking confirmed. PNR: 522578. – IRCTC,Travel Deals
"Trip reminder: Mumbai → Hyderabad, 18-Oct-25. Have a safe journey! – Goibibo",Travel Deals
"Hotel booking confirmed at ITC Grand, Delhi. Check-in: 10-Oct, Check-out: 15-Oct. – Booking.com",Travel Deals
Your cab with driver Suresh is arriving in 6 mins. OTP: 781364. – Uber,Travel Deals
"Hotel booking confirmed at ITC Grand, Delhi. Check-in: 14-Oct, Check-out: 17-Oct. – Booking.com",Travel Deals
"Trip reminder: Chennai → Pune, 24-Oct-25. Have a safe journey! – Goibibo",Travel Deals
Flight SG-796 from Mumbai to Chennai departs at 12:17 AM on 13-Oct-25. – Air India,Travel Deals
Flight SG-365 from Mumbai to Bangalore departs at 12:29 AM on 22-Oct-25. – Vistara,Travel Deals
Your cab with driver Rajesh is arriving in 4 mins. OTP: 280194. – Rapido,Travel Deals
"Hotel booking confirmed at ITC Grand, Mumbai. Check-in: 11-Oct, Check-out: 15-Oct. – Booking.com",Travel Deals
Train 67532 (Shatabdi Exp) booking confirmed. PNR: 262316. – IRCTC,Travel Deals
Your cab with driver Vikram is arriving in 9 mins. OTP: 500317. – Uber,Travel Deals
Train 60455 (Shatabdi Exp) booking confirmed. PNR: 225485. – IRCTC,Travel Deals
"Hotel booking confirmed at Taj Palace, Pune. Check-in: 13-Oct, Check-out: 17-Oct. – Booking.com",Travel Deals
"Hotel booking confirmed at Oberoi, Hyderabad. Check-in: 14-Oct, Check-out: 16-Oct. – Booking.com",Travel Deals
Train 47747 (Rajdhani Exp) booking confirmed. PNR: 419492. – IRCTC,Travel Deals
Train 84195 (Duronto Exp) booking confirmed. PNR: 125975. – IRCTC,Travel Deals
"Trip reminder: Mumbai → Bangalore, 13-Oct-25. Have a safe journey! – Goibibo",Travel Deals
Your cab with driver Suresh is arriving in 10 mins. OTP: 529141. – Uber,Travel Deals
Flight AI-956 from Delhi to Bangalore departs at 5:56 AM on 28-Oct-25. – SpiceJet,Travel Deals
"Hotel booking confirmed at Oberoi, Pune. Check-in: 13-Oct, Check-out: 15-Oct. – Booking.com",Travel Deals
"Trip reminder: Mumbai → Hyderabad, 27-Oct-25. Have a safe journey! – Yatra",Travel Deals
"Hotel booking confirmed at Taj Palace, Hyderabad. Check-in: 10-Oct, Check-out: 18-Oct. – Booking.com",Travel Deals
"Trip reminder: Pune → Pune, 27-Oct-25. Have a safe journey! – Yatra",Travel Deals
Your Myntra order #95448 is out for delivery. – Delhivery,E-commerce / Shopping
Your order #18737 for ₹13011 has been shipped. Delivery by 25-Oct-25. – Flipkart,E-commerce / Shopping
Flash Sale! Up to 45% off on clothing today. Shop now! – Flipkart,E-commerce / Shopping
Meesho: Payment of ₹19424 for order #91842 received successfully.,E-commerce / Shopping
Order #19944 delivered successfully. Rate your experience. – Flipkart,E-commerce / Shopping
Flash Sale! Up to 65% off on electronics today. Shop now! – Ajio,E-commerce / Shopping
Order #73095 delivered successfully. Rate your experience. – Ajio,E-commerce / Shopping
Flash Sale! Up to 50% off on clothing today. Shop now! – Amazon,E-commerce / Shopping
Myntra: Payment of ₹12752 for order #25326 received successfully.,E-commerce / Shopping
Order #82636 delivered successfully. Rate your experience. – Meesho,E-commerce / Shopping
Meesho: Payment of ₹18084 for order #61775 received successfully.,E-commerce / Shopping
Order #50787 delivered successfully. Rate your experience. – Flipkart,E-commerce / Shopping
Flipkart: Payment of ₹15705 for order #25323 received successfully.,E-commerce / Shopping
Your Amazon order #24027 is out for delivery. – BlueDart,E-commerce / Shopping
Flipkart: Payment of ₹11684 for order #26226 received successfully.,E-commerce / Shopping
Order #89226 delivered successfully. Rate your experience. – Ajio,E-commerce / Shopping
Your order #80934 for ₹17061 has been shipped. Delivery by 22-Oct-25. – Myntra,E-commerce / Shopping
Flash Sale! Up to 37% off on electronics today. Shop now! – Flipkart,E-commerce / Shopping
Flash Sale! Up to 21% off on electronics today. Shop now! – Flipkart,E-commerce / Shopping
Your order #98270 for ₹18888 has been shipped. Delivery by 10-Oct-25. – Amazon,E-commerce / Shopping
Your order #99623 for ₹8734 has been shipped. Delivery by 14-Oct-25. – Ajio,E-commerce / Shopping
Your Ajio order #71240 is out for delivery. – BlueDart,E-commerce / Shopping
Flash Sale! Up to 63% off on beauty today. Shop now! – Meesho,E-commerce / Shopping
Order #36829 delivered successfully. Rate your experience. – Myntra,E-commerce / Shopping
Order #94778 delivered successfully. Rate your experience. – Ajio,E-commerce / Shopping
Ajio: Payment of ₹9591 for order #22709 received successfully.,E-commerce / Shopping
Order #30397 delivered successfully. Rate your experience. – Flipkart,E-commerce / Shopping
Order #40301 delivered successfully. Rate your experience. – Flipkart,E-commerce / Shopping
Your Myntra order #10629 is out for delivery. – BlueDart,E-commerce / Shopping
Your Myntra order #15094 is out for delivery. – Ekart,E-commerce / Shopping
Amazon: Payment of ₹5230 for order #58242 received successfully.,E-commerce / Shopping
Meesho: Payment of ₹18392 for order #68225 received successfully.,E-commerce / Shopping
Order #50974 delivered successfully. Rate your experience. – Myntra,E-commerce / Shopping
Your Ajio order #31239 is out for delivery. – Ekart,E-commerce / Shopping
Flipkart: Payment of ₹959 for order #58762 received successfully.,E-commerce / Shopping
Myntra: Payment of ₹6582 for order #53078 received successfully.,E-commerce / Shopping
Flash Sale! Up to 55% off on furniture today. Shop now! – Myntra,E-commerce / Shopping
Order #31804 delivered successfully. Rate your experience. – Myntra,E-commerce / Shopping
Your order #23971 for ₹5605 has been shipped. Delivery by 12-Oct-25. – Myntra,E-commerce / Shopping
Ajio: Payment of ₹9217 for order #32709 received successfully.,E-commerce / Shopping
Your order #94341 for ₹15047 has been shipped. Delivery by 10-Oct-25. – Ajio,E-commerce / Shopping
Amazon: Payment of ₹18186 for order #62910 received successfully.,E-commerce / Shopping
Your Ajio order #60573 is out for delivery. – Delhivery,E-commerce / Shopping
Your order #97759 for ₹2566 has been shipped. Delivery by 23-Oct-25. – Flipkart,E-commerce / Shopping
Your order #48177 for ₹19375 has been shipped. Delivery by 25-Oct-25. – Amazon,E-commerce / Shopping
Flipkart: Payment of ₹6014 for order #21446 received successfully.,E-commerce / Shopping
Ajio: Payment of ₹13164 for order #37517 received successfully.,E-commerce / Shopping
Amazon: Payment of ₹18051 for order #76481 received successfully.,E-commerce / Shopping
Flash Sale! Up to 20% off on beauty today. Shop now! – Meesho,E-commerce / Shopping
Flash Sale! Up to 56% off on electronics today. Shop now! – Amazon,E-commerce / Shopping
Your order #10821 for ₹17345 has been shipped. Delivery by 17-Oct-25. – Ajio,E-commerce / Shopping
Your Myntra order #42666 is out for delivery. – BlueDart,E-commerce / Shopping
Your order #48877 for ₹2225 has been shipped. Delivery by 18-Oct-25. – Myntra,E-commerce / Shopping
Your order #43273 for ₹18146 has been shipped. Delivery by 18-Oct-25. – Ajio,E-commerce / Shopping
Your Amazon order #33810 is out for delivery. – BlueDart,E-commerce / Shopping
Your order #96143 for ₹16517 has been shipped. Delivery by 12-Oct-25. – Ajio,E-commerce / Shopping
Your order #44526 for ₹17401 has been shipped. Delivery by 10-Oct-25. – Myntra,E-commerce / Shopping
Ajio: Payment of ₹3340 for order #33676 received successfully.,E-commerce / Shopping
Order #32554 delivered successfully. Rate your experience. – Ajio,E-commerce / Shopping
Your order #23064 for ₹6883 has been shipped. Delivery by 19-Oct-25. – Ajio,E-commerce / Shopping
Your order #56702 for ₹2118 has been shipped. Delivery by 16-Oct-25. – Amazon,E-commerce / Shopping
Flash Sale! Up to 67% off on furniture today. Shop now! – Ajio,E-commerce / Shopping
Your order #57236 for ₹19120 has been shipped. Delivery by 23-Oct-25. – Meesho,E-commerce / Shopping
Flipkart: Payment of ₹14221 for order #39249 received successfully.,E-commerce / Shopping
Order #30892 delivered successfully. Rate your experience. – Flipkart,E-commerce / Shopping
Your order #69849 for ₹7730 has been shipped. Delivery by 20-Oct-25. – Ajio,E-commerce / Shopping
Order #75604 delivered successfully. Rate your experience. – Myntra,E-commerce / Shopping
Amazon: Payment of ₹12578 for order #32603 received successfully.,E-commerce / Shopping
Meesho: Payment of ₹12818 for order #82713 received successfully.,E-commerce / Shopping
Your order #95819 for ₹8388 has been shipped. Delivery by 23-Oct-25. – Myntra,E-commerce / Shopping
Order #21765 delivered successfully. Rate your experience. – Myntra,E-commerce / Shopping
Your order #52296 for ₹4557 has been shipped. Delivery by 16-Oct-25. – Flipkart,E-commerce / Shopping
Myntra: Payment of ₹11871 for order #10237 received successfully.,E-commerce / Shopping
Flash Sale! Up to 38% off on furniture today. Shop now! – Meesho,E-commerce / Shopping
Ajio: Payment of ₹3801 for order #30194 received successfully.,E-commerce / Shopping
Meesho: Payment of ₹11122 for order #65925 received successfully.,E-commerce / Shopping
Order #39559 delivered successfully. Rate your experience. – Myntra,E-commerce / Shopping
Your Amazon order #29061 is out for delivery. – BlueDart,E-commerce / Shopping
Your order #52578 for ₹11657 has been shipped. Delivery by 23-Oct-25. – Flipkart,E-commerce / Shopping
Flash Sale! Up to 61% off on beauty today. Shop now! – Flipkart,E-commerce / Shopping
Ajio: Payment of ₹4458 for order #55139 received successfully.,E-commerce / Shopping
Your Ajio order #58883 is out for delivery. – Ekart,E-commerce / Shopping
Flash Sale! Up to 59% off on clothing today. Shop now! – Myntra,E-commerce / Shopping
Order #49842 delivered successfully. Rate your experience. – Ajio,E-commerce / Shopping
Flash Sale! Up to 30% off on furniture today. Shop now! – Flipkart,E-commerce / Shopping
Your order #76658 for ₹4108 has been shipped. Delivery by 19-Oct-25. – Ajio,E-commerce / Shopping
Your order #28059 for ₹11851 has been shipped. Delivery by 21-Oct-25. – Meesho,E-commerce / Shopping
Order #34849 delivered successfully. Rate your experience. – Flipkart,E-commerce / Shopping
Order #14620 delivered successfully. Rate your experience. – Myntra,E-commerce / Shopping
Flash Sale! Up to 21% off on beauty today. Shop now! – Ajio,E-commerce / Shopping
Meesho: Payment of ₹17641 for order #40430 received successfully.,E-commerce / Shopping
Ajio: Payment of ₹17719 for order #44733 received successfully.,E-commerce / Shopping
Your order #33380 for ₹10636 has been shipped. Delivery by 14-Oct-25. – Meesho,E-commerce / Shopping
Flash Sale! Up to 28% off on electronics today. Shop now! – Flipkart,E-commerce / Shopping
Flash Sale! Up to 48% off on clothing today. Shop now! – Myntra,E-commerce / Shopping
Myntra: Payment of ₹19580 for order #91685 received successfully.,E-commerce / Shopping
Your order #10178 for ₹9127 has been shipped. Delivery by 12-Oct-25. – Meesho,E-commerce / Shopping
Order #58359 delivered successfully. Rate your experience. – Flipkart,E-commerce / Shopping
Ajio: Payment of ₹18744 for order #44350 received successfully.,E-commerce / Shopping
Ajio: Payment of ₹14611 for order #22557 received successfully.,E-commerce / Shopping
Your Amazon order #11075 is out for delivery. – Ekart,E-commerce / Shopping
Your order #32305 for ₹15762 has been shipped. Delivery by 12-Oct-25. – Flipkart,E-commerce / Shopping
Ajio: Payment of ₹2415 for order #44110 received successfully.,E-commerce / Shopping
Flash Sale! Up to 19% off on clothing today. Shop now! – Myntra,E-commerce / Shopping
Myntra: Payment of ₹16877 for order #11743 received successfully.,E-commerce / Shopping
Myntra: Payment of ₹8395 for order #34644 received successfully.,E-commerce / Shopping
Order #73788 delivered successfully. Rate your experience. – Meesho,E-commerce / Shopping
Ajio: Payment of ₹6620 for order #65053 received successfully.,E-commerce / Shopping
Your order #15595 for ₹7234 has been shipped. Delivery by 16-Oct-25. – Myntra,E-commerce / Shopping
Order #67148 delivered successfully. Rate your experience. – Ajio,E-commerce / Shopping
Order #36266 delivered successfully. Rate your experience. – Myntra,E-commerce / Shopping
Your order #80140 for ₹10780 has been shipped. Delivery by 23-Oct-25. – Myntra,E-commerce / Shopping
Your order #43727 for ₹5532 has been shipped. Delivery by 10-Oct-25. – Flipkart,E-commerce / Shopping
Flash Sale! Up to 37% off on beauty today. Shop now! – Flipkart,E-commerce / Shopping
Flash Sale! Up to 30% off on beauty today. Shop now! – Ajio,E-commerce / Shopping
Flash Sale! Up to 19% off on furniture today. Shop now! – Myntra,E-commerce / Shopping
Flash Sale! Up to 65% off on electronics today. Shop now! – Myntra,E-commerce / Shopping
Your Amazon order #99818 is out for delivery. – Ekart,E-commerce / Shopping
Meesho: Payment of ₹6530 for order #10935 received successfully.,E-commerce / Shopping
Flash Sale! Up to 55% off on beauty today. Shop now! – Flipkart,E-commerce / Shopping
Myntra: Payment of ₹6371 for order #10693 received successfully.,E-commerce / Shopping
Your Amazon order #88555 is out for delivery. – Ekart,E-commerce / Shopping
Flash Sale! Up to 49% off on electronics today. Shop now! – Amazon,E-commerce / Shopping
Flash Sale! Up to 40% off on furniture today. Shop now! – Flipkart,E-commerce / Shopping
Order #45206 delivered successfully. Rate your experience. – Myntra,E-commerce / Shopping
Flipkart: Payment of ₹14659 for order #35777 received successfully.,E-commerce / Shopping
Your order #55854 for ₹16510 has been shipped. Delivery by 19-Oct-25. – Meesho,E-commerce / Shopping
Your Myntra order #96101 is out for delivery. – XpressBees,E-commerce / Shopping
Flash Sale! Up to 26% off on beauty today. Shop now! – Ajio,E-commerce / Shopping
Your order #40917 for ₹1247 has been shipped. Delivery by 16-Oct-25. – Myntra,E-commerce / Shopping
Your Flipkart order #93634 is out for delivery. – Ekart,E-commerce / Shopping
Flash Sale! Up to 59% off on beauty today. Shop now! – Amazon,E-commerce / Shopping
Your Meesho order #10854 is out for delivery. – Ekart,E-commerce / Shopping
Flash Sale! Up to 30% off on furniture today. Shop now! – Meesho,E-commerce / Shopping
Flash Sale! Up to 49% off on beauty today. Shop now! – Ajio,E-commerce / Shopping
Order #69927 delivered successfully. Rate your experience. – Meesho,E-commerce / Shopping
Flash Sale! Up to 36% off on clothing today. Shop now! – Flipkart,E-commerce / Shopping
Your order #39481 for ₹1135 has been shipped. Delivery by 11-Oct-25. – Myntra,E-commerce / Shopping
Your Amazon order #14075 is out for delivery. – BlueDart,E-commerce / Shopping
Flipkart: Payment of ₹593 for order #78112 received successfully.,E-commerce / Shopping
Your Amazon order #56559 is out for delivery. – BlueDart,E-commerce / Shopping
Flipkart: Payment of ₹13055 for order #76506 received successfully.,E-commerce / Shopping
Your order #42224 for ₹3164 has been shipped. Delivery by 13-Oct-25. – Meesho,E-commerce / Shopping
Order #28453 delivered successfully. Rate your experience. – Amazon,E-commerce / Shopping
Flipkart: Payment of ₹4732 for order #71279 received successfully.,E-commerce / Shopping
Your Amazon order #35948 is out for delivery. – Delhivery,E-commerce / Shopping
Your Amazon order #45653 is out for delivery. – Ekart,E-commerce / Shopping
Your order #72422 for ₹574 has been shipped. Delivery by 12-Oct-25. – Amazon,E-commerce / Shopping
Your order #17376 for ₹4336 has been shipped. Delivery by 21-Oct-25. – Amazon,E-commerce / Shopping
Your Ajio order #86021 is out for delivery. – Ekart,E-commerce / Shopping
Your order #32869 for ₹15146 has been shipped. Delivery by 13-Oct-25. – Amazon,E-commerce / Shopping
Your Meesho order #87633 is out for delivery. – Ekart,E-commerce / Shopping
Your order #74916 for ₹9790 has been shipped. Delivery by 23-Oct-25. – Amazon,E-commerce / Shopping
Ajio: Payment of ₹7476 for order #32158 received successfully.,E-commerce / Shopping
Flash Sale! Up to 43% off on furniture today. Shop now! – Amazon,E-commerce / Shopping
Meesho: Payment of ₹6640 for order #42023 received successfully.,E-commerce / Shopping
Your order #55065 for ₹6380 has been shipped. Delivery by 13-Oct-25. – Meesho,E-commerce / Shopping
Amazon: Payment of ₹15967 for order #96944 received successfully.,E-commerce / Shopping
Order #59343 delivered successfully. Rate your experience. – Ajio,E-commerce / Shopping
Flipkart: Payment of ₹16062 for order #76219 received successfully.,E-commerce / Shopping
Myntra: Payment of ₹13861 for order #36604 received successfully.,E-commerce / Shopping
Flash Sale! Up to 23% off on electronics today. Shop now! – Ajio,E-commerce / Shopping
Your Flipkart order #95084 is out for delivery. – Ekart,E-commerce / Shopping
Your Amazon order #59239 is out for delivery. – BlueDart,E-commerce / Shopping
Your order #20679 for ₹1275 has been shipped. Delivery by 20-Oct-25. – Ajio,E-commerce / Shopping
Your Amazon order #34258 is out for delivery. – Ekart,E-commerce / Shopping
Amazon: Payment of ₹5100 for order #30710 received successfully.,E-commerce / Shopping
Your Ajio order #13611 is out for delivery. – Delhivery,E-commerce / Shopping
Flipkart: Payment of ₹8725 for order #64665 received successfully.,E-commerce / Shopping
Amazon: Payment of ₹1439 for order #31291 received successfully.,E-commerce / Shopping
Order #99923 delivered successfully. Rate your experience. – Flipkart,E-commerce / Shopping
Your Myntra order #27087 is out for delivery. – XpressBees,E-commerce / Shopping
Flash Sale! Up to 64% off on beauty today. Shop now! – Ajio,E-commerce / Shopping
Flash Sale! Up to 13% off on electronics today. Shop now! – Meesho,E-commerce / Shopping
Your Myntra order #78583 is out for delivery. – Delhivery,E-commerce / Shopping
Your Myntra order #54624 is out for delivery. – XpressBees,E-commerce / Shopping
Myntra: Payment of ₹13475 for order #66926 received successfully.,E-commerce / Shopping
Your order #10335 for ₹8337 has been shipped. Delivery by 17-Oct-25. – Myntra,E-commerce / Shopping
Your Ajio order #24971 is out for delivery. – Delhivery,E-commerce / Shopping
Amazon: Payment of ₹3097 for order #80128 received successfully.,E-commerce / Shopping
Flash Sale! Up to 50% off on furniture today. Shop now! – Ajio,E-commerce / Shopping
Your order #31178 for ₹16244 has been shipped. Delivery by 16-Oct-25. – Meesho,E-commerce / Shopping
Order #67970 delivered successfully. Rate your experience. – Meesho,E-commerce / Shopping
Ajio: Payment of ₹5221 for order #49090 received successfully.,E-commerce / Shopping
Your Ajio order #92283 is out for delivery. – BlueDart,E-commerce / Shopping
Flipkart: Payment of ₹12063 for order #63814 received successfully.,E-commerce / Shopping
Your Flipkart order #34182 is out for delivery. – BlueDart,E-commerce / Shopping
Your Flipkart order #73722 is out for delivery. – Ekart,E-commerce / Shopping
Flash Sale! Up to 18% off on furniture today. Shop now! – Meesho,E-commerce / Shopping
Flash Sale! Up to 66% off on clothing today. Shop now! – Meesho,E-commerce / Shopping
Your Meesho order #74435 is out for delivery. – Delhivery,E-commerce / Shopping
Flash Sale! Up to 23% off on furniture today. Shop now! – Myntra,E-commerce / Shopping
Amazon: Payment of ₹18526 for order #92705 received successfully.,E-commerce / Shopping
Order #81831 delivered successfully. Rate your experience. – Flipkart,E-commerce / Shopping
Order #90550 delivered successfully. Rate your experience. – Ajio,E-commerce / Shopping
Your order #83400 for ₹8222 has been shipped. Delivery by 21-Oct-25. – Amazon,E-commerce / Shopping
Meesho: Payment of ₹9316 for order #71592 received successfully.,E-commerce / Shopping
Flash Sale! Up to 22% off on electronics today. Shop now! – Meesho,E-commerce / Shopping
Your order #65913 for ₹585 has been shipped. Delivery by 28-Oct-25. – Flipkart,E-commerce / Shopping
Ajio: Payment of ₹8471 for order #17947 received successfully.,E-commerce / Shopping
Flash Sale! Up to 43% off on electronics today. Shop now! – Flipkart,E-commerce / Shopping
Flipkart: Payment of ₹7099 for order #37545 received successfully.,E-commerce / Shopping
Order #97294 delivered successfully. Rate your experience. – Amazon,E-commerce / Shopping
Your Meesho order #20980 is out for delivery. – Ekart,E-commerce / Shopping
Your Meesho order #85371 is out for delivery. – Delhivery,E-commerce / Shopping
Your Meesho order #27618 is out for delivery. – Ekart,E-commerce / Shopping
Your Amazon order #56265 is out for delivery. – XpressBees,E-commerce / Shopping
Your order #44260 for ₹8057 has been shipped. Delivery by 19-Oct-25. – Meesho,E-commerce / Shopping
Your Amazon order #20668 is out for delivery. – Ekart,E-commerce / Shopping
Ajio: Payment of ₹16957 for order #57788 received successfully.,E-commerce / Shopping
Order #87418 delivered successfully. Rate your experience. – Amazon,E-commerce / Shopping
Flash Sale! Up to 36% off on clothing today. Shop now! – Myntra,E-commerce / Shopping
Your Amazon order #44336 is out for delivery. – BlueDart,E-commerce / Shopping
Your order #37764 for ₹8108 has been shipped. Delivery by 28-Oct-25. – Meesho,E-commerce / Shopping
Your Amazon order #64448 is out for delivery. – XpressBees,E-commerce / Shopping
Your order #99384 for ₹8575 has been shipped. Delivery by 10-Oct-25. – Amazon,E-commerce / Shopping
Your Amazon order #35172 is out for delivery. – Ekart,E-commerce / Shopping
Your Meesho order #80940 is out for delivery. – XpressBees,E-commerce / Shopping
Your order #11557 for ₹2133 has been shipped. Delivery by 15-Oct-25. – Myntra,E-commerce / Shopping
Your Flipkart order #38689 is out for delivery. – Delhivery,E-commerce / Shopping
Ajio: Payment of ₹3933 for order #52037 received successfully.,E-commerce / Shopping
Myntra: Payment of ₹3502 for order #82968 received successfully.,E-commerce / Shopping
Your order #25290 for ₹13649 has been shipped. Delivery by 15-Oct-25. – Amazon,E-commerce / Shopping
Your order #95423 for ₹5117 has been shipped. Delivery by 10-Oct-25. – Myntra,E-commerce / Shopping
Flash Sale! Up to 42% off on electronics today. Shop now! – Flipkart,E-commerce / Shopping
Flash Sale! Up to 60% off on furniture today. Shop now! – Ajio,E-commerce / Shopping
Flash Sale! Up to 13% off on beauty today. Shop now! – Flipkart,E-commerce / Shopping
Amazon: Payment of ₹17634 for order #80609 received successfully.,E-commerce / Shopping
Your Ajio order #23697 is out for delivery. – BlueDart,E-commerce / Shopping
Your Flipkart order #30058 is out for delivery. – Ekart,E-commerce / Shopping
Your order #48066 for ₹13073 has been shipped. Delivery by 14-Oct-25. – Myntra,E-commerce / Shopping
Flash Sale! Up to 20% off on furniture today. Shop now! – Flipkart,E-commerce / Shopping
Flash Sale! Up to 26% off on electronics today. Shop now! – Flipkart,E-commerce / Shopping
Your Amazon order #18166 is out for delivery. – Ekart,E-commerce / Shopping
Meesho: Payment of ₹9383 for order #26312 received successfully.,E-commerce / Shopping
Your Myntra order #92034 is out for delivery. – Delhivery,E-commerce / Shopping
Your order #78525 for ₹5137 has been shipped. Delivery by 26-Oct-25. – Myntra,E-commerce / Shopping
Meesho: Payment of ₹2952 for order #70330 received successfully.,E-commerce / Shopping
Your Ajio order #54280 is out for delivery. – XpressBees,E-commerce / Shopping
Meesho: Payment of ₹13082 for order #16126 received successfully.,E-commerce / Shopping
Ajio: Payment of ₹18592 for order #80197 received successfully.,E-commerce / Shopping
Flipkart: Payment of ₹3426 for order #63372 received successfully.,E-commerce / Shopping
Your Ajio order #61857 is out for delivery. – Delhivery,E-commerce / Shopping
Order #22763 delivered successfully. Rate your experience. – Meesho,E-commerce / Shopping
Order #78108 delivered successfully. Rate your experience. – Myntra,E-commerce / Shopping
Order #25969 delivered successfully. Rate your experience. – Meesho,E-commerce / Shopping
Order #79154 delivered successfully. Rate your experience. – Myntra,E-commerce / Shopping
Order #37793 delivered successfully. Rate your experience. – Amazon,E-commerce / Shopping
Order #81283 delivered successfully. Rate your experience. – Amazon,E-commerce / Shopping
Your Meesho order #67998 is out for delivery. – XpressBees,E-commerce / Shopping
Your order #80143 for ₹8571 has been shipped. Delivery by 24-Oct-25. – Amazon,E-commerce / Shopping
Ajio: Payment of ₹3234 for order #77011 received successfully.,E-commerce / Shopping
Ajio: Payment of ₹16463 for order #31013 received successfully.,E-commerce / Shopping
Order #21641 delivered successfully. Rate your experience. – Myntra,E-commerce / Shopping
Your order #40789 for ₹18418 has been shipped. Delivery by 25-Oct-25. – Myntra,E-commerce / Shopping
Flash Sale! Up to 34% off on furniture today. Shop now! – Amazon,E-commerce / Shopping
Your order #86738 for ₹13028 has been shipped. Delivery by 15-Oct-25. – Meesho,E-commerce / Shopping
Flash Sale! Up to 31% off on beauty today. Shop now! – Myntra,E-commerce / Shopping
Flash Sale! Up to 16% off on furniture today. Shop now! – Myntra,E-commerce / Shopping
Your order #14251 for ₹5749 has been shipped. Delivery by 11-Oct-25. – Meesho,E-commerce / Shopping
Your Meesho order #81871 is out for delivery. – BlueDart,E-commerce / Shopping
Your Myntra order #90882 is out for delivery. – Ekart,E-commerce / Shopping
Your order #98886 for ₹10438 has been shipped. Delivery by 12-Oct-25. – Ajio,E-commerce / Shopping
Flash Sale! Up to 66% off on furniture today. Shop now! – Myntra,E-commerce / Shopping
Amazon: Payment of ₹5280 for order #96179 received successfully.,E-commerce / Shopping
Order #89304 delivered successfully. Rate your experience. – Amazon,E-commerce / Shopping
Flash Sale! Up to 50% off on electronics today. Shop now! – Amazon,E-commerce / Shopping
Meesho: Payment of ₹15869 for order #97556 received successfully.,E-commerce / Shopping
Flash Sale! Up to 35% off on electronics today. Shop now! – Meesho,E-commerce / Shopping
Your Meesho order #64578 is out for delivery. – BlueDart,E-commerce / Shopping
Flash Sale! Up to 65% off on beauty today. Shop now! – Flipkart,E-commerce / Shopping
Flash Sale! Up to 13% off on beauty today. Shop now! – Myntra,E-commerce / Shopping
Your order #87778 for ₹16135 has been shipped. Delivery by 22-Oct-25. – Myntra,E-commerce / Shopping
Your Flipkart order #61270 is out for delivery. – BlueDart,E-commerce / Shopping
Flash Sale! Up to 67% off on furniture today. Shop now! – Ajio,E-commerce / Shopping
Your order #69232 for ₹17567 has been shipped. Delivery by 23-Oct-25. – Flipkart,E-commerce / Shopping
Flash Sale! Up to 66% off on beauty today. Shop now! – Amazon,E-commerce / Shopping
Order #55440 delivered successfully. Rate your experience. – Amazon,E-commerce / Shopping
Your order #78460 for ₹16333 has been shipped. Delivery by 11-Oct-25. – Myntra,E-commerce / Shopping
Ajio: Payment of ₹5426 for order #50028 received successfully.,E-commerce / Shopping
Your Amazon order #26239 is out for delivery. – Delhivery,E-commerce / Shopping
Flash Sale! Up to 63% off on furniture today. Shop now! – Meesho,E-commerce / Shopping
Order #27978 delivered successfully. Rate your experience. – Flipkart,E-commerce / Shopping
Your Meesho order #38743 is out for delivery. – Ekart,E-commerce / Shopping
Ajio: Payment of ₹16020 for order #34936 received successfully.,E-commerce / Shopping
Flash Sale! Up to 47% off on electronics today. Shop now! – Myntra,E-commerce / Shopping
Ajio: Payment of ₹5722 for order #26251 received successfully.,E-commerce / Shopping
Your Flipkart order #57238 is out for delivery. – XpressBees,E-commerce / Shopping
Your order #11134 for ₹9939 has been shipped. Delivery by 28-Oct-25. – Flipkart,E-commerce / Shopping
Flash Sale! Up to 30% off on clothing today. Shop now! – Myntra,E-commerce / Shopping
Order #34960 delivered successfully. Rate your experience. – Ajio,E-commerce / Shopping
Amazon: Payment of ₹9851 for order #87190 received successfully.,E-commerce / Shopping
Your order #29302 for ₹4833 has been shipped. Delivery by 14-Oct-25. – Flipkart,E-commerce / Shopping
Your Meesho order #96575 is out for delivery. – Delhivery,E-commerce / Shopping
Your order #58600 for ₹18993 has been shipped. Delivery by 24-Oct-25. – Flipkart,E-commerce / Shopping
Your order #31858 for ₹12734 has been shipped. Delivery by 27-Oct-25. – Amazon,E-commerce / Shopping
Order #50099 delivered successfully. Rate your experience. – Amazon,E-commerce / Shopping
Order #19559 delivered successfully. Rate your experience. – Meesho,E-commerce / Shopping
Your Meesho order #71873 is out for delivery. – Ekart,E-commerce / Shopping
Your order #48825 for ₹11292 has been shipped. Delivery by 22-Oct-25. – Ajio,E-commerce / Shopping
Amazon: Payment of ₹18998 for order #58233 received successfully.,E-commerce / Shopping
Order #13640 delivered successfully. Rate your experience. – Meesho,E-commerce / Shopping
Flash Sale! Up to 48% off on furniture today. Shop now! – Meesho,E-commerce / Shopping
Amazon: Payment of ₹17783 for order #32626 received successfully.,E-commerce / Shopping
Myntra: Payment of ₹4046 for order #11004 received successfully.,E-commerce / Shopping
Flipkart: Payment of ₹13863 for order #94580 received successfully.,E-commerce / Shopping
Your Meesho order #15863 is out for delivery. – XpressBees,E-commerce / Shopping
Myntra: Payment of ₹18206 for order #39532 received successfully.,E-commerce / Shopping
Your Amazon order #97231 is out for delivery. – BlueDart,E-commerce / Shopping
Your Flipkart order #54857 is out for delivery. – Ekart,E-commerce / Shopping
Flash Sale! Up to 14% off on beauty today. Shop now! – Meesho,E-commerce / Shopping
Your order #23205 for ₹8979 has been shipped. Delivery by 15-Oct-25. – Ajio,E-commerce / Shopping
Order #30564 delivered successfully. Rate your experience. – Myntra,E-commerce / Shopping
Flash Sale! Up to 58% off on furniture today. Shop now! – Meesho,E-commerce / Shopping
Order #71152 delivered successfully. Rate your experience. – Meesho,E-commerce / Shopping
Your order #91946 for ₹13707 has been shipped. Delivery by 21-Oct-25. – Amazon,E-commerce / Shopping
Order #67846 delivered successfully. Rate your experience. – Ajio,E-commerce / Shopping
Your order #61143 for ₹18667 has been shipped. Delivery by 18-Oct-25. – Amazon,E-commerce / Shopping
Your Meesho order #26263 is out for delivery. – XpressBees,E-commerce / Shopping
Meesho: Payment of ₹9375 for order #99545 received successfully.,E-commerce / Shopping
Flash Sale! Up to 36% off on electronics today. Shop now! – Myntra,E-commerce / Shopping
Your order #26491 for ₹6310 has been shipped. Delivery by 15-Oct-25. – Meesho,E-commerce / Shopping
Your order #14106 for ₹8901 has been shipped. Delivery by 11-Oct-25. – Myntra,E-commerce / Shopping
Flash Sale! Up to 37% off on electronics today. Shop now! – Amazon,E-commerce / Shopping
Flash Sale! Up to 48% off on clothing today. Shop now! – Ajio,E-commerce / Shopping
Your order #44047 for ₹5951 has been shipped. Delivery by 19-Oct-25. – Amazon,E-commerce / Shopping
Meesho: Payment of ₹17680 for order #69354 received successfully.,E-commerce / Shopping
Your order #55934 for ₹5565 has been shipped. Delivery by 27-Oct-25. – Myntra,E-commerce / Shopping
Flash Sale! Up to 69% off on beauty today. Shop now! – Flipkart,E-commerce / Shopping
Your Meesho order #37987 is out for delivery. – XpressBees,E-commerce / Shopping
Your order #50189 for ₹2406 has been shipped. Delivery by 20-Oct-25. – Amazon,E-commerce / Shopping
Your order #22156 for ₹9325 has been shipped. Delivery by 19-Oct-25. – Amazon,E-commerce / Shopping
Flash Sale! Up to 60% off on beauty today. Shop now! – Ajio,E-commerce / Shopping
Flash Sale! Up to 16% off on furniture today. Shop now! – Flipkart,E-commerce / Shopping
Your Ajio order #28459 is out for delivery. – Ekart,E-commerce / Shopping
Flash Sale! Up to 48% off on electronics today. Shop now! – Myntra,E-commerce / Shopping
Flash Sale! Up to 19% off on electronics today. Shop now! – Amazon,E-commerce / Shopping
Your Meesho order #23571 is out for delivery. – Ekart,E-commerce / Shopping
Order #94999 delivered successfully. Rate your experience. – Flipkart,E-commerce / Shopping
Your Meesho order #54320 is out for delivery. – XpressBees,E-commerce / Shopping
Your Ajio order #78131 is out for delivery. – XpressBees,E-commerce / Shopping
Order #82723 delivered successfully. Rate your experience. – Flipkart,E-commerce / Shopping
Amazon: Payment of ₹999 for order #45718 received successfully.,E-commerce / Shopping
Your order #13262 for ₹1780 has been shipped. Delivery by 22-Oct-25. – Amazon,E-commerce / Shopping
Your Ajio order #22750 is out for delivery. – XpressBees,E-commerce / Shopping
Flipkart: Payment of ₹8928 for order #97675 received successfully.,E-commerce / Shopping
Your order #65758 for ₹10655 has been shipped. Delivery by 12-Oct-25. – Amazon,E-commerce / Shopping
Order #73745 delivered successfully. Rate your experience. – Flipkart,E-commerce / Shopping
Flash Sale! Up to 67% off on beauty today. Shop now! – Ajio,E-commerce / Shopping
Flash Sale! Up to 48% off on electronics today. Shop now! – Amazon,E-commerce / Shopping
Order #38894 delivered successfully. Rate your experience. – Flipkart,E-commerce / Shopping
Flash Sale! Up to 63% off on clothing today. Shop now! – Flipkart,E-commerce / Shopping
Flipkart: Payment of ₹10555 for order #38244 received successfully.,E-commerce / Shopping
Your order #98262 for ₹17758 has been shipped. Delivery by 11-Oct-25. – Ajio,E-commerce / Shopping
Your order #48968 for ₹11040 has been shipped. Delivery by 18-Oct-25. – Meesho,E-commerce / Shopping
Your order #68921 for ₹14635 has been shipped. Delivery by 28-Oct-25. – Ajio,E-commerce / Shopping
Flash Sale! Up to 67% off on clothing today. Shop now! – Myntra,E-commerce / Shopping
Order #79084 delivered successfully. Rate your experience. – Flipkart,E-commerce / Shopping
Your Amazon order #15823 is out for delivery. – BlueDart,E-commerce / Shopping
Your Meesho order #15237 is out for delivery. – BlueDart,E-commerce / Shopping
Flipkart: Payment of ₹936 for order #77548 received successfully.,E-commerce / Shopping
Your Meesho order #11733 is out for delivery. – BlueDart,E-commerce / Shopping
Your order #41031 for ₹17150 has been shipped. Delivery by 25-Oct-25. – Myntra,E-commerce / Shopping
Your Flipkart order #35585 is out for delivery. – Ekart,E-commerce / Shopping
Your Meesho order #83317 is out for delivery. – BlueDart,E-commerce / Shopping
Flash Sale! Up to 43% off on furniture today. Shop now! – Myntra,E-commerce / Shopping
Your order #96568 for ₹15188 has been shipped. Delivery by 16-Oct-25. – Flipkart,E-commerce / Shopping
Flipkart: Payment of ₹759 for order #60581 received successfully.,E-commerce / Shopping
Order #54673 delivered successfully. Rate your experience. – Meesho,E-commerce / Shopping
Meesho: Payment of ₹12391 for order #65453 received successfully.,E-commerce / Shopping
Order #81949 delivered successfully. Rate your experience. – Meesho,E-commerce / Shopping
Amazon: Payment of ₹16684 for order #47121 received successfully.,E-commerce / Shopping
Your order #32949 for ₹15859 has been shipped. Delivery by 27-Oct-25. – Myntra,E-commerce / Shopping
Meesho: Payment of ₹18081 for order #69273 received successfully.,E-commerce / Shopping
Your Flipkart order #91803 is out for delivery. – Delhivery,E-commerce / Shopping
Your Meesho order #12120 is out for delivery. – Ekart,E-commerce / Shopping
Ajio: Payment of ₹8226 for order #90620 received successfully.,E-commerce / Shopping
Your order #96920 for ₹2254 has been shipped. Delivery by 11-Oct-25. – Meesho,E-commerce / Shopping
Your order #32249 for ₹3552 has been shipped. Delivery by 16-Oct-25. – Ajio,E-commerce / Shopping
Your Myntra order #76004 is out for delivery. – Ekart,E-commerce / Shopping
Order #45950 delivered successfully. Rate your experience. – Ajio,E-commerce / Shopping
Your Ajio order #52149 is out for delivery. – Ekart,E-commerce / Shopping
Order #33122 delivered successfully. Rate your experience. – Flipkart,E-commerce / Shopping
Order #81316 delivered successfully. Rate your experience. – Amazon,E-commerce / Shopping
Your order #85818 for ₹5586 has been shipped. Delivery by 27-Oct-25. – Flipkart,E-commerce / Shopping
Amazon: Payment of ₹15274 for order #62475 received successfully.,E-commerce / Shopping
Your order #51383 for ₹8538 has been shipped. Delivery by 28-Oct-25. – Amazon,E-commerce / Shopping
Your order #13200 for ₹17544 has been shipped. Delivery by 12-Oct-25. – Meesho,E-commerce / Shopping
Your Flipkart order #25424 is out for delivery. – Delhivery,E-commerce / Shopping
Your Ajio order #64501 is out for delivery. – Ekart,E-commerce / Shopping
Flipkart: Payment of ₹4629 for order #93197 received successfully.,E-commerce / Shopping
Myntra: Payment of ₹13699 for order #47236 received successfully.,E-commerce / Shopping
Flash Sale! Up to 64% off on clothing today. Shop now! – Meesho,E-commerce / Shopping
Order #34743 delivered successfully. Rate your experience. – Ajio,E-commerce / Shopping
Order #82972 delivered successfully. Rate your experience. – Amazon,E-commerce / Shopping
Flash Sale! Up to 43% off on beauty today. Shop now! – Myntra,E-commerce / Shopping
Order #43636 delivered successfully. Rate your experience. – Flipkart,E-commerce / Shopping
Flash Sale! Up to 44% off on furniture today. Shop now! – Amazon,E-commerce / Shopping
Your order #64237 for ₹9686 has been shipped. Delivery by 12-Oct-25. – Meesho,E-commerce / Shopping
Order #60038 delivered successfully. Rate your experience. – Amazon,E-commerce / Shopping
Myntra: Payment of ₹8139 for order #98126 received successfully.,E-commerce / Shopping
Your order #97332 for ₹232 has been shipped. Delivery by 25-Oct-25. – Meesho,E-commerce / Shopping
Your Myntra order #29486 is out for delivery. – Delhivery,E-commerce / Shopping
Order #35606 delivered successfully. Rate your experience. – Amazon,E-commerce / Shopping
Your order #89113 for ₹646 has been shipped. Delivery by 21-Oct-25. – Flipkart,E-commerce / Shopping
Your order #63026 for ₹15655 has been shipped. Delivery by 15-Oct-25. – Amazon,E-commerce / Shopping
Your Amazon order #19131 is out for delivery. – XpressBees,E-commerce / Shopping
Amazon: Payment of ₹4096 for order #88687 received successfully.,E-commerce / Shopping
Your order #90533 for ₹137 has been shipped. Delivery by 24-Oct-25. – Myntra,E-commerce / Shopping
Order #56663 delivered successfully. Rate your experience. – Ajio,E-commerce / Shopping
Your order #24833 for ₹6417 has been shipped. Delivery by 26-Oct-25. – Ajio,E-commerce / Shopping
Your order #47102 for ₹18213 has been shipped. Delivery by 24-Oct-25. – Ajio,E-commerce / Shopping
Order #64020 delivered successfully. Rate your experience. – Ajio,E-commerce / Shopping
Your order #78657 for ₹15304 has been shipped. Delivery by 16-Oct-25. – Flipkart,E-commerce / Shopping
Flash Sale! Up to 46% off on beauty today. Shop now! – Flipkart,E-commerce / Shopping
Ajio: Payment of ₹15788 for order #11163 received successfully.,E-commerce / Shopping
Your Amazon order #89391 is out for delivery. – BlueDart,E-commerce / Shopping
Flash Sale! Up to 56% off on furniture today. Shop now! – Amazon,E-commerce / Shopping
Your order #14784 for ₹11869 has been shipped. Delivery by 14-Oct-25. – Meesho,E-commerce / Shopping
Order #71398 delivered successfully. Rate your experience. – Meesho,E-commerce / Shopping
Your Flipkart order #91718 is out for delivery. – XpressBees,E-commerce / Shopping
Meesho: Payment of ₹16509 for order #43473 received successfully.,E-commerce / Shopping
Your Flipkart order #85907 is out for delivery. – BlueDart,E-commerce / Shopping
Your order #25958 for ₹736 has been shipped. Delivery by 10-Oct-25. – Myntra,E-commerce / Shopping
Order #27355 delivered successfully. Rate your experience. – Ajio,E-commerce / Shopping
Order #77659 delivered successfully. Rate your experience. – Amazon,E-commerce / Shopping
Flipkart: Payment of ₹2033 for order #26988 received successfully.,E-commerce / Shopping
Flipkart: Payment of ₹11137 for order #21845 received successfully.,E-commerce / Shopping
Your Myntra order #71545 is out for delivery. – Ekart,E-commerce / Shopping
Order #71975 delivered successfully. Rate your experience. – Amazon,E-commerce / Shopping
Flash Sale! Up to 31% off on clothing today. Shop now! – Meesho,E-commerce / Shopping
Order #23392 delivered successfully. Rate your experience. – Flipkart,E-commerce / Shopping
Flash Sale! Up to 62% off on furniture today. Shop now! – Ajio,E-commerce / Shopping
Your Myntra order #31468 is out for delivery. – Delhivery,E-commerce / Shopping
Your order #85359 for ₹2474 has been shipped. Delivery by 10-Oct-25. – Myntra,E-commerce / Shopping
Meesho: Payment of ₹625 for order #14512 received successfully.,E-commerce / Shopping
Your order #48477 for ₹12424 has been shipped. Delivery by 25-Oct-25. – Myntra,E-commerce / Shopping
Flipkart: Payment of ₹6509 for order #11920 received successfully.,E-commerce / Shopping
Flash Sale! Up to 32% off on clothing today. Shop now! – Myntra,E-commerce / Shopping
Ajio: Payment of ₹17255 for order #50275 received successfully.,E-commerce / Shopping
Your Meesho order #51746 is out for delivery. – Delhivery,E-commerce / Shopping
Order #10744 delivered successfully. Rate your experience. – Amazon,E-commerce / Shopping
Myntra: Payment of ₹19929 for order #86246 received successfully.,E-commerce / Shopping
Your Myntra order #17791 is out for delivery. – Delhivery,E-commerce / Shopping
Order #51389 delivered successfully. Rate your experience. – Meesho,E-commerce / Shopping
Order #18797 delivered successfully. Rate your experience. – Meesho,E-commerce / Shopping
Your Meesho order #75323 is out for delivery. – BlueDart,E-commerce / Shopping
Meesho: Payment of ₹4169 for order #54639 received successfully.,E-commerce / Shopping
Your Amazon order #78457 is out for delivery. – XpressBees,E-commerce / Shopping
Your Meesho order #34020 is out for delivery. – XpressBees,E-commerce / Shopping
Meesho: Payment of ₹11129 for order #51351 received successfully.,E-commerce / Shopping
Flash Sale! Up to 55% off on electronics today. Shop now! – Amazon,E-commerce / Shopping
Myntra: Payment of ₹1102 for order #78876 received successfully.,E-commerce / Shopping
Order #53967 delivered successfully. Rate your experience. – Ajio,E-commerce / Shopping
Flash Sale! Up to 53% off on clothing today. Shop now! – Amazon,E-commerce / Shopping
Order #77684 delivered successfully. Rate your experience. – Flipkart,E-commerce / Shopping
Myntra: Payment of ₹10259 for order #29345 received successfully.,E-commerce / Shopping
Order #20743 delivered successfully. Rate your experience. – Amazon,E-commerce / Shopping
Flash Sale! Up to 39% off on electronics today. Shop now! – Myntra,E-commerce / Shopping
Flash Sale! Up to 27% off on electronics today. Shop now! – Meesho,E-commerce / Shopping
Your order #99136 for ₹7469 has been shipped. Delivery by 18-Oct-25. – Myntra,E-commerce / Shopping
Your order #56344 for ₹1882 has been shipped. Delivery by 17-Oct-25. – Flipkart,E-commerce / Shopping
Order #22549 delivered successfully. Rate your experience. – Meesho,E-commerce / Shopping
Your order #83543 for ₹10075 has been shipped. Delivery by 19-Oct-25. – Myntra,E-commerce / Shopping
Order #98582 delivered successfully. Rate your experience. – Meesho,E-commerce / Shopping
Your Meesho order #71088 is out for delivery. – Delhivery,E-commerce / Shopping
Your Amazon order #41242 is out for delivery. – Ekart,E-commerce / Shopping
Order #35818 delivered successfully. Rate your experience. – Meesho,E-commerce / Shopping
Flash Sale! Up to 59% off on clothing today. Shop now! – Flipkart,E-commerce / Shopping
Your order #39495 for ₹15632 has been shipped. Delivery by 16-Oct-25. – Ajio,E-commerce / Shopping
Your Amazon order #45482 is out for delivery. – Delhivery,E-commerce / Shopping
Amazon: Payment of ₹19663 for order #49892 received successfully.,E-commerce / Shopping
Order #33464 delivered successfully. Rate your experience. – Amazon,E-commerce / Shopping
Myntra: Payment of ₹8493 for order #38908 received successfully.,E-commerce / Shopping
Your Meesho order #20676 is out for delivery. – BlueDart,E-commerce / Shopping
Your order #47161 for ₹7371 has been shipped. Delivery by 27-Oct-25. – Ajio,E-commerce / Shopping
Your order #32314 for ₹2795 has been shipped. Delivery by 18-Oct-25. – Ajio,E-commerce / Shopping
Order #69412 delivered successfully. Rate your experience. – Meesho,E-commerce / Shopping
Your Flipkart order #55049 is out for delivery. – XpressBees,E-commerce / Shopping
Your order #48055 for ₹10765 has been shipped. Delivery by 16-Oct-25. – Flipkart,E-commerce / Shopping
Your order #49419 for ₹9065 has been shipped. Delivery by 28-Oct-25. – Amazon,E-commerce / Shopping
Your order #97892 for ₹12035 has been shipped. Delivery by 17-Oct-25. – Myntra,E-commerce / Shopping
Your Myntra order #10510 is out for delivery. – BlueDart,E-commerce / Shopping
Flash Sale! Up to 26% off on beauty today. Shop now! – Amazon,E-commerce / Shopping
Your Meesho order #95878 is out for delivery. – BlueDart,E-commerce / Shopping
Flash Sale! Up to 24% off on furniture today. Shop now! – Meesho,E-commerce / Shopping
Flash Sale! Up to 58% off on electronics today. Shop now! – Meesho,E-commerce / Shopping
Your Myntra order #48272 is out for delivery. – XpressBees,E-commerce / Shopping
Flash Sale! Up to 13% off on furniture today. Shop now! – Meesho,E-commerce / Shopping
Your order #11137 for ₹400 has been shipped. Delivery by 18-Oct-25. – Flipkart,E-commerce / Shopping
Flash Sale! Up to 46% off on electronics today. Shop now! – Meesho,E-commerce / Shopping
Myntra: Payment of ₹16848 for order #31475 received successfully.,E-commerce / Shopping
Flash Sale! Up to 39% off on furniture today. Shop now! – Flipkart,E-commerce / Shopping
Order #14581 delivered successfully. Rate your experience. – Flipkart,E-commerce / Shopping
Your Myntra order #24705 is out for delivery. – BlueDart,E-commerce / Shopping
Flash Sale! Up to 35% off on beauty today. Shop now! – Ajio,E-commerce / Shopping
Amazon: Payment of ₹11519 for order #24551 received successfully.,E-commerce / Shopping
Order #58898 delivered successfully. Rate your experience. – Meesho,E-commerce / Shopping
Your order #80407 for ₹9798 has been shipped. Delivery by 12-Oct-25. – Myntra,E-commerce / Shopping
Your order #90794 for ₹18111 has been shipped. Delivery by 12-Oct-25. – Meesho,E-commerce / Shopping
Your order #62651 for ₹5101 has been shipped. Delivery by 22-Oct-25. – Flipkart,E-commerce / Shopping
Ajio: Payment of ₹2639 for order #16473 received successfully.,E-commerce / Shopping
Flash Sale! Up to 22% off on furniture today. Shop now! – Myntra,E-commerce / Shopping
Your order #21940 for ₹4588 has been shipped. Delivery by 17-Oct-25. – Myntra,E-commerce / Shopping
Amazon: Payment of ₹8794 for order #93616 received successfully.,E-commerce / Shopping
Meesho: Payment of ₹8607 for order #17166 received successfully.,E-commerce / Shopping
Flash Sale! Up to 54% off on beauty today. Shop now! – Amazon,E-commerce / Shopping
Order #95899 delivered successfully. Rate your experience. – Meesho,E-commerce / Shopping
Amazon: Payment of ₹16634 for order #68817 received successfully.,E-commerce / Shopping
Your Myntra order #77858 is out for delivery. – Delhivery,E-commerce / Shopping
Flipkart: Payment of ₹8069 for order #10629 received successfully.,E-commerce / Shopping
Flash Sale! Up to 38% off on clothing today. Shop now! – Meesho,E-commerce / Shopping
Flash Sale! Up to 62% off on furniture today. Shop now! – Flipkart,E-commerce / Shopping
Flash Sale! Up to 61% off on furniture today. Shop now! – Meesho,E-commerce / Shopping
Flash Sale! Up to 48% off on furniture today. Shop now! – Amazon,E-commerce / Shopping
Flash Sale! Up to 29% off on beauty today. Shop now! – Meesho,E-commerce / Shopping
Your order #81424 for ₹13500 has been shipped. Delivery by 26-Oct-25. – Ajio,E-commerce / Shopping
Flash Sale! Up to 18% off on beauty today. Shop now! – Amazon,E-commerce / Shopping
Your Flipkart order #26929 is out for delivery. – XpressBees,E-commerce / Shopping
Flipkart: Payment of ₹421 for order #53356 received successfully.,E-commerce / Shopping
Flash Sale! Up to 10% off on clothing today. Shop now! – Amazon,E-commerce / Shopping
Flash Sale! Up to 24% off on beauty today. Shop now! – Amazon,E-commerce / Shopping
Order #18375 delivered successfully. Rate your experience. – Meesho,E-commerce / Shopping
Your order #47454 for ₹16444 has been shipped. Delivery by 13-Oct-25. – Myntra,E-commerce / Shopping
Your order #52600 for ₹12118 has been shipped. Delivery by 13-Oct-25. – Amazon,E-commerce / Shopping
Your order #82423 for ₹11241 has been shipped. Delivery by 11-Oct-25. – Meesho,E-commerce / Shopping
Your order #24516 for ₹9554 has been shipped. Delivery by 26-Oct-25. – Meesho,E-commerce / Shopping
Ajio: Payment of ₹15866 for order #74241 received successfully.,E-commerce / Shopping
Your order #91580 for ₹4485 has been shipped. Delivery by 21-Oct-25. – Ajio,E-commerce / Shopping
Myntra: Payment of ₹7202 for order #38191 received successfully.,E-commerce / Shopping
Amazon: Payment of ₹19919 for order #18484 received successfully.,E-commerce / Shopping
Your Meesho order #65655 is out for delivery. – Ekart,E-commerce / Shopping
Flash Sale! Up to 18% off on beauty today. Shop now! – Myntra,E-commerce / Shopping
Flash Sale! Up to 43% off on beauty today. Shop now! – Amazon,E-commerce / Shopping
Order #48106 delivered successfully. Rate your experience. – Flipkart,E-commerce / Shopping
Your Myntra order #57156 is out for delivery. – XpressBees,E-commerce / Shopping
Your Ajio order #13892 is out for delivery. – BlueDart,E-commerce / Shopping
Your order #23302 for ₹4140 has been shipped. Delivery by 18-Oct-25. – Ajio,E-commerce / Shopping
Your order #56608 for ₹11209 has been shipped. Delivery by 21-Oct-25. – Myntra,E-commerce / Shopping
Amazon: Payment of ₹3890 for order #35054 received successfully.,E-commerce / Shopping
Flash Sale! Up to 12% off on beauty today. Shop now! – Flipkart,E-commerce / Shopping
Flash Sale! Up to 46% off on clothing today. Shop now! – Meesho,E-commerce / Shopping
Order #67706 delivered successfully. Rate your experience. – Ajio,E-commerce / Shopping
Your Amazon order #80857 is out for delivery. – XpressBees,E-commerce / Shopping
Flash Sale! Up to 64% off on furniture today. Shop now! – Ajio,E-commerce / Shopping
Order #94074 delivered successfully. Rate your experience. – Myntra,E-commerce / Shopping
Your Amazon order #77411 is out for delivery. – XpressBees,E-commerce / Shopping
Order #27142 delivered successfully. Rate your experience. – Flipkart,E-commerce / Shopping
Order #29945 delivered successfully. Rate your experience. – Flipkart,E-commerce / Shopping
Flipkart: Payment of ₹19981 for order #63939 received successfully.,E-commerce / Shopping
Your order #53010 for ₹6191 has been shipped. Delivery by 18-Oct-25. – Meesho,E-commerce / Shopping
Your order #39377 for ₹19418 has been shipped. Delivery by 18-Oct-25. – Amazon,E-commerce / Shopping
Order #64058 delivered successfully. Rate your experience. – Amazon,E-commerce / Shopping
Flash Sale! Up to 38% off on furniture today. Shop now! – Meesho,E-commerce / Shopping
Myntra: Payment of ₹10030 for order #49862 received successfully.,E-commerce / Shopping
Your order #90429 for ₹10009 has been shipped. Delivery by 23-Oct-25. – Flipkart,E-commerce / Shopping
Flipkart: Payment of ₹7404 for order #97565 received successfully.,E-commerce / Shopping
Your order #27039 for ₹19189 has been shipped. Delivery by 17-Oct-25. – Amazon,E-commerce / Shopping
Your Flipkart order #52746 is out for delivery. – XpressBees,E-commerce / Shopping
Order #69553 delivered successfully. Rate your experience. – Ajio,E-commerce / Shopping
Your Amazon order #46355 is out for delivery. – Delhivery,E-commerce / Shopping
Order #55510 delivered successfully. Rate your experience. – Myntra,E-commerce / Shopping
Flash Sale! Up to 28% off on electronics today. Shop now! – Myntra,E-commerce / Shopping
Flipkart: Payment of ₹19590 for order #17514 received successfully.,E-commerce / Shopping
Flash Sale! Up to 18% off on beauty today. Shop now! – Ajio,E-commerce / Shopping
Your order #93458 for ₹17002 has been shipped. Delivery by 13-Oct-25. – Amazon,E-commerce / Shopping
Amazon: Payment of ₹7359 for order #29636 received successfully.,E-commerce / Shopping
Order #91747 delivered successfully. Rate your experience. – Myntra,E-commerce / Shopping
Order #13262 delivered successfully. Rate your experience. – Meesho,E-commerce / Shopping
Your Flipkart order #18212 is out for delivery. – Delhivery,E-commerce / Shopping
Your order #40002 for ₹14881 has been shipped. Delivery by 18-Oct-25. – Meesho,E-commerce / Shopping
Your order #17182 for ₹17103 has been shipped. Delivery by 16-Oct-25. – Ajio,E-commerce / Shopping
Order #93209 delivered successfully. Rate your experience. – Ajio,E-commerce / Shopping
Flash Sale! Up to 52% off on clothing today. Shop now! – Ajio,E-commerce / Shopping
Flash Sale! Up to 65% off on electronics today. Shop now! – Amazon,E-commerce / Shopping
Flash Sale! Up to 70% off on beauty today. Shop now! – Amazon,E-commerce / Shopping
Your order #57268 for ₹2103 has been shipped. Delivery by 11-Oct-25. – Amazon,E-commerce / Shopping
Your order #84635 for ₹10462 has been shipped. Delivery by 12-Oct-25. – Myntra,E-commerce / Shopping
Order #17252 delivered successfully. Rate your experience. – Flipkart,E-commerce / Shopping
Your order #98926 for ₹4200 has been shipped. Delivery by 21-Oct-25. – Meesho,E-commerce / Shopping
Order #24397 delivered successfully. Rate your experience. – Ajio,E-commerce / Shopping
Flipkart: Payment of ₹12353 for order #15944 received successfully.,E-commerce / Shopping
Flash Sale! Up to 42% off on electronics today. Shop now! – Flipkart,E-commerce / Shopping
Order #42294 delivered successfully. Rate your experience. – Amazon,E-commerce / Shopping
Your order #12739 for ₹17806 has been shipped. Delivery by 26-Oct-25. – Myntra,E-commerce / Shopping
Meesho: Payment of ₹914 for order #49082 received successfully.,E-commerce / Shopping
Order #23310 delivered successfully. Rate your experience. – Ajio,E-commerce / Shopping
Flash Sale! Up to 16% off on clothing today. Shop now! – Meesho,E-commerce / Shopping
Your Meesho order #15432 is out for delivery. – Delhivery,E-commerce / Shopping
Ajio: Payment of ₹7057 for order #95187 received successfully.,E-commerce / Shopping
Order #89461 delivered successfully. Rate your experience. – Myntra,E-commerce / Shopping
Your Meesho order #58230 is out for delivery. – Delhivery,E-commerce / Shopping
Flipkart: Payment of ₹14132 for order #68049 received successfully.,E-commerce / Shopping
Your order #50944 for ₹13156 has been shipped. Delivery by 26-Oct-25. – Myntra,E-commerce / Shopping
Flash Sale! Up to 56% off on clothing today. Shop now! – Myntra,E-commerce / Shopping
Your Meesho order #89988 is out for delivery. – Ekart,E-commerce / Shopping
Your Flipkart order #55271 is out for delivery. – BlueDart,E-commerce / Shopping
Flash Sale! Up to 40% off on beauty today. Shop now! – Meesho,E-commerce / Shopping
Flash Sale! Up to 12% off on electronics today. Shop now! – Amazon,E-commerce / Shopping
Your order #76088 for ₹7051 has been shipped. Delivery by 11-Oct-25. – Meesho,E-commerce / Shopping
Your order #60424 for ₹8651 has been shipped. Delivery by 21-Oct-25. – Flipkart,E-commerce / Shopping
Your order #22866 for ₹2200 has been shipped. Delivery by 18-Oct-25. – Ajio,E-commerce / Shopping
Order #47022 delivered successfully. Rate your experience. – Meesho,E-commerce / Shopping
Your Ajio order #67373 is out for delivery. – Ekart,E-commerce / Shopping
Your order #31583 for ₹8161 has been shipped. Delivery by 27-Oct-25. – Myntra,E-commerce / Shopping
Your order #13731 for ₹12177 has been shipped. Delivery by 21-Oct-25. – Myntra,E-commerce / Shopping
Flash Sale! Up to 57% off on beauty today. Shop now! – Ajio,E-commerce / Shopping
Your order #20173 for ₹15368 has been shipped. Delivery by 27-Oct-25. – Meesho,E-commerce / Shopping
Ajio: Payment of ₹2763 for order #51362 received successfully.,E-commerce / Shopping
Flash Sale! Up to 65% off on electronics today. Shop now! – Meesho,E-commerce / Shopping
Flash Sale! Up to 14% off on clothing today. Shop now! – Myntra,E-commerce / Shopping
Flipkart: Payment of ₹1373 for order #59774 received successfully.,E-commerce / Shopping
Your Flipkart order #62877 is out for delivery. – Ekart,E-commerce / Shopping
Your Amazon order #34148 is out for delivery. – BlueDart,E-commerce / Shopping
Your order #27419 for ₹14896 has been shipped. Delivery by 22-Oct-25. – Ajio,E-commerce / Shopping
Your order #91318 for ₹18428 has been shipped. Delivery by 17-Oct-25. – Myntra,E-commerce / Shopping
Your Amazon order #88583 is out for delivery. – Delhivery,E-commerce / Shopping
Your Meesho order #83193 is out for delivery. – Delhivery,E-commerce / Shopping
Ajio: Payment of ₹18411 for order #73774 received successfully.,E-commerce / Shopping
Amazon: Payment of ₹12188 for order #60340 received successfully.,E-commerce / Shopping
Order #57055 delivered successfully. Rate your experience. – Myntra,E-commerce / Shopping
Flash Sale! Up to 49% off on clothing today. Shop now! – Ajio,E-commerce / Shopping
Your order #77311 for ₹1100 has been shipped. Delivery by 18-Oct-25. – Amazon,E-commerce / Shopping
Your Ajio order #83983 is out for delivery. – XpressBees,E-commerce / Shopping
Your order #82563 for ₹19015 has been shipped. Delivery by 18-Oct-25. – Amazon,E-commerce / Shopping
Your order #88713 for ₹8248 has been shipped. Delivery by 21-Oct-25. – Flipkart,E-commerce / Shopping
Meesho: Payment of ₹14170 for order #99222 received successfully.,E-commerce / Shopping
Myntra: Payment of ₹11567 for order #88960 received successfully.,E-commerce / Shopping
Ajio: Payment of ₹2066 for order #47301 received successfully.,E-commerce / Shopping
Order #59252 delivered successfully. Rate your experience. – Meesho,E-commerce / Shopping
Your order #11238 for ₹13854 has been shipped. Delivery by 23-Oct-25. – Ajio,E-commerce / Shopping
Your order #34905 for ₹142 has been shipped. Delivery by 28-Oct-25. – Meesho,E-commerce / Shopping
Order #39789 delivered successfully. Rate your experience. – Myntra,E-commerce / Shopping
Your order #79962 for ₹5773 has been shipped. Delivery by 13-Oct-25. – Meesho,E-commerce / Shopping
Order #97678 delivered successfully. Rate your experience. – Flipkart,E-commerce / Shopping
Your order #12718 for ₹5739 has been shipped. Delivery by 13-Oct-25. – Amazon,E-commerce / Shopping
Order #76986 delivered successfully. Rate your experience. – Ajio,E-commerce / Shopping
Flash Sale! Up to 43% off on clothing today. Shop now! – Myntra,E-commerce / Shopping
Flash Sale! Up to 61% off on beauty today. Shop now! – Ajio,E-commerce / Shopping
Order #35049 delivered successfully. Rate your experience. – Ajio,E-commerce / Shopping
Flash Sale! Up to 19% off on furniture today. Shop now! – Flipkart,E-commerce / Shopping
Meesho: Payment of ₹7490 for order #83307 received successfully.,E-commerce / Shopping
Your Myntra order #47407 is out for delivery. – BlueDart,E-commerce / Shopping
Meesho: Payment of ₹12337 for order #86629 received successfully.,E-commerce / Shopping
Flash Sale! Up to 37% off on furniture today. Shop now! – Myntra,E-commerce / Shopping
Flash Sale! Up to 39% off on beauty today. Shop now! – Myntra,E-commerce / Shopping
Your Flipkart order #34776 is out for delivery. – XpressBees,E-commerce / Shopping
Order #12991 delivered successfully. Rate your experience. – Myntra,E-commerce / Shopping
Myntra: Payment of ₹12563 for order #58727 received successfully.,E-commerce / Shopping
Your order #91104 for ₹17177 has been shipped. Delivery by 25-Oct-25. – Amazon,E-commerce / Shopping
Flash Sale! Up to 64% off on electronics today. Shop now! – Meesho,E-commerce / Shopping
Flipkart: Payment of ₹16300 for order #29325 received successfully.,E-commerce / Shopping
Flash Sale! Up to 65% off on beauty today. Shop now! – Meesho,E-commerce / Shopping
Ajio: Payment of ₹9196 for order #65473 received successfully.,E-commerce / Shopping
Flash Sale! Up to 33% off on beauty today. Shop now! – Myntra,E-commerce / Shopping
Your Flipkart order #33908 is out for delivery. – BlueDart,E-commerce / Shopping
Your Myntra order #43049 is out for delivery. – Ekart,E-commerce / Shopping
Amazon: Payment of ₹18881 for order #89793 received successfully.,E-commerce / Shopping
Order #87741 delivered successfully. Rate your experience. – Meesho,E-commerce / Shopping
Your order #62874 for ₹7876 has been shipped. Delivery by 20-Oct-25. – Amazon,E-commerce / Shopping
Your Amazon order #19811 is out for delivery. – Delhivery,E-commerce / Shopping
Flash Sale! Up to 15% off on beauty today. Shop now! – Ajio,E-commerce / Shopping
Your order #65991 for ₹13867 has been shipped. Delivery by 24-Oct-25. – Flipkart,E-commerce / Shopping
Meesho: Payment of ₹11447 for order #82794 received successfully.,E-commerce / Shopping
Ajio: Payment of ₹13925 for order #10015 received successfully.,E-commerce / Shopping
Your Flipkart order #22042 is out for delivery. – Ekart,E-commerce / Shopping
Flash Sale! Up to 56% off on clothing today. Shop now! – Amazon,E-commerce / Shopping
Your order #81390 for ₹8291 has been shipped. Delivery by 26-Oct-25. – Ajio,E-commerce / Shopping
Order #17186 delivered successfully. Rate your experience. – Myntra,E-commerce / Shopping
Your order #68457 for ₹2993 has been shipped. Delivery by 22-Oct-25. – Flipkart,E-commerce / Shopping
Your order #85915 for ₹17306 has been shipped. Delivery by 19-Oct-25. – Meesho,E-commerce / Shopping
Your order #22533 for ₹15435 has been shipped. Delivery by 15-Oct-25. – Myntra,E-commerce / Shopping
Your order #47589 for ₹15061 has been shipped. Delivery by 13-Oct-25. – Amazon,E-commerce / Shopping
Flash Sale! Up to 51% off on clothing today. Shop now! – Myntra,E-commerce / Shopping
Meesho: Payment of ₹10988 for order #63809 received successfully.,E-commerce / Shopping
Ajio: Payment of ₹977 for order #99366 received successfully.,E-commerce / Shopping
Flash Sale! Up to 43% off on clothing today. Shop now! – Meesho,E-commerce / Shopping
Your order #46253 for ₹12809 has been shipped. Delivery by 28-Oct-25. – Amazon,E-commerce / Shopping
Amazon: Payment of ₹14570 for order #83587 received successfully.,E-commerce / Shopping
Your order #58587 for ₹19871 has been shipped. Delivery by 20-Oct-25. – Meesho,E-commerce / Shopping
Myntra: Payment of ₹2341 for order #82190 received successfully.,E-commerce / Shopping
Amazon: Payment of ₹357 for order #84103 received successfully.,E-commerce / Shopping
Meesho: Payment of ₹4926 for order #75505 received successfully.,E-commerce / Shopping
Your Amazon order #23372 is out for delivery. – Delhivery,E-commerce / Shopping
Amazon: Payment of ₹12005 for order #65578 received successfully.,E-commerce / Shopping
Order #31540 delivered successfully. Rate your experience. – Myntra,E-commerce / Shopping
Flash Sale! Up to 21% off on beauty today. Shop now! – Meesho,E-commerce / Shopping
Amazon: Payment of ₹16520 for order #83937 received successfully.,E-commerce / Shopping
Amazon: Payment of ₹6944 for order #14336 received successfully.,E-commerce / Shopping
Order #55173 delivered successfully. Rate your experience. – Meesho,E-commerce / Shopping
Your Meesho order #91023 is out for delivery. – BlueDart,E-commerce / Shopping
Your order #72083 for ₹11608 has been shipped. Delivery by 11-Oct-25. – Meesho,E-commerce / Shopping
Flash Sale! Up to 70% off on clothing today. Shop now! – Meesho,E-commerce / Shopping
Flash Sale! Up to 60% off on beauty today. Shop now! – Ajio,E-commerce / Shopping
Flash Sale! Up to 39% off on electronics today. Shop now! – Meesho,E-commerce / Shopping
Your Meesho order #63295 is out for delivery. – XpressBees,E-commerce / Shopping
Your Amazon order #98596 is out for delivery. – BlueDart,E-commerce / Shopping
Ajio: Payment of ₹6431 for order #77761 received successfully.,E-commerce / Shopping
Myntra: Payment of ₹4892 for order #44510 received successfully.,E-commerce / Shopping
Order #33010 delivered successfully. Rate your experience. – Amazon,E-commerce / Shopping
Order #93155 delivered successfully. Rate your experience. – Flipkart,E-commerce / Shopping
Flipkart: Payment of ₹3826 for order #38679 received successfully.,E-commerce / Shopping
Meesho: Payment of ₹16596 for order #77144 received successfully.,E-commerce / Shopping
Amazon: Payment of ₹420 for order #28359 received successfully.,E-commerce / Shopping
Your order #23380 for ₹3228 has been shipped. Delivery by 10-Oct-25. – Meesho,E-commerce / Shopping
Your order #19856 for ₹18582 has been shipped. Delivery by 19-Oct-25. – Amazon,E-commerce / Shopping
Amazon: Payment of ₹17431 for order #63646 received successfully.,E-commerce / Shopping
Meesho: Payment of ₹12443 for order #17503 received successfully.,E-commerce / Shopping
Order #28272 delivered successfully. Rate your experience. – Flipkart,E-commerce / Shopping
Your order #31663 for ₹3779 has been shipped. Delivery by 11-Oct-25. – Amazon,E-commerce / Shopping
Your Amazon order #23271 is out for delivery. – Delhivery,E-commerce / Shopping
Flipkart: Payment of ₹2429 for order #35179 received successfully.,E-commerce / Shopping
Flash Sale! Up to 68% off on furniture today. Shop now! – Myntra,E-commerce / Shopping
Flipkart: Payment of ₹19881 for order #54358 received successfully.,E-commerce / Shopping
Your order #29215 for ₹5894 has been shipped. Delivery by 18-Oct-25. – Myntra,E-commerce / Shopping
Order #70378 delivered successfully. Rate your experience. – Myntra,E-commerce / Shopping
Meesho: Payment of ₹12573 for order #95049 received successfully.,E-commerce / Shopping
Your Myntra order #25797 is out for delivery. – Ekart,E-commerce / Shopping
Flash Sale! Up to 11% off on beauty today. Shop now! – Myntra,E-commerce / Shopping
Your order #15205 for ₹11720 has been shipped. Delivery by 24-Oct-25. – Meesho,E-commerce / Shopping
Amazon: Payment of ₹9850 for order #53006 received successfully.,E-commerce / Shopping
Order #31329 delivered successfully. Rate your experience. – Meesho,E-commerce / Shopping
Your Meesho order #73202 is out for delivery. – Ekart,E-commerce / Shopping
Your Amazon order #15866 is out for delivery. – BlueDart,E-commerce / Shopping
Myntra: Payment of ₹7753 for order #25575 received successfully.,E-commerce / Shopping
Flash Sale! Up to 68% off on furniture today. Shop now! – Amazon,E-commerce / Shopping
Order #72410 delivered successfully. Rate your experience. – Meesho,E-commerce / Shopping
Your order #18274 for ₹19571 has been shipped. Delivery by 11-Oct-25. – Myntra,E-commerce / Shopping
Your order #15590 for ₹8469 has been shipped. Delivery by 20-Oct-25. – Flipkart,E-commerce / Shopping
Order #33811 delivered successfully. Rate your experience. – Myntra,E-commerce / Shopping
Your order #96600 for ₹18268 has been shipped. Delivery by 24-Oct-25. – Ajio,E-commerce / Shopping
Your Ajio order #80132 is out for delivery. – Delhivery,E-commerce / Shopping
Your order #30704 for ₹18441 has been shipped. Delivery by 21-Oct-25. – Meesho,E-commerce / Shopping
Your order #55394 for ₹16381 has been shipped. Delivery by 13-Oct-25. – Ajio,E-commerce / Shopping
Your order #88469 for ₹12393 has been shipped. Delivery by 19-Oct-25. – Meesho,E-commerce / Shopping
Your order #27260 for ₹2855 has been shipped. Delivery by 10-Oct-25. – Meesho,E-commerce / Shopping
Myntra: Payment of ₹4684 for order #83206 received successfully.,E-commerce / Shopping
Your order #22815 for ₹12606 has been shipped. Delivery by 12-Oct-25. – Ajio,E-commerce / Shopping
Flash Sale! Up to 33% off on furniture today. Shop now! – Ajio,E-commerce / Shopping
Order #24786 delivered successfully. Rate your experience. – Ajio,E-commerce / Shopping
Order #37457 delivered successfully. Rate your experience. – Myntra,E-commerce / Shopping
Flipkart: Payment of ₹14793 for order #38692 received successfully.,E-commerce / Shopping
Your order #92826 for ₹14466 has been shipped. Delivery by 12-Oct-25. – Ajio,E-commerce / Shopping
Your order #69887 for ₹5303 has been shipped. Delivery by 19-Oct-25. – Ajio,E-commerce / Shopping
Flash Sale! Up to 27% off on clothing today. Shop now! – Meesho,E-commerce / Shopping
Flash Sale! Up to 33% off on electronics today. Shop now! – Meesho,E-commerce / Shopping
Order #47326 delivered successfully. Rate your experience. – Flipkart,E-commerce / Shopping
Myntra: Payment of ₹1619 for order #71839 received successfully.,E-commerce / Shopping
Flash Sale! Up to 21% off on clothing today. Shop now! – Myntra,E-commerce / Shopping
Your order #64963 for ₹17437 has been shipped. Delivery by 16-Oct-25. – Flipkart,E-commerce / Shopping
Your Ajio order #75386 is out for delivery. – BlueDart,E-commerce / Shopping
Your Ajio order #32679 is out for delivery. – Ekart,E-commerce / Shopping
Flipkart: Payment of ₹19391 for order #82579 received successfully.,E-commerce / Shopping
Order #80467 delivered successfully. Rate your experience. – Ajio,E-commerce / Shopping
Flash Sale! Up to 45% off on electronics today. Shop now! – Flipkart,E-commerce / Shopping
Flash Sale! Up to 48% off on furniture today. Shop now! – Ajio,E-commerce / Shopping
Your Ajio order #29089 is out for delivery. – Delhivery,E-commerce / Shopping
Flash Sale! Up to 57% off on furniture today. Shop now! – Flipkart,E-commerce / Shopping
Flash Sale! Up to 47% off on furniture today. Shop now! – Amazon,E-commerce / Shopping
Order #13905 delivered successfully. Rate your experience. – Ajio,E-commerce / Shopping
Amazon: Payment of ₹7633 for order #89206 received successfully.,E-commerce / Shopping
Flash Sale! Up to 54% off on electronics today. Shop now! – Meesho,E-commerce / Shopping
Flash Sale! Up to 37% off on beauty today. Shop now! – Flipkart,E-commerce / Shopping
Your order #77197 for ₹3031 has been shipped. Delivery by 17-Oct-25. – Meesho,E-commerce / Shopping
Your Meesho order #18262 is out for delivery. – BlueDart,E-commerce / Shopping
Meesho: Payment of ₹9354 for order #42619 received successfully.,E-commerce / Shopping
Order #66582 delivered successfully. Rate your experience. – Amazon,E-commerce / Shopping
Order #91684 delivered successfully. Rate your experience. – Flipkart,E-commerce / Shopping
Flipkart: Payment of ₹12845 for order #57168 received successfully.,E-commerce / Shopping
Order #32472 delivered successfully. Rate your experience. – Flipkart,E-commerce / Shopping
Flash Sale! Up to 68% off on clothing today. Shop now! – Ajio,E-commerce / Shopping
Flash Sale! Up to 37% off on furniture today. Shop now! – Myntra,E-commerce / Shopping
Order #28174 delivered successfully. Rate your experience. – Flipkart,E-commerce / Shopping
Order #58052 delivered successfully. Rate your experience. – Amazon,E-commerce / Shopping
Amazon: Payment of ₹1186 for order #29138 received successfully.,E-commerce / Shopping
Your order #32012 for ₹13892 has been shipped. Delivery by 10-Oct-25. – Myntra,E-commerce / Shopping
Order #68293 delivered successfully. Rate your experience. – Ajio,E-commerce / Shopping
Flash Sale! Up to 56% off on clothing today. Shop now! – Ajio,E-commerce / Shopping
Myntra: Payment of ₹14835 for order #71631 received successfully.,E-commerce / Shopping
Flash Sale! Up to 28% off on electronics today. Shop now! – Ajio,E-commerce / Shopping
Your Ajio order #25988 is out for delivery. – BlueDart,E-commerce / Shopping
Your order #75436 for ₹12582 has been shipped. Delivery by 13-Oct-25. – Amazon,E-commerce / Shopping
Order #90799 delivered successfully. Rate your experience. – Amazon,E-commerce / Shopping
Order #36840 delivered successfully. Rate your experience. – Amazon,E-commerce / Shopping
Myntra: Payment of ₹11592 for order #92751 received successfully.,E-commerce / Shopping
Your order #75733 for ₹15923 has been shipped. Delivery by 14-Oct-25. – Flipkart,E-commerce / Shopping
Your Meesho order #61421 is out for delivery. – Ekart,E-commerce / Shopping
Order #98660 delivered successfully. Rate your experience. – Amazon,E-commerce / Shopping
Your Flipkart order #51781 is out for delivery. – XpressBees,E-commerce / Shopping
Amazon: Payment of ₹2241 for order #67960 received successfully.,E-commerce / Shopping
Order #40140 delivered successfully. Rate your experience. – Flipkart,E-commerce / Shopping
Flash Sale! Up to 30% off on furniture today. Shop now! – Flipkart,E-commerce / Shopping
Your order #19147 for ₹3614 has been shipped. Delivery by 27-Oct-25. – Flipkart,E-commerce / Shopping
Flash Sale! Up to 56% off on furniture today. Shop now! – Amazon,E-commerce / Shopping
Flash Sale! Up to 15% off on beauty today. Shop now! – Flipkart,E-commerce / Shopping
Order #20818 delivered successfully. Rate your experience. – Ajio,E-commerce / Shopping
Your Meesho order #58704 is out for delivery. – BlueDart,E-commerce / Shopping
Your Myntra order #40800 is out for delivery. – XpressBees,E-commerce / Shopping
Order #70305 delivered successfully. Rate your experience. – Meesho,E-commerce / Shopping
Flash Sale! Up to 23% off on electronics today. Shop now! – Ajio,E-commerce / Shopping
Ajio: Payment of ₹16088 for order #57137 received successfully.,E-commerce / Shopping
Your Myntra order #81383 is out for delivery. – BlueDart,E-commerce / Shopping
Flash Sale! Up to 70% off on clothing today. Shop now! – Flipkart,E-commerce / Shopping
Your Myntra order #71669 is out for delivery. – Ekart,E-commerce / Shopping
Your Amazon order #75578 is out for delivery. – Ekart,E-commerce / Shopping
Your order #35277 for ₹9736 has been shipped. Delivery by 27-Oct-25. – Myntra,E-commerce / Shopping
Order #27471 delivered successfully. Rate your experience. – Amazon,E-commerce / Shopping
Flash Sale! Up to 65% off on electronics today. Shop now! – Flipkart,E-commerce / Shopping
Amazon: Payment of ₹1599 for order #48205 received successfully.,E-commerce / Shopping
Your Myntra order #71001 is out for delivery. – Delhivery,E-commerce / Shopping
Your Myntra order #70885 is out for delivery. – Delhivery,E-commerce / Shopping
Your order #78705 for ₹1782 has been shipped. Delivery by 25-Oct-25. – Myntra,E-commerce / Shopping
Order #62270 delivered successfully. Rate your experience. – Ajio,E-commerce / Shopping
Your order #65637 for ₹16698 has been shipped. Delivery by 14-Oct-25. – Amazon,E-commerce / Shopping
Your Ajio order #92073 is out for delivery. – Delhivery,E-commerce / Shopping
Your Myntra order #13376 is out for delivery. – Delhivery,E-commerce / Shopping
Flash Sale! Up to 17% off on beauty today. Shop now! – Ajio,E-commerce / Shopping
Meesho: Payment of ₹15410 for order #63654 received successfully.,E-commerce / Shopping
Your order #27887 for ₹9252 has been shipped. Delivery by 17-Oct-25. – Amazon,E-commerce / Shopping
Flash Sale! Up to 39% off on beauty today. Shop now! – Meesho,E-commerce / Shopping
Your Ajio order #74790 is out for delivery. – Delhivery,E-commerce / Shopping
Your order #45612 for ₹9248 has been shipped. Delivery by 12-Oct-25. – Amazon,E-commerce / Shopping
Your order #15177 for ₹17362 has been shipped. Delivery by 12-Oct-25. – Amazon,E-commerce / Shopping
Your Ajio order #83732 is out for delivery. – BlueDart,E-commerce / Shopping
Your Amazon order #86512 is out for delivery. – Delhivery,E-commerce / Shopping
Your Meesho order #11914 is out for delivery. – BlueDart,E-commerce / Shopping
Order #51521 delivered successfully. Rate your experience. – Myntra,E-commerce / Shopping
Order #92810 delivered successfully. Rate your experience. – Flipkart,E-commerce / Shopping
Ajio: Payment of ₹12396 for order #94217 received successfully.,E-commerce / Shopping
Your Meesho order #29913 is out for delivery. – Ekart,E-commerce / Shopping
Flash Sale! Up to 25% off on furniture today. Shop now! – Meesho,E-commerce / Shopping
Order #60168 delivered successfully. Rate your experience. – Myntra,E-commerce / Shopping
Flash Sale! Up to 43% off on clothing today. Shop now! – Meesho,E-commerce / Shopping
Your order #87427 for ₹1403 has been shipped. Delivery by 22-Oct-25. – Flipkart,E-commerce / Shopping
Order #35180 delivered successfully. Rate your experience. – Ajio,E-commerce / Shopping
Flash Sale! Up to 37% off on beauty today. Shop now! – Meesho,E-commerce / Shopping
Your order #76189 for ₹15628 has been shipped. Delivery by 20-Oct-25. – Flipkart,E-commerce / Shopping
Flash Sale! Up to 34% off on clothing today. Shop now! – Flipkart,E-commerce / Shopping
Your order #44862 for ₹12207 has been shipped. Delivery by 18-Oct-25. – Ajio,E-commerce / Shopping
Myntra: Payment of ₹4287 for order #57181 received successfully.,E-commerce / Shopping
Order #32810 delivered successfully. Rate your experience. – Meesho,E-commerce / Shopping
Your order #24863 for ₹12014 has been shipped. Delivery by 12-Oct-25. – Flipkart,E-commerce / Shopping
Myntra: Payment of ₹8114 for order #69587 received successfully.,E-commerce / Shopping
Ajio: Payment of ₹18366 for order #41925 received successfully.,E-commerce / Shopping
Your Amazon order #11759 is out for delivery. – BlueDart,E-commerce / Shopping
Ajio: Payment of ₹159 for order #41400 received successfully.,E-commerce / Shopping
Flash Sale! Up to 32% off on clothing today. Shop now! – Ajio,E-commerce / Shopping
Meesho: Payment of ₹16879 for order #95557 received successfully.,E-commerce / Shopping
Flash Sale! Up to 65% off on electronics today. Shop now! – Meesho,E-commerce / Shopping
Your order #48788 for ₹17862 has been shipped. Delivery by 28-Oct-25. – Meesho,E-commerce / Shopping
Flipkart: Payment of ₹12751 for order #97928 received successfully.,E-commerce / Shopping
Ajio: Payment of ₹11565 for order #27223 received successfully.,E-commerce / Shopping
Your Myntra order #59411 is out for delivery. – Ekart,E-commerce / Shopping
Meesho: Payment of ₹18415 for order #66098 received successfully.,E-commerce / Shopping
Flash Sale! Up to 61% off on furniture today. Shop now! – Myntra,E-commerce / Shopping
Myntra: Payment of ₹11976 for order #25056 received successfully.,E-commerce / Shopping
Order #25353 delivered successfully. Rate your experience. – Meesho,E-commerce / Shopping
Myntra: Payment of ₹13864 for order #46605 received successfully.,E-commerce / Shopping
Order #69555 delivered successfully. Rate your experience. – Ajio,E-commerce / Shopping
Myntra: Payment of ₹9781 for order #34207 received successfully.,E-commerce / Shopping
Ajio: Payment of ₹4860 for order #59914 received successfully.,E-commerce / Shopping
Order #27957 delivered successfully. Rate your experience. – Ajio,E-commerce / Shopping
Order #79488 delivered successfully. Rate your experience. – Meesho,E-commerce / Shopping
Meesho: Payment of ₹15107 for order #59083 received successfully.,E-commerce / Shopping
Flash Sale! Up to 62% off on furniture today. Shop now! – Ajio,E-commerce / Shopping
Your order #26146 for ₹17775 has been shipped. Delivery by 21-Oct-25. – Amazon,E-commerce / Shopping
Your order #40336 for ₹6889 has been shipped. Delivery by 18-Oct-25. – Ajio,E-commerce / Shopping
Order #83878 delivered successfully. Rate your experience. – Amazon,E-commerce / Shopping
Flipkart: Payment of ₹12941 for order #65514 received successfully.,E-commerce / Shopping
Your order #91648 for ₹355 has been shipped. Delivery by 15-Oct-25. – Myntra,E-commerce / Shopping
Your order #39331 for ₹2502 has been shipped. Delivery by 28-Oct-25. – Flipkart,E-commerce / Shopping
Order #66266 delivered successfully. Rate your experience. – Amazon,E-commerce / Shopping
Flipkart: Payment of ₹17916 for order #65624 received successfully.,E-commerce / Shopping
Your order #62809 for ₹19831 has been shipped. Delivery by 21-Oct-25. – Myntra,E-commerce / Shopping
Your Amazon order #13958 is out for delivery. – Ekart,E-commerce / Shopping
Your order #54689 for ₹235 has been shipped. Delivery by 12-Oct-25. – Amazon,E-commerce / Shopping
Your Myntra order #81852 is out for delivery. – BlueDart,E-commerce / Shopping
Order #24001 delivered successfully. Rate your experience. – Meesho,E-commerce / Shopping
Flash Sale! Up to 33% off on clothing today. Shop now! – Flipkart,E-commerce / Shopping
Order #13059 delivered successfully. Rate your experience. – Myntra,E-commerce / Shopping
Flash Sale! Up to 61% off on beauty today. Shop now! – Meesho,E-commerce / Shopping
Meesho: Payment of ₹12863 for order #13489 received successfully.,E-commerce / Shopping
Flash Sale! Up to 11% off on electronics today. Shop now! – Flipkart,E-commerce / Shopping
Amazon: Payment of ₹7963 for order #24123 received successfully.,E-commerce / Shopping
Your Ajio order #51358 is out for delivery. – BlueDart,E-commerce / Shopping
Meesho: Payment of ₹19918 for order #39352 received successfully.,E-commerce / Shopping
Your Meesho order #40164 is out for delivery. – Ekart,E-commerce / Shopping
Myntra: Payment of ₹9146 for order #88627 received successfully.,E-commerce / Shopping
Flash Sale! Up to 12% off on beauty today. Shop now! – Meesho,E-commerce / Shopping
Flash Sale! Up to 15% off on beauty today. Shop now! – Amazon,E-commerce / Shopping
Your order #18205 for ₹10403 has been shipped. Delivery by 22-Oct-25. – Amazon,E-commerce / Shopping
Flash Sale! Up to 52% off on furniture today. Shop now! – Flipkart,E-commerce / Shopping
Flash Sale! Up to 25% off on clothing today. Shop now! – Myntra,E-commerce / Shopping
Order #71026 delivered successfully. Rate your experience. – Myntra,E-commerce / Shopping
Flash Sale! Up to 25% off on electronics today. Shop now! – Ajio,E-commerce / Shopping
Your Meesho order #85793 is out for delivery. – Ekart,E-commerce / Shopping
Order #98877 delivered successfully. Rate your experience. – Meesho,E-commerce / Shopping
Meesho: Payment of ₹11880 for order #94619 received successfully.,E-commerce / Shopping
Your order #62016 for ₹4258 has been shipped. Delivery by 24-Oct-25. – Myntra,E-commerce / Shopping
Order #51401 delivered successfully. Rate your experience. – Myntra,E-commerce / Shopping
Your order #44232 for ₹2099 has been shipped. Delivery by 22-Oct-25. – Ajio,E-commerce / Shopping
Your order #46402 for ₹8873 has been shipped. Delivery by 15-Oct-25. – Amazon,E-commerce / Shopping
Amazon: Payment of ₹8739 for order #26866 received successfully.,E-commerce / Shopping
Your Myntra order #89756 is out for delivery. – Ekart,E-commerce / Shopping
Your order #12133 for ₹9542 has been shipped. Delivery by 13-Oct-25. – Myntra,E-commerce / Shopping
Myntra: Payment of ₹13568 for order #39616 received successfully.,E-commerce / Shopping
Flash Sale! Up to 16% off on electronics today. Shop now! – Meesho,E-commerce / Shopping
Your Meesho order #21149 is out for delivery. – Delhivery,E-commerce / Shopping
Flash Sale! Up to 40% off on furniture today. Shop now! – Flipkart,E-commerce / Shopping
Your Flipkart order #67590 is out for delivery. – Ekart,E-commerce / Shopping
Your Myntra order #47746 is out for delivery. – Ekart,E-commerce / Shopping
Your order #72844 for ₹10006 has been shipped. Delivery by 11-Oct-25. – Amazon,E-commerce / Shopping
Amazon: Payment of ₹16376 for order #20749 received successfully.,E-commerce / Shopping
Your Myntra order #20163 is out for delivery. – Delhivery,E-commerce / Shopping
Order #29153 delivered successfully. Rate your experience. – Meesho,E-commerce / Shopping
Your order #81726 for ₹19718 has been shipped. Delivery by 20-Oct-25. – Myntra,E-commerce / Shopping
Flash Sale! Up to 15% off on electronics today. Shop now! – Flipkart,E-commerce / Shopping
Your order #11476 for ₹15957 has been shipped. Delivery by 19-Oct-25. – Meesho,E-commerce / Shopping
Meesho: Payment of ₹15805 for order #59143 received successfully.,E-commerce / Shopping
Order #84150 delivered successfully. Rate your experience. – Ajio,E-commerce / Shopping
Your Amazon order #28791 is out for delivery. – BlueDart,E-commerce / Shopping
Order #94106 delivered successfully. Rate your experience. – Flipkart,E-commerce / Shopping
Order #87945 delivered successfully. Rate your experience. – Meesho,E-commerce / Shopping
Order #46669 delivered successfully. Rate your experience. – Myntra,E-commerce / Shopping
Ajio: Payment of ₹705 for order #13685 received successfully.,E-commerce / Shopping
Flipkart: Payment of ₹13038 for order #23796 received successfully.,E-commerce / Shopping
Flash Sale! Up to 51% off on electronics today. Shop now! – Ajio,E-commerce / Shopping
Flash Sale! Up to 20% off on electronics today. Shop now! – Amazon,E-commerce / Shopping
Your Flipkart order #26362 is out for delivery. – Delhivery,E-commerce / Shopping
Flash Sale! Up to 32% off on electronics today. Shop now! – Amazon,E-commerce / Shopping
Flash Sale! Up to 67% off on electronics today. Shop now! – Flipkart,E-commerce / Shopping
Your Myntra order #49625 is out for delivery. – Delhivery,E-commerce / Shopping
Flash Sale! Up to 34% off on clothing today. Shop now! – Flipkart,E-commerce / Shopping
Your order #20032 for ₹14178 has been shipped. Delivery by 11-Oct-25. – Ajio,E-commerce / Shopping
Your order #50509 for ₹10294 has been shipped. Delivery by 13-Oct-25. – Amazon,E-commerce / Shopping
Flash Sale! Up to 35% off on electronics today. Shop now! – Ajio,E-commerce / Shopping
Your order #33797 for ₹12815 has been shipped. Delivery by 27-Oct-25. – Ajio,E-commerce / Shopping
Your order #69764 for ₹15662 has been shipped. Delivery by 24-Oct-25. – Ajio,E-commerce / Shopping
Amazon: Payment of ₹7302 for order #48862 received successfully.,E-commerce / Shopping
Your Ajio order #49329 is out for delivery. – BlueDart,E-commerce / Shopping
Your Meesho order #42946 is out for delivery. – Delhivery,E-commerce / Shopping
Order #57490 delivered successfully. Rate your experience. – Flipkart,E-commerce / Shopping
Flipkart: Payment of ₹18161 for order #53843 received successfully.,E-commerce / Shopping
Your Amazon order #55984 is out for delivery. – Ekart,E-commerce / Shopping
Flash Sale! Up to 19% off on electronics today. Shop now! – Myntra,E-commerce / Shopping
Flash Sale! Up to 70% off on electronics today. Shop now! – Amazon,E-commerce / Shopping
Your order #70278 for ₹6726 has been shipped. Delivery by 27-Oct-25. – Meesho,E-commerce / Shopping
Flash Sale! Up to 69% off on electronics today. Shop now! – Amazon,E-commerce / Shopping
Order #10996 delivered successfully. Rate your experience. – Flipkart,E-commerce / Shopping
Flash Sale! Up to 36% off on beauty today. Shop now! – Amazon,E-commerce / Shopping
Meesho: Payment of ₹8866 for order #11356 received successfully.,E-commerce / Shopping
Your order #58720 for ₹4523 has been shipped. Delivery by 20-Oct-25. – Myntra,E-commerce / Shopping
Flash Sale! Up to 61% off on clothing today. Shop now! – Flipkart,E-commerce / Shopping
Your order #39035 for ₹6838 has been shipped. Delivery by 11-Oct-25. – Myntra,E-commerce / Shopping
Your order #57430 for ₹10820 has been shipped. Delivery by 24-Oct-25. – Ajio,E-commerce / Shopping
Order #98920 delivered successfully. Rate your experience. – Amazon,E-commerce / Shopping
Amazon: Payment of ₹13795 for order #88983 received successfully.,E-commerce / Shopping
Your Flipkart order #45950 is out for delivery. – Ekart,E-commerce / Shopping
Order #87165 delivered successfully. Rate your experience. – Amazon,E-commerce / Shopping
Order #75219 delivered successfully. Rate your experience. – Amazon,E-commerce / Shopping
Flash Sale! Up to 17% off on beauty today. Shop now! – Amazon,E-commerce / Shopping
Your order #44282 for ₹8647 has been shipped. Delivery by 20-Oct-25. – Meesho,E-commerce / Shopping
Flash Sale! Up to 25% off on furniture today. Shop now! – Myntra,E-commerce / Shopping
Order #56497 delivered successfully. Rate your experience. – Meesho,E-commerce / Shopping
Flash Sale! Up to 55% off on furniture today. Shop now! – Amazon,E-commerce / Shopping
Your order #47245 for ₹16093 has been shipped. Delivery by 13-Oct-25. – Ajio,E-commerce / Shopping
Amazon: Payment of ₹13927 for order #17276 received successfully.,E-commerce / Shopping
Flash Sale! Up to 43% off on furniture today. Shop now! – Flipkart,E-commerce / Shopping
Myntra: Payment of ₹737 for order #77949 received successfully.,E-commerce / Shopping
Your Meesho order #27510 is out for delivery. – BlueDart,E-commerce / Shopping
Flash Sale! Up to 29% off on electronics today. Shop now! – Ajio,E-commerce / Shopping
Your Meesho order #51062 is out for delivery. – Ekart,E-commerce / Shopping
Your Ajio order #72996 is out for delivery. – XpressBees,E-commerce / Shopping
Flash Sale! Up to 34% off on clothing today. Shop now! – Myntra,E-commerce / Shopping
Ajio: Payment of ₹5456 for order #87532 received successfully.,E-commerce / Shopping
Meesho: Payment of ₹7405 for order #70567 received successfully.,E-commerce / Shopping
Your Flipkart order #70209 is out for delivery. – BlueDart,E-commerce / Shopping
Amazon: Payment of ₹17384 for order #56785 received successfully.,E-commerce / Shopping
Flash Sale! Up to 43% off on electronics today. Shop now! – Myntra,E-commerce / Shopping
Order #62742 delivered successfully. Rate your experience. – Flipkart,E-commerce / Shopping
Your Ajio order #45724 is out for delivery. – BlueDart,E-commerce / Shopping
Order #11943 delivered successfully. Rate your experience. – Flipkart,E-commerce / Shopping
Flipkart: Payment of ₹14919 for order #12460 received successfully.,E-commerce / Shopping
Your Meesho order #31767 is out for delivery. – Ekart,E-commerce / Shopping
Flash Sale! Up to 62% off on beauty today. Shop now! – Flipkart,E-commerce / Shopping
Order #99686 delivered successfully. Rate your experience. – Ajio,E-commerce / Shopping
Myntra: Payment of ₹3488 for order #26523 received successfully.,E-commerce / Shopping
Order #96253 delivered successfully. Rate your experience. – Meesho,E-commerce / Shopping
Flash Sale! Up to 38% off on furniture today. Shop now! – Flipkart,E-commerce / Shopping
Your Meesho order #98714 is out for delivery. – Delhivery,E-commerce / Shopping
Your order #51927 for ₹1182 has been shipped. Delivery by 19-Oct-25. – Myntra,E-commerce / Shopping
Ajio: Payment of ₹8190 for order #70144 received successfully.,E-commerce / Shopping
Flash Sale! Up to 18% off on clothing today. Shop now! – Myntra,E-commerce / Shopping
Flash Sale! Up to 27% off on electronics today. Shop now! – Amazon,E-commerce / Shopping
Your Myntra order #32753 is out for delivery. – XpressBees,E-commerce / Shopping
Your order #52452 for ₹19405 has been shipped. Delivery by 22-Oct-25. – Meesho,E-commerce / Shopping
Order #64289 delivered successfully. Rate your experience. – Myntra,E-commerce / Shopping
Amazon: Payment of ₹15617 for order #56437 received successfully.,E-commerce / Shopping
Order #52402 delivered successfully. Rate your experience. – Amazon,E-commerce / Shopping
Your Amazon order #20894 is out for delivery. – Delhivery,E-commerce / Shopping
SonyLIV: Recharge now and get 2 months extra at no cost!,Entertainment
Hotstar: Watch the new season of Sacred Games now streaming exclusively!,Entertainment
Hotstar: Enjoy 20% off on your annual subscription. Valid till 18-Oct-25.,Entertainment
SonyLIV: Recharge now and get 2 months extra at no cost!,Entertainment
Netflix: Your plan renews today. ₹1024 will be charged automatically.,Entertainment
SonyLIV: Watch the new season of Mirzapur now streaming exclusively!,Entertainment
Netflix: Watch the new season of Money Heist now streaming exclusively!,Entertainment
Zee5: Watch the new season of Money Heist now streaming exclusively!,Entertainment
SonyLIV: Recharge now and get 2 months extra at no cost!,Entertainment
Mobile Premier League: Earn 93 coins by playing PUBG Mobile today!,Entertainment
Prime Video: Watch the new season of Money Heist now streaming exclusively!,Entertainment
Netflix: Your plan renews today. ₹14698 will be charged automatically.,Entertainment
Hotstar: Enjoy cashback ₹200 on your annual subscription. Valid till 16-Oct-25.,Entertainment
Netflix: Your plan renews today. ₹9019 will be charged automatically.,Entertainment
Hotstar: Enjoy 20% off on your annual subscription. Valid till 26-Oct-25.,Entertainment
Hotstar: Enjoy 20% off on your annual subscription. Valid till 25-Oct-25.,Entertainment
Hotstar: Enjoy extra month free on your annual subscription. Valid till 27-Oct-25.,Entertainment
Netflix: Your plan renews today. ₹13967 will be charged automatically.,Entertainment
SonyLIV: Recharge now and get 2 months extra at no cost!,Entertainment
Netflix: Your plan renews today. ₹3827 will be charged automatically.,Entertainment
SonyLIV: Recharge now and get 2 months extra at no cost!,Entertainment
Netflix: Your plan renews today. ₹12619 will be charged automatically.,Entertainment
Winzo: Earn 33 coins by playing Clash Royale today!,Entertainment
Hotstar: Enjoy extra month free on your annual subscription. Valid till 22-Oct-25.,Entertainment
Hotstar: Enjoy cashback ₹200 on your annual subscription. Valid till 17-Oct-25.,Entertainment
SonyLIV: Recharge now and get 2 months extra at no cost!,Entertainment
Mobile Premier League: Earn 92 coins by playing Candy Crush today!,Entertainment
Netflix: Your plan renews today. ₹8525 will be charged automatically.,Entertainment
Mobile Premier League: Earn 79 coins by playing PUBG Mobile today!,Entertainment
SonyLIV: Recharge now and get 2 months extra at no cost!,Entertainment
Hotstar: Enjoy extra month free on your annual subscription. Valid till 19-Oct-25.,Entertainment
SonyLIV: Recharge now and get 2 months extra at no cost!,Entertainment
SonyLIV: Watch the new season of Mirzapur now streaming exclusively!,Entertainment
Hotstar: Enjoy extra month free on your annual subscription. Valid till 28-Oct-25.,Entertainment
SonyLIV: Recharge now and get 2 months extra at no cost!,Entertainment
SonyLIV: Recharge now and get 2 months extra at no cost!,Entertainment
Dream11: Earn 30 coins by playing Clash Royale today!,Entertainment
Netflix: Your plan renews today. ₹15518 will be charged automatically.,Entertainment
Hotstar: Enjoy 20% off on your annual subscription. Valid till 22-Oct-25.,Entertainment
SonyLIV: Watch the new season of Mirzapur now streaming exclusively!,Entertainment
Hotstar: Enjoy extra month free on your annual subscription. Valid till 22-Oct-25.,Entertainment
Mobile Premier League: Earn 41 coins by playing Candy Crush today!,Entertainment
SonyLIV: Recharge now and get 2 months extra at no cost!,Entertainment
SonyLIV: Recharge now and get 2 months extra at no cost!,Entertainment
Netflix: Watch the new season of The Boys now streaming exclusively!,Entertainment
SonyLIV: Recharge now and get 2 months extra at no cost!,Entertainment
SonyLIV: Recharge now and get 2 months extra at no cost!,Entertainment
Netflix: Your plan renews today. ₹19484 will be charged automatically.,Entertainment
Netflix: Your plan renews today. ₹10075 will be charged automatically.,Entertainment
Hotstar: Enjoy cashback ₹200 on your annual subscription. Valid till 16-Oct-25.,Entertainment
Netflix: Your plan renews today. ₹15120 will be charged automatically.,Entertainment
Dream11: Earn 20 coins by playing Ludo King today!,Entertainment
Dream11: Earn 71 coins by playing Clash Royale today!,Entertainment
SonyLIV: Recharge now and get 2 months extra at no cost!,Entertainment
Zee5: Watch the new season of Mirzapur now streaming exclusively!,Entertainment
Dream11: Earn 82 coins by playing Ludo King today!,Entertainment
Netflix: Your plan renews today. ₹12890 will be charged automatically.,Entertainment
Hotstar: Enjoy cashback ₹200 on your annual subscription. Valid till 10-Oct-25.,Entertainment
SonyLIV: Recharge now and get 2 months extra at no cost!,Entertainment
SonyLIV: Recharge now and get 2 months extra at no cost!,Entertainment
SonyLIV: Recharge now and get 2 months extra at no cost!,Entertainment
SonyLIV: Recharge now and get 2 months extra at no cost!,Entertainment
SonyLIV: Watch the new season of The Boys now streaming exclusively!,Entertainment
Netflix: Your plan renews today. ₹12481 will be charged automatically.,Entertainment
Netflix: Your plan renews today. ₹15658 will be charged automatically.,Entertainment
Winzo: Earn 100 coins by playing Candy Crush today!,Entertainment
Zee5: Watch the new season of Money Heist now streaming exclusively!,Entertainment
Hotstar: Watch the new season of The Boys now streaming exclusively!,Entertainment
Netflix: Your plan renews today. ₹13099 will be charged automatically.,Entertainment
Hotstar: Enjoy extra month free on your annual subscription. Valid till 17-Oct-25.,Entertainment
SonyLIV: Recharge now and get 2 months extra at no cost!,Entertainment
Prime Video: Watch the new season of Mirzapur now streaming exclusively!,Entertainment
Netflix: Your plan renews today. ₹5340 will be charged automatically.,Entertainment
Dream11: Earn 35 coins by playing PUBG Mobile today!,Entertainment
Hotstar: Enjoy extra month free on your annual subscription. Valid till 14-Oct-25.,Entertainment
Winzo: Earn 17 coins by playing Clash Royale today!,Entertainment
Dream11: Earn 32 coins by playing PUBG Mobile today!,Entertainment
SonyLIV: Recharge now and get 2 months extra at no cost!,Entertainment
Hotstar: Enjoy extra month free on your annual subscription. Valid till 18-Oct-25.,Entertainment
Prime Video: Watch the new season of The Boys now streaming exclusively!,Entertainment
Netflix: Watch the new season of Sacred Games now streaming exclusively!,Entertainment
Netflix: Your plan renews today. ₹19886 will be charged automatically.,Entertainment
SonyLIV: Recharge now and get 2 months extra at no cost!,Entertainment
Hotstar: Enjoy extra month free on your annual subscription. Valid till 20-Oct-25.,Entertainment
Netflix: Your plan renews today. ₹8861 will be charged automatically.,Entertainment
Hotstar: Enjoy cashback ₹200 on your annual subscription. Valid till 22-Oct-25.,Entertainment
Netflix: Your plan renews today. ₹11434 will be charged automatically.,Entertainment
Netflix: Your plan renews today. ₹18756 will be charged automatically.,Entertainment
Winzo: Earn 79 coins by playing Clash Royale today!,Entertainment
Prime Video: Watch the new season of The Boys now streaming exclusively!,Entertainment
Dream11: Earn 43 coins by playing Ludo King today!,Entertainment
Hotstar: Enjoy 20% off on your annual subscription. Valid till 19-Oct-25.,Entertainment
Hotstar: Enjoy 20% off on your annual subscription. Valid till 17-Oct-25.,Entertainment
Netflix: Watch the new season of Money Heist now streaming exclusively!,Entertainment
Prime Video: Watch the new season of Money Heist now streaming exclusively!,Entertainment
Netflix: Your plan renews today. ₹7012 will be charged automatically.,Entertainment
SonyLIV: Recharge now and get 2 months extra at no cost!,Entertainment
Hotstar: Enjoy cashback ₹200 on your annual subscription. Valid till 26-Oct-25.,Entertainment
Netflix: Watch the new season of Mirzapur now streaming exclusively!,Entertainment
Hotstar: Enjoy cashback ₹200 on your annual subscription. Valid till 28-Oct-25.,Entertainment
SonyLIV: Recharge now and get 2 months extra at no cost!,Entertainment
Dream11: Earn 77 coins by playing Ludo King today!,Entertainment
Hotstar: Enjoy 20% off on your annual subscription. Valid till 13-Oct-25.,Entertainment
Winzo: Earn 54 coins by playing Candy Crush today!,Entertainment
Hotstar: Enjoy 20% off on your annual subscription. Valid till 11-Oct-25.,Entertainment
Netflix: Your plan renews today. ₹19721 will be charged automatically.,Entertainment
Hotstar: Enjoy cashback ₹200 on your annual subscription. Valid till 10-Oct-25.,Entertainment
Netflix: Your plan renews today. ₹4149 will be charged automatically.,Entertainment
Winzo: Earn 20 coins by playing Clash Royale today!,Entertainment
Hotstar: Enjoy cashback ₹200 on your annual subscription. Valid till 18-Oct-25.,Entertainment
Netflix: Your plan renews today. ₹17599 will be charged automatically.,Entertainment
Hotstar: Watch the new season of Sacred Games now streaming exclusively!,Entertainment
Zee5: Watch the new season of The Boys now streaming exclusively!,Entertainment
Netflix: Your plan renews today. ₹3875 will be charged automatically.,Entertainment
Hotstar: Enjoy 20% off on your annual subscription. Valid till 25-Oct-25.,Entertainment
Hotstar: Enjoy cashback ₹200 on your annual subscription. Valid till 13-Oct-25.,Entertainment
Mobile Premier League: Earn 53 coins by playing Candy Crush today!,Entertainment
Hotstar: Watch the new season of Money Heist now streaming exclusively!,Entertainment
Hotstar: Enjoy 20% off on your annual subscription. Valid till 14-Oct-25.,Entertainment
Zee5: Watch the new season of Money Heist now streaming exclusively!,Entertainment
SonyLIV: Recharge now and get 2 months extra at no cost!,Entertainment
Netflix: Your plan renews today. ₹19718 will be charged automatically.,Entertainment
Prime Video: Watch the new season of Sacred Games now streaming exclusively!,Entertainment
Mobile Premier League: Earn 48 coins by playing Clash Royale today!,Entertainment
Prime Video: Watch the new season of Sacred Games now streaming exclusively!,Entertainment
Netflix: Watch the new season of Money Heist now streaming exclusively!,Entertainment
SonyLIV: Recharge now and get 2 months extra at no cost!,Entertainment
Zee5: Watch the new season of The Boys now streaming exclusively!,Entertainment
Hotstar: Watch the new season of Money Heist now streaming exclusively!,Entertainment
SonyLIV: Recharge now and get 2 months extra at no cost!,Entertainment
SonyLIV: Recharge now and get 2 months extra at no cost!,Entertainment
Hotstar: Enjoy 20% off on your annual subscription. Valid till 24-Oct-25.,Entertainment
SonyLIV: Recharge now and get 2 months extra at no cost!,Entertainment
Zee5: Watch the new season of The Boys now streaming exclusively!,Entertainment
Hotstar: Watch the new season of Money Heist now streaming exclusively!,Entertainment
Hotstar: Enjoy 20% off on your annual subscription. Valid till 23-Oct-25.,Entertainment
Netflix: Your plan renews today. ₹16805 will be charged automatically.,Entertainment
Hotstar: Enjoy 20% off on your annual subscription. Valid till 21-Oct-25.,Entertainment
Netflix: Your plan renews today. ₹10718 will be charged automatically.,Entertainment
Netflix: Your plan renews today. ₹18145 will be charged automatically.,Entertainment
SonyLIV: Recharge now and get 2 months extra at no cost!,Entertainment
Hotstar: Enjoy cashback ₹200 on your annual subscription. Valid till 12-Oct-25.,Entertainment
Netflix: Your plan renews today. ₹2049 will be charged automatically.,Entertainment
SonyLIV: Recharge now and get 2 months extra at no cost!,Entertainment
Netflix: Your plan renews today. ₹8426 will be charged automatically.,Entertainment
Hotstar: Enjoy extra month free on your annual subscription. Valid till 23-Oct-25.,Entertainment
SonyLIV: Recharge now and get 2 months extra at no cost!,Entertainment
Dream11: Earn 29 coins by playing Candy Crush today!,Entertainment
Netflix: Your plan renews today. ₹19503 will be charged automatically.,Entertainment
Dream11: Earn 79 coins by playing Ludo King today!,Entertainment
Hotstar: Enjoy cashback ₹200 on your annual subscription. Valid till 26-Oct-25.,Entertainment
SonyLIV: Recharge now and get 2 months extra at no cost!,Entertainment
SonyLIV: Recharge now and get 2 months extra at no cost!,Entertainment
Netflix: Your plan renews today. ₹14693 will be charged automatically.,Entertainment
Hotstar: Enjoy extra month free on your annual subscription. Valid till 23-Oct-25.,Entertainment
Hotstar: Watch the new season of Sacred Games now streaming exclusively!,Entertainment
Netflix: Your plan renews today. ₹5939 will be charged automatically.,Entertainment
SonyLIV: Recharge now and get 2 months extra at no cost!,Entertainment
Hotstar: Enjoy extra month free on your annual subscription. Valid till 15-Oct-25.,Entertainment
SonyLIV: Watch the new season of Mirzapur now streaming exclusively!,Entertainment
Netflix: Your plan renews today. ₹4347 will be charged automatically.,Entertainment
SonyLIV: Recharge now and get 2 months extra at no cost!,Entertainment
Netflix: Your plan renews today. ₹17833 will be charged automatically.,Entertainment
Hotstar: Enjoy cashback ₹200 on your annual subscription. Valid till 18-Oct-25.,Entertainment
Netflix: Your plan renews today. ₹15765 will be charged automatically.,Entertainment
Hotstar: Enjoy cashback ₹200 on your annual subscription. Valid till 22-Oct-25.,Entertainment
Hotstar: Enjoy 20% off on your annual subscription. Valid till 25-Oct-25.,Entertainment
Dream11: Earn 99 coins by playing PUBG Mobile today!,Entertainment
Zee5: Watch the new season of Money Heist now streaming exclusively!,Entertainment
Dream11: Earn 85 coins by playing PUBG Mobile today!,Entertainment
Hotstar: Enjoy cashback ₹200 on your annual subscription. Valid till 17-Oct-25.,Entertainment
Netflix: Your plan renews today. ₹10862 will be charged automatically.,Entertainment
SonyLIV: Recharge now and get 2 months extra at no cost!,Entertainment
SonyLIV: Recharge now and get 2 months extra at no cost!,Entertainment
Prime Video: Watch the new season of Money Heist now streaming exclusively!,Entertainment
SonyLIV: Recharge now and get 2 months extra at no cost!,Entertainment
SonyLIV: Watch the new season of The Boys now streaming exclusively!,Entertainment
Hotstar: Enjoy cashback ₹200 on your annual subscription. Valid till 27-Oct-25.,Entertainment
Netflix: Your plan renews today. ₹11081 will be charged automatically.,Entertainment
SonyLIV: Recharge now and get 2 months extra at no cost!,Entertainment
SonyLIV: Recharge now and get 2 months extra at no cost!,Entertainment
Hotstar: Enjoy 20% off on your annual subscription. Valid till 16-Oct-25.,Entertainment
Mobile Premier League: Earn 43 coins by playing Ludo King today!,Entertainment
Hotstar: Enjoy cashback ₹200 on your annual subscription. Valid till 18-Oct-25.,Entertainment
Netflix: Your plan renews today. ₹4692 will be charged automatically.,Entertainment
Netflix: Your plan renews today. ₹17177 will be charged automatically.,Entertainment
Netflix: Your plan renews today. ₹15076 will be charged automatically.,Entertainment
SonyLIV: Recharge now and get 2 months extra at no cost!,Entertainment
Hotstar: Enjoy extra month free on your annual subscription. Valid till 17-Oct-25.,Entertainment
SonyLIV: Recharge now and get 2 months extra at no cost!,Entertainment
Winzo: Earn 30 coins by playing Candy Crush today!,Entertainment
Netflix: Your plan renews today. ₹19761 will be charged automatically.,Entertainment
Dream11: Earn 45 coins by playing Ludo King today!,Entertainment
Netflix: Watch the new season of Sacred Games now streaming exclusively!,Entertainment
Netflix: Watch the new season of The Boys now streaming exclusively!,Entertainment
Hotstar: Enjoy 20% off on your annual subscription. Valid till 20-Oct-25.,Entertainment
Netflix: Watch the new season of Mirzapur now streaming exclusively!,Entertainment
SonyLIV: Recharge now and get 2 months extra at no cost!,Entertainment
Winzo: Earn 45 coins by playing Candy Crush today!,Entertainment
Zee5: Watch the new season of Sacred Games now streaming exclusively!,Entertainment
Mobile Premier League: Earn 66 coins by playing Clash Royale today!,Entertainment
Mobile Premier League: Earn 90 coins by playing PUBG Mobile today!,Entertainment
Netflix: Your plan renews today. ₹7803 will be charged automatically.,Entertainment
Hotstar: Watch the new season of The Boys now streaming exclusively!,Entertainment
SonyLIV: Watch the new season of Sacred Games now streaming exclusively!,Entertainment
Netflix: Watch the new season of Money Heist now streaming exclusively!,Entertainment
SonyLIV: Recharge now and get 2 months extra at no cost!,Entertainment
Netflix: Your plan renews today. ₹15465 will be charged automatically.,Entertainment
Winzo: Earn 30 coins by playing PUBG Mobile today!,Entertainment
Winzo: Earn 59 coins by playing PUBG Mobile today!,Entertainment
SonyLIV: Recharge now and get 2 months extra at no cost!,Entertainment
Netflix: Watch the new season of Sacred Games now streaming exclusively!,Entertainment
SonyLIV: Recharge now and get 2 months extra at no cost!,Entertainment
Netflix: Your plan renews today. ₹17778 will be charged automatically.,Entertainment
Hotstar: Enjoy 20% off on your annual subscription. Valid till 26-Oct-25.,Entertainment
Hotstar: Enjoy extra month free on your annual subscription. Valid till 18-Oct-25.,Entertainment
Netflix: Your plan renews today. ₹17882 will be charged automatically.,Entertainment
Zee5: Watch the new season of Money Heist now streaming exclusively!,Entertainment
Hotstar: Enjoy extra month free on your annual subscription. Valid till 22-Oct-25.,Entertainment
Dream11: Earn 37 coins by playing PUBG Mobile today!,Entertainment
Hotstar: Enjoy 20% off on your annual subscription. Valid till 24-Oct-25.,Entertainment
Netflix: Your plan renews today. ₹13637 will be charged automatically.,Entertainment
Hotstar: Enjoy 20% off on your annual subscription. Valid till 25-Oct-25.,Entertainment
Winzo: Earn 86 coins by playing Ludo King today!,Entertainment
Prime Video: Watch the new season of The Boys now streaming exclusively!,Entertainment
Netflix: Your plan renews today. ₹7435 will be charged automatically.,Entertainment
Winzo: Earn 78 coins by playing Ludo King today!,Entertainment
Hotstar: Enjoy 20% off on your annual subscription. Valid till 17-Oct-25.,Entertainment
Mobile Premier League: Earn 82 coins by playing Ludo King today!,Entertainment
Netflix: Your plan renews today. ₹17550 will be charged automatically.,Entertainment
Mobile Premier League: Earn 19 coins by playing Candy Crush today!,Entertainment
Hotstar: Enjoy cashback ₹200 on your annual subscription. Valid till 22-Oct-25.,Entertainment
Hotstar: Watch the new season of The Boys now streaming exclusively!,Entertainment
Netflix: Your plan renews today. ₹9271 will be charged automatically.,Entertainment
Netflix: Your plan renews today. ₹12160 will be charged automatically.,Entertainment
SonyLIV: Watch the new season of The Boys now streaming exclusively!,Entertainment
Netflix: Your plan renews today. ₹14312 will be charged automatically.,Entertainment
Netflix: Your plan renews today. ₹8073 will be charged automatically.,Entertainment
Hotstar: Enjoy cashback ₹200 on your annual subscription. Valid till 24-Oct-25.,Entertainment
Hotstar: Enjoy extra month free on your annual subscription. Valid till 16-Oct-25.,Entertainment
Hotstar: Watch the new season of Money Heist now streaming exclusively!,Entertainment
Netflix: Watch the new season of Sacred Games now streaming exclusively!,Entertainment
Netflix: Your plan renews today. ₹4727 will be charged automatically.,Entertainment
Netflix: Your plan renews today. ₹12455 will be charged automatically.,Entertainment
Zee5: Watch the new season of Money Heist now streaming exclusively!,Entertainment
Hotstar: Watch the new season of Sacred Games now streaming exclusively!,Entertainment
Zee5: Watch the new season of Mirzapur now streaming exclusively!,Entertainment
SonyLIV: Recharge now and get 2 months extra at no cost!,Entertainment
Hotstar: Enjoy 20% off on your annual subscription. Valid till 12-Oct-25.,Entertainment
Hotstar: Enjoy 20% off on your annual subscription. Valid till 28-Oct-25.,Entertainment
SonyLIV: Recharge now and get 2 months extra at no cost!,Entertainment
Netflix: Your plan renews today. ₹19447 will be charged automatically.,Entertainment
Hotstar: Enjoy 20% off on your annual subscription. Valid till 25-Oct-25.,Entertainment
SonyLIV: Recharge now and get 2 months extra at no cost!,Entertainment
Zee5: Watch the new season of The Boys now streaming exclusively!,Entertainment
Winzo: Earn 53 coins by playing PUBG Mobile today!,Entertainment
Prime Video: Watch the new season of Mirzapur now streaming exclusively!,Entertainment
SonyLIV: Recharge now and get 2 months extra at no cost!,Entertainment
Mobile Premier League: Earn 68 coins by playing Candy Crush today!,Entertainment
SonyLIV: Recharge now and get 2 months extra at no cost!,Entertainment
Winzo: Earn 41 coins by playing Clash Royale today!,Entertainment
Winzo: Earn 77 coins by playing Candy Crush today!,Entertainment
Dream11: Earn 87 coins by playing Ludo King today!,Entertainment
Hotstar: Enjoy extra month free on your annual subscription. Valid till 19-Oct-25.,Entertainment
Netflix: Your plan renews today. ₹17226 will be charged automatically.,Entertainment
Zee5: Watch the new season of Money Heist now streaming exclusively!,Entertainment
Zee5: Watch the new season of The Boys now streaming exclusively!,Entertainment
Winzo: Earn 38 coins by playing Candy Crush today!,Entertainment
Hotstar: Watch the new season of Mirzapur now streaming exclusively!,Entertainment
SonyLIV: Recharge now and get 2 months extra at no cost!,Entertainment
Dream11: Earn 17 coins by playing Ludo King today!,Entertainment
SonyLIV: Recharge now and get 2 months extra at no cost!,Entertainment
Hotstar: Enjoy cashback ₹200 on your annual subscription. Valid till 23-Oct-25.,Entertainment
Netflix: Watch the new season of Sacred Games now streaming exclusively!,Entertainment
Hotstar: Enjoy extra month free on your annual subscription. Valid till 27-Oct-25.,Entertainment
Hotstar: Watch the new season of Money Heist now streaming exclusively!,Entertainment
Hotstar: Enjoy cashback ₹200 on your annual subscription. Valid till 27-Oct-25.,Entertainment
SonyLIV: Recharge now and get 2 months extra at no cost!,Entertainment
Hotstar: Enjoy cashback ₹200 on your annual subscription. Valid till 14-Oct-25.,Entertainment
Netflix: Your plan renews today. ₹7284 will be charged automatically.,Entertainment
Dream11: Earn 28 coins by playing Candy Crush today!,Entertainment
Netflix: Your plan renews today. ₹9688 will be charged automatically.,Entertainment
Zee5: Watch the new season of The Boys now streaming exclusively!,Entertainment
Netflix: Your plan renews today. ₹9402 will be charged automatically.,Entertainment
Mobile Premier League: Earn 11 coins by playing PUBG Mobile today!,Entertainment
Hotstar: Enjoy extra month free on your annual subscription. Valid till 28-Oct-25.,Entertainment
Hotstar: Enjoy cashback ₹200 on your annual subscription. Valid till 26-Oct-25.,Entertainment
Netflix: Your plan renews today. ₹3986 will be charged automatically.,Entertainment
Netflix: Your plan renews today. ₹13267 will be charged automatically.,Entertainment
Prime Video: Watch the new season of Money Heist now streaming exclusively!,Entertainment
SonyLIV: Recharge now and get 2 months extra at no cost!,Entertainment
SonyLIV: Watch the new season of Sacred Games now streaming exclusively!,Entertainment
Hotstar: Enjoy 20% off on your annual subscription. Valid till 23-Oct-25.,Entertainment
Prime Video: Watch the new season of Money Heist now streaming exclusively!,Entertainment
Hotstar: Watch the new season of Sacred Games now streaming exclusively!,Entertainment
Netflix: Watch the new season of Sacred Games now streaming exclusively!,Entertainment
Hotstar: Enjoy cashback ₹200 on your annual subscription. Valid till 12-Oct-25.,Entertainment
SonyLIV: Recharge now and get 2 months extra at no cost!,Entertainment
SonyLIV: Recharge now and get 2 months extra at no cost!,Entertainment
SonyLIV: Watch the new season of Mirzapur now streaming exclusively!,Entertainment
SonyLIV: Recharge now and get 2 months extra at no cost!,Entertainment
Mobile Premier League: Earn 65 coins by playing Ludo King today!,Entertainment
SonyLIV: Recharge now and get 2 months extra at no cost!,Entertainment
Netflix: Your plan renews today. ₹9626 will be charged automatically.,Entertainment
Winzo: Earn 30 coins by playing Candy Crush today!,Entertainment
Mobile Premier League: Earn 42 coins by playing Candy Crush today!,Entertainment
Hotstar: Enjoy 20% off on your annual subscription. Valid till 16-Oct-25.,Entertainment
SonyLIV: Watch the new season of Sacred Games now streaming exclusively!,Entertainment
Hotstar: Enjoy 20% off on your annual subscription. Valid till 13-Oct-25.,Entertainment
Hotstar: Enjoy 20% off on your annual subscription. Valid till 27-Oct-25.,Entertainment
Winzo: Earn 73 coins by playing Candy Crush today!,Entertainment
Netflix: Watch the new season of Mirzapur now streaming exclusively!,Entertainment
SonyLIV: Watch the new season of Money Heist now streaming exclusively!,Entertainment
SonyLIV: Recharge now and get 2 months extra at no cost!,Entertainment
SonyLIV: Recharge now and get 2 months extra at no cost!,Entertainment
Winzo: Earn 19 coins by playing Candy Crush today!,Entertainment
SonyLIV: Recharge now and get 2 months extra at no cost!,Entertainment
SonyLIV: Recharge now and get 2 months extra at no cost!,Entertainment
Hotstar: Enjoy cashback ₹200 on your annual subscription. Valid till 16-Oct-25.,Entertainment
Prime Video: Watch the new season of The Boys now streaming exclusively!,Entertainment
Hotstar: Enjoy 20% off on your annual subscription. Valid till 13-Oct-25.,Entertainment
SonyLIV: Recharge now and get 2 months extra at no cost!,Entertainment
Netflix: Your plan renews today. ₹3103 will be charged automatically.,Entertainment
SonyLIV: Recharge now and get 2 months extra at no cost!,Entertainment
SonyLIV: Recharge now and get 2 months extra at no cost!,Entertainment
Hotstar: Watch the new season of The Boys now streaming exclusively!,Entertainment
Hotstar: Enjoy extra month free on your annual subscription. Valid till 17-Oct-25.,Entertainment
Netflix: Watch the new season of Sacred Games now streaming exclusively!,Entertainment
Dream11: Earn 67 coins by playing Clash Royale today!,Entertainment
Netflix: Your plan renews today. ₹16281 will be charged automatically.,Entertainment
Netflix: Watch the new season of Money Heist now streaming exclusively!,Entertainment
Hotstar: Enjoy extra month free on your annual subscription. Valid till 27-Oct-25.,Entertainment
Zee5: Watch the new season of Money Heist now streaming exclusively!,Entertainment
Netflix: Your plan renews today. ₹11401 will be charged automatically.,Entertainment
Netflix: Your plan renews today. ₹5986 will be charged automatically.,Entertainment
Netflix: Your plan renews today. ₹14754 will be charged automatically.,Entertainment
Netflix: Your plan renews today. ₹13132 will be charged automatically.,Entertainment
SonyLIV: Recharge now and get 2 months extra at no cost!,Entertainment
Zee5: Watch the new season of Sacred Games now streaming exclusively!,Entertainment
Netflix: Watch the new season of Sacred Games now streaming exclusively!,Entertainment
Netflix: Your plan renews today. ₹10620 will be charged automatically.,Entertainment
Netflix: Watch the new season of The Boys now streaming exclusively!,Entertainment
Dream11: Earn 13 coins by playing Clash Royale today!,Entertainment
Zee5: Watch the new season of Money Heist now streaming exclusively!,Entertainment
SonyLIV: Watch the new season of Mirzapur now streaming exclusively!,Entertainment
SonyLIV: Recharge now and get 2 months extra at no cost!,Entertainment
Prime Video: Watch the new season of Mirzapur now streaming exclusively!,Entertainment
Hotstar: Enjoy 20% off on your annual subscription. Valid till 18-Oct-25.,Entertainment
Netflix: Your plan renews today. ₹1100 will be charged automatically.,Entertainment
Mobile Premier League: Earn 30 coins by playing PUBG Mobile today!,Entertainment
SonyLIV: Recharge now and get 2 months extra at no cost!,Entertainment
SonyLIV: Recharge now and get 2 months extra at no cost!,Entertainment
Dream11: Earn 56 coins by playing Candy Crush today!,Entertainment
SonyLIV: Recharge now and get 2 months extra at no cost!,Entertainment
Winzo: Earn 95 coins by playing Candy Crush today!,Entertainment
Hotstar: Watch the new season of Mirzapur now streaming exclusively!,Entertainment
Hotstar: Enjoy extra month free on your annual subscription. Valid till 24-Oct-25.,Entertainment
SonyLIV: Recharge now and get 2 months extra at no cost!,Entertainment
SonyLIV: Recharge now and get 2 months extra at no cost!,Entertainment
Netflix: Your plan renews today. ₹9882 will be charged automatically.,Entertainment
Dream11: Earn 37 coins by playing Candy Crush today!,Entertainment
Mobile Premier League: Earn 65 coins by playing Clash Royale today!,Entertainment
SonyLIV: Recharge now and get 2 months extra at no cost!,Entertainment
Winzo: Earn 34 coins by playing PUBG Mobile today!,Entertainment
Hotstar: Watch the new season of Sacred Games now streaming exclusively!,Entertainment
Dream11: Earn 28 coins by playing Ludo King today!,Entertainment
Hotstar: Watch the new season of Sacred Games now streaming exclusively!,Entertainment
Dream11: Earn 76 coins by playing PUBG Mobile today!,Entertainment
Hotstar: Enjoy 20% off on your annual subscription. Valid till 15-Oct-25.,Entertainment
Mobile Premier League: Earn 60 coins by playing Ludo King today!,Entertainment
SonyLIV: Recharge now and get 2 months extra at no cost!,Entertainment
Hotstar: Enjoy extra month free on your annual subscription. Valid till 10-Oct-25.,Entertainment
Netflix: Your plan renews today. ₹10459 will be charged automatically.,Entertainment
Netflix: Your plan renews today. ₹1898 will be charged automatically.,Entertainment
Hotstar: Enjoy cashback ₹200 on your annual subscription. Valid till 10-Oct-25.,Entertainment
Hotstar: Enjoy cashback ₹200 on your annual subscription. Valid till 17-Oct-25.,Entertainment
Hotstar: Enjoy 20% off on your annual subscription. Valid till 28-Oct-25.,Entertainment
Hotstar: Enjoy extra month free on your annual subscription. Valid till 23-Oct-25.,Entertainment
Winzo: Earn 76 coins by playing Ludo King today!,Entertainment
Hotstar: Enjoy extra month free on your annual subscription. Valid till 24-Oct-25.,Entertainment
SonyLIV: Recharge now and get 2 months extra at no cost!,Entertainment
Hotstar: Enjoy cashback ₹200 on your annual subscription. Valid till 18-Oct-25.,Entertainment
SonyLIV: Recharge now and get 2 months extra at no cost!,Entertainment
Mobile Premier League: Earn 89 coins by playing PUBG Mobile today!,Entertainment
Hotstar: Enjoy cashback ₹200 on your annual subscription. Valid till 15-Oct-25.,Entertainment
Mobile Premier League: Earn 24 coins by playing PUBG Mobile today!,Entertainment
Netflix: Your plan renews today. ₹893 will be charged automatically.,Entertainment
Mobile Premier League: Earn 85 coins by playing PUBG Mobile today!,Entertainment
Netflix: Your plan renews today. ₹18827 will be charged automatically.,Entertainment
Zee5: Watch the new season of Mirzapur now streaming exclusively!,Entertainment
Netflix: Your plan renews today. ₹11871 will be charged automatically.,Entertainment
Dream11: Earn 27 coins by playing Ludo King today!,Entertainment
Winzo: Earn 33 coins by playing Ludo King today!,Entertainment
Hotstar: Enjoy extra month free on your annual subscription. Valid till 26-Oct-25.,Entertainment
SonyLIV: Recharge now and get 2 months extra at no cost!,Entertainment
SonyLIV: Recharge now and get 2 months extra at no cost!,Entertainment
SonyLIV: Recharge now and get 2 months extra at no cost!,Entertainment
Hotstar: Enjoy 20% off on your annual subscription. Valid till 17-Oct-25.,Entertainment
Prime Video: Watch the new season of Money Heist now streaming exclusively!,Entertainment
SonyLIV: Recharge now and get 2 months extra at no cost!,Entertainment
Hotstar: Enjoy extra month free on your annual subscription. Valid till 11-Oct-25.,Entertainment
Hotstar: Watch the new season of Sacred Games now streaming exclusively!,Entertainment
Winzo: Earn 58 coins by playing PUBG Mobile today!,Entertainment
Hotstar: Enjoy cashback ₹200 on your annual subscription. Valid till 10-Oct-25.,Entertainment
Hotstar: Enjoy 20% off on your annual subscription. Valid till 17-Oct-25.,Entertainment
SonyLIV: Recharge now and get 2 months extra at no cost!,Entertainment
Netflix: Your plan renews today. ₹12219 will be charged automatically.,Entertainment
Netflix: Watch the new season of The Boys now streaming exclusively!,Entertainment
SonyLIV: Recharge now and get 2 months extra at no cost!,Entertainment
Winzo: Earn 34 coins by playing Candy Crush today!,Entertainment
Netflix: Your plan renews today. ₹1846 will be charged automatically.,Entertainment
Mobile Premier League: Earn 96 coins by playing Candy Crush today!,Entertainment
SonyLIV: Watch the new season of Money Heist now streaming exclusively!,Entertainment
Winzo: Earn 34 coins by playing Clash Royale today!,Entertainment
Hotstar: Watch the new season of The Boys now streaming exclusively!,Entertainment
Winzo: Earn 54 coins by playing Ludo King today!,Entertainment
Hotstar: Enjoy 20% off on your annual subscription. Valid till 19-Oct-25.,Entertainment
Hotstar: Enjoy 20% off on your annual subscription. Valid till 14-Oct-25.,Entertainment
Mobile Premier League: Earn 24 coins by playing Ludo King today!,Entertainment
Netflix: Your plan renews today. ₹9074 will be charged automatically.,Entertainment
Netflix: Your plan renews today. ₹8523 will be charged automatically.,Entertainment
SonyLIV: Watch the new season of Money Heist now streaming exclusively!,Entertainment
Hotstar: Enjoy cashback ₹200 on your annual subscription. Valid till 27-Oct-25.,Entertainment
SonyLIV: Recharge now and get 2 months extra at no cost!,Entertainment
Mobile Premier League: Earn 59 coins by playing Candy Crush today!,Entertainment
Hotstar: Watch the new season of Sacred Games now streaming exclusively!,Entertainment
Netflix: Your plan renews today. ₹18184 will be charged automatically.,Entertainment
SonyLIV: Watch the new season of Sacred Games now streaming exclusively!,Entertainment
Hotstar: Watch the new season of Money Heist now streaming exclusively!,Entertainment
SonyLIV: Recharge now and get 2 months extra at no cost!,Entertainment
SonyLIV: Recharge now and get 2 months extra at no cost!,Entertainment
Hotstar: Watch the new season of The Boys now streaming exclusively!,Entertainment
SonyLIV: Recharge now and get 2 months extra at no cost!,Entertainment
Netflix: Your plan renews today. ₹5659 will be charged automatically.,Entertainment
Netflix: Watch the new season of The Boys now streaming exclusively!,Entertainment
Zee5: Watch the new season of Sacred Games now streaming exclusively!,Entertainment
Prime Video: Watch the new season of The Boys now streaming exclusively!,Entertainment
SonyLIV: Recharge now and get 2 months extra at no cost!,Entertainment
Netflix: Your plan renews today. ₹10751 will be charged automatically.,Entertainment
SonyLIV: Recharge now and get 2 months extra at no cost!,Entertainment
SonyLIV: Recharge now and get 2 months extra at no cost!,Entertainment
Netflix: Watch the new season of The Boys now streaming exclusively!,Entertainment
Hotstar: Enjoy extra month free on your annual subscription. Valid till 12-Oct-25.,Entertainment
Prime Video: Watch the new season of The Boys now streaming exclusively!,Entertainment
Netflix: Your plan renews today. ₹19092 will be charged automatically.,Entertainment
SonyLIV: Recharge now and get 2 months extra at no cost!,Entertainment
Netflix: Your plan renews today. ₹18657 will be charged automatically.,Entertainment
Netflix: Your plan renews today. ₹16504 will be charged automatically.,Entertainment
Netflix: Your plan renews today. ₹10850 will be charged automatically.,Entertainment
Hotstar: Enjoy cashback ₹200 on your annual subscription. Valid till 11-Oct-25.,Entertainment
Netflix: Your plan renews today. ₹13088 will be charged automatically.,Entertainment
SonyLIV: Recharge now and get 2 months extra at no cost!,Entertainment
Hotstar: Enjoy 20% off on your annual subscription. Valid till 19-Oct-25.,Entertainment
Prime Video: Watch the new season of Sacred Games now streaming exclusively!,Entertainment
Hotstar: Enjoy cashback ₹200 on your annual subscription. Valid till 28-Oct-25.,Entertainment
Winzo: Earn 84 coins by playing Candy Crush today!,Entertainment
Mobile Premier League: Earn 59 coins by playing Candy Crush today!,Entertainment
Netflix: Your plan renews today. ₹6486 will be charged automatically.,Entertainment
SonyLIV: Recharge now and get 2 months extra at no cost!,Entertainment
Hotstar: Enjoy extra month free on your annual subscription. Valid till 23-Oct-25.,Entertainment
Mobile Premier League: Earn 28 coins by playing Clash Royale today!,Entertainment
Hotstar: Enjoy extra month free on your annual subscription. Valid till 12-Oct-25.,Entertainment
Zee5: Watch the new season of Money Heist now streaming exclusively!,Entertainment
Netflix: Your plan renews today. ₹12426 will be charged automatically.,Entertainment
Netflix: Your plan renews today. ₹4060 will be charged automatically.,Entertainment
Netflix: Your plan renews today. ₹3107 will be charged automatically.,Entertainment
SonyLIV: Recharge now and get 2 months extra at no cost!,Entertainment
Hotstar: Watch the new season of Mirzapur now streaming exclusively!,Entertainment
Netflix: Your plan renews today. ₹16292 will be charged automatically.,Entertainment
SonyLIV: Watch the new season of Mirzapur now streaming exclusively!,Entertainment
SonyLIV: Recharge now and get 2 months extra at no cost!,Entertainment
Dream11: Earn 78 coins by playing Candy Crush today!,Entertainment
Netflix: Your plan renews today. ₹6839 will be charged automatically.,Entertainment
Hotstar: Enjoy cashback ₹200 on your annual subscription. Valid till 15-Oct-25.,Entertainment
Netflix: Your plan renews today. ₹16774 will be charged automatically.,Entertainment
Zee5: Watch the new season of The Boys now streaming exclusively!,Entertainment
Winzo: Earn 95 coins by playing Clash Royale today!,Entertainment
SonyLIV: Recharge now and get 2 months extra at no cost!,Entertainment
Zee5: Watch the new season of Money Heist now streaming exclusively!,Entertainment
Winzo: Earn 36 coins by playing Ludo King today!,Entertainment
Hotstar: Enjoy cashback ₹200 on your annual subscription. Valid till 26-Oct-25.,Entertainment
Netflix: Your plan renews today. ₹13533 will be charged automatically.,Entertainment
SonyLIV: Recharge now and get 2 months extra at no cost!,Entertainment
Hotstar: Enjoy extra month free on your annual subscription. Valid till 22-Oct-25.,Entertainment
Netflix: Your plan renews today. ₹15706 will be charged automatically.,Entertainment
SonyLIV: Recharge now and get 2 months extra at no cost!,Entertainment
Hotstar: Watch the new season of Money Heist now streaming exclusively!,Entertainment
SonyLIV: Recharge now and get 2 months extra at no cost!,Entertainment
Netflix: Your plan renews today. ₹16527 will be charged automatically.,Entertainment
Zee5: Watch the new season of The Boys now streaming exclusively!,Entertainment
SonyLIV: Recharge now and get 2 months extra at no cost!,Entertainment
SonyLIV: Recharge now and get 2 months extra at no cost!,Entertainment
Winzo: Earn 76 coins by playing Ludo King today!,Entertainment
Netflix: Watch the new season of Sacred Games now streaming exclusively!,Entertainment
Hotstar: Enjoy 20% off on your annual subscription. Valid till 14-Oct-25.,Entertainment
Netflix: Your plan renews today. ₹13848 will be charged automatically.,Entertainment
Netflix: Your plan renews today. ₹9047 will be charged automatically.,Entertainment
Hotstar: Watch the new season of Mirzapur now streaming exclusively!,Entertainment
Zee5: Watch the new season of Money Heist now streaming exclusively!,Entertainment
Hotstar: Enjoy 20% off on your annual subscription. Valid till 28-Oct-25.,Entertainment
Netflix: Your plan renews today. ₹654 will be charged automatically.,Entertainment
Prime Video: Watch the new season of Money Heist now streaming exclusively!,Entertainment
Hotstar: Enjoy 20% off on your annual subscription. Valid till 18-Oct-25.,Entertainment
Hotstar: Enjoy extra month free on your annual subscription. Valid till 27-Oct-25.,Entertainment
Netflix: Your plan renews today. ₹1332 will be charged automatically.,Entertainment
SonyLIV: Recharge now and get 2 months extra at no cost!,Entertainment
Netflix: Watch the new season of The Boys now streaming exclusively!,Entertainment
SonyLIV: Recharge now and get 2 months extra at no cost!,Entertainment
Hotstar: Enjoy 20% off on your annual subscription. Valid till 18-Oct-25.,Entertainment
Dream11: Earn 72 coins by playing Clash Royale today!,Entertainment
Mobile Premier League: Earn 27 coins by playing Clash Royale today!,Entertainment
Mobile Premier League: Earn 64 coins by playing Ludo King today!,Entertainment
Netflix: Watch the new season of Sacred Games now streaming exclusively!,Entertainment
Zee5: Watch the new season of Sacred Games now streaming exclusively!,Entertainment
Netflix: Watch the new season of Mirzapur now streaming exclusively!,Entertainment
Hotstar: Enjoy cashback ₹200 on your annual subscription. Valid till 12-Oct-25.,Entertainment
SonyLIV: Recharge now and get 2 months extra at no cost!,Entertainment
Netflix: Your plan renews today. ₹19811 will be charged automatically.,Entertainment
SonyLIV: Recharge now and get 2 months extra at no cost!,Entertainment
Zee5: Watch the new season of Money Heist now streaming exclusively!,Entertainment
SonyLIV: Recharge now and get 2 months extra at no cost!,Entertainment
SonyLIV: Watch the new season of The Boys now streaming exclusively!,Entertainment
Hotstar: Enjoy extra month free on your annual subscription. Valid till 28-Oct-25.,Entertainment
Hotstar: Enjoy extra month free on your annual subscription. Valid till 27-Oct-25.,Entertainment
Mobile Premier League: Earn 43 coins by playing Candy Crush today!,Entertainment
SonyLIV: Watch the new season of Sacred Games now streaming exclusively!,Entertainment
Mobile Premier League: Earn 86 coins by playing PUBG Mobile today!,Entertainment
SonyLIV: Recharge now and get 2 months extra at no cost!,Entertainment
Hotstar: Enjoy 20% off on your annual subscription. Valid till 12-Oct-25.,Entertainment
SonyLIV: Recharge now and get 2 months extra at no cost!,Entertainment
SonyLIV: Recharge now and get 2 months extra at no cost!,Entertainment
SonyLIV: Recharge now and get 2 months extra at no cost!,Entertainment
Netflix: Your plan renews today. ₹6600 will be charged automatically.,Entertainment
Dream11: Earn 47 coins by playing Clash Royale today!,Entertainment
Netflix: Your plan renews today. ₹9072 will be charged automatically.,Entertainment
Netflix: Your plan renews today. ₹12597 will be charged automatically.,Entertainment
Netflix: Watch the new season of Sacred Games now streaming exclusively!,Entertainment
Dream11: Earn 96 coins by playing Ludo King today!,Entertainment
Hotstar: Watch the new season of Mirzapur now streaming exclusively!,Entertainment
Netflix: Your plan renews today. ₹10360 will be charged automatically.,Entertainment
Hotstar: Watch the new season of The Boys now streaming exclusively!,Entertainment
SonyLIV: Watch the new season of Money Heist now streaming exclusively!,Entertainment
Hotstar: Enjoy extra month free on your annual subscription. Valid till 26-Oct-25.,Entertainment
Netflix: Your plan renews today. ₹6298 will be charged automatically.,Entertainment
Netflix: Your plan renews today. ₹3450 will be charged automatically.,Entertainment
Hotstar: Enjoy cashback ₹200 on your annual subscription. Valid till 22-Oct-25.,Entertainment
Winzo: Earn 99 coins by playing Ludo King today!,Entertainment
Mobile Premier League: Earn 25 coins by playing Candy Crush today!,Entertainment
SonyLIV: Recharge now and get 2 months extra at no cost!,Entertainment
Hotstar: Enjoy extra month free on your annual subscription. Valid till 14-Oct-25.,Entertainment
Netflix: Your plan renews today. ₹15218 will be charged automatically.,Entertainment
SonyLIV: Recharge now and get 2 months extra at no cost!,Entertainment
Netflix: Your plan renews today. ₹16252 will be charged automatically.,Entertainment
Netflix: Your plan renews today. ₹13963 will be charged automatically.,Entertainment
Zee5: Watch the new season of Money Heist now streaming exclusively!,Entertainment
Zee5: Watch the new season of The Boys now streaming exclusively!,Entertainment
Netflix: Your plan renews today. ₹12483 will be charged automatically.,Entertainment
SonyLIV: Recharge now and get 2 months extra at no cost!,Entertainment
Hotstar: Enjoy extra month free on your annual subscription. Valid till 24-Oct-25.,Entertainment
SonyLIV: Recharge now and get 2 months extra at no cost!,Entertainment
Netflix: Your plan renews today. ₹13922 will be charged automatically.,Entertainment
Hotstar: Enjoy 20% off on your annual subscription. Valid till 24-Oct-25.,Entertainment
Dream11: Earn 26 coins by playing PUBG Mobile today!,Entertainment
Netflix: Your plan renews today. ₹5180 will be charged automatically.,Entertainment
Winzo: Earn 66 coins by playing PUBG Mobile today!,Entertainment
Netflix: Your plan renews today. ₹10651 will be charged automatically.,Entertainment
Hotstar: Watch the new season of The Boys now streaming exclusively!,Entertainment
Hotstar: Enjoy extra month free on your annual subscription. Valid till 11-Oct-25.,Entertainment
Hotstar: Enjoy 20% off on your annual subscription. Valid till 18-Oct-25.,Entertainment
Hotstar: Enjoy extra month free on your annual subscription. Valid till 20-Oct-25.,Entertainment
Prime Video: Watch the new season of Sacred Games now streaming exclusively!,Entertainment
Winzo: Earn 98 coins by playing Ludo King today!,Entertainment
Netflix: Your plan renews today. ₹6014 will be charged automatically.,Entertainment
Hotstar: Enjoy cashback ₹200 on your annual subscription. Valid till 26-Oct-25.,Entertainment
Netflix: Your plan renews today. ₹11148 will be charged automatically.,Entertainment
Hotstar: Enjoy cashback ₹200 on your annual subscription. Valid till 28-Oct-25.,Entertainment
Netflix: Your plan renews today. ₹10643 will be charged automatically.,Entertainment
Netflix: Your plan renews today. ₹19724 will be charged automatically.,Entertainment
Hotstar: Enjoy 20% off on your annual subscription. Valid till 11-Oct-25.,Entertainment
SonyLIV: Recharge now and get 2 months extra at no cost!,Entertainment
Netflix: Your plan renews today. ₹17120 will be charged automatically.,Entertainment
Dream11: Earn 63 coins by playing Clash Royale today!,Entertainment
Hotstar: Enjoy 20% off on your annual subscription. Valid till 24-Oct-25.,Entertainment
Hotstar: Enjoy cashback ₹200 on your annual subscription. Valid till 28-Oct-25.,Entertainment
Netflix: Your plan renews today. ₹1897 will be charged automatically.,Entertainment
Dream11: Earn 87 coins by playing Candy Crush today!,Entertainment
Hotstar: Enjoy extra month free on your annual subscription. Valid till 20-Oct-25.,Entertainment
SonyLIV: Watch the new season of The Boys now streaming exclusively!,Entertainment
Netflix: Watch the new season of Sacred Games now streaming exclusively!,Entertainment
Zee5: Watch the new season of Money Heist now streaming exclusively!,Entertainment
Netflix: Your plan renews today. ₹18887 will be charged automatically.,Entertainment
Dream11: Earn 84 coins by playing Candy Crush today!,Entertainment
Dream11: Earn 11 coins by playing PUBG Mobile today!,Entertainment
Hotstar: Enjoy cashback ₹200 on your annual subscription. Valid till 21-Oct-25.,Entertainment
Zee5: Watch the new season of Mirzapur now streaming exclusively!,Entertainment
Hotstar: Enjoy cashback ₹200 on your annual subscription. Valid till 24-Oct-25.,Entertainment
SonyLIV: Recharge now and get 2 months extra at no cost!,Entertainment
Netflix: Your plan renews today. ₹18102 will be charged automatically.,Entertainment
Netflix: Your plan renews today. ₹638 will be charged automatically.,Entertainment
Winzo: Earn 12 coins by playing PUBG Mobile today!,Entertainment
Winzo: Earn 58 coins by playing Ludo King today!,Entertainment
Hotstar: Enjoy 20% off on your annual subscription. Valid till 14-Oct-25.,Entertainment
SonyLIV: Recharge now and get 2 months extra at no cost!,Entertainment
Prime Video: Watch the new season of Sacred Games now streaming exclusively!,Entertainment
Dream11: Earn 61 coins by playing Candy Crush today!,Entertainment
Hotstar: Enjoy extra month free on your annual subscription. Valid till 16-Oct-25.,Entertainment
Netflix: Your plan renews today. ₹16942 will be charged automatically.,Entertainment
Prime Video: Watch the new season of Sacred Games now streaming exclusively!,Entertainment
Dream11: Earn 100 coins by playing Clash Royale today!,Entertainment
Netflix: Your plan renews today. ₹14829 will be charged automatically.,Entertainment
SonyLIV: Recharge now and get 2 months extra at no cost!,Entertainment
Prime Video: Watch the new season of Sacred Games now streaming exclusively!,Entertainment
Netflix: Your plan renews today. ₹6570 will be charged automatically.,Entertainment
SonyLIV: Recharge now and get 2 months extra at no cost!,Entertainment
Winzo: Earn 75 coins by playing PUBG Mobile today!,Entertainment
SonyLIV: Recharge now and get 2 months extra at no cost!,Entertainment
SonyLIV: Recharge now and get 2 months extra at no cost!,Entertainment
Netflix: Your plan renews today. ₹8588 will be charged automatically.,Entertainment
Hotstar: Enjoy 20% off on your annual subscription. Valid till 13-Oct-25.,Entertainment
Zee5: Watch the new season of Mirzapur now streaming exclusively!,Entertainment
SonyLIV: Recharge now and get 2 months extra at no cost!,Entertainment
SonyLIV: Recharge now and get 2 months extra at no cost!,Entertainment
SonyLIV: Watch the new season of Money Heist now streaming exclusively!,Entertainment
Netflix: Your plan renews today. ₹19216 will be charged automatically.,Entertainment
Netflix: Watch the new season of Mirzapur now streaming exclusively!,Entertainment
SonyLIV: Recharge now and get 2 months extra at no cost!,Entertainment
Hotstar: Enjoy extra month free on your annual subscription. Valid till 12-Oct-25.,Entertainment
SonyLIV: Recharge now and get 2 months extra at no cost!,Entertainment
SonyLIV: Recharge now and get 2 months extra at no cost!,Entertainment
Mobile Premier League: Earn 29 coins by playing Clash Royale today!,Entertainment
SonyLIV: Recharge now and get 2 months extra at no cost!,Entertainment
Zee5: Watch the new season of Mirzapur now streaming exclusively!,Entertainment
SonyLIV: Recharge now and get 2 months extra at no cost!,Entertainment
Hotstar: Enjoy cashback ₹200 on your annual subscription. Valid till 27-Oct-25.,Entertainment
Netflix: Your plan renews today. ₹12670 will be charged automatically.,Entertainment
SonyLIV: Recharge now and get 2 months extra at no cost!,Entertainment
SonyLIV: Recharge now and get 2 months extra at no cost!,Entertainment
SonyLIV: Recharge now and get 2 months extra at no cost!,Entertainment
SonyLIV: Recharge now and get 2 months extra at no cost!,Entertainment
SonyLIV: Recharge now and get 2 months extra at no cost!,Entertainment
Zee5: Watch the new season of Mirzapur now streaming exclusively!,Entertainment
Mobile Premier League: Earn 59 coins by playing Candy Crush today!,Entertainment
Hotstar: Enjoy 20% off on your annual subscription. Valid till 24-Oct-25.,Entertainment
Netflix: Your plan renews today. ₹10577 will be charged automatically.,Entertainment
Hotstar: Enjoy 20% off on your annual subscription. Valid till 26-Oct-25.,Entertainment
SonyLIV: Recharge now and get 2 months extra at no cost!,Entertainment
Netflix: Your plan renews today. ₹7450 will be charged automatically.,Entertainment
Prime Video: Watch the new season of Money Heist now streaming exclusively!,Entertainment
SonyLIV: Watch the new season of Mirzapur now streaming exclusively!,Entertainment
Hotstar: Enjoy extra month free on your annual subscription. Valid till 25-Oct-25.,Entertainment
Netflix: Your plan renews today. ₹13788 will be charged automatically.,Entertainment
Netflix: Your plan renews today. ₹17057 will be charged automatically.,Entertainment
SonyLIV: Watch the new season of Mirzapur now streaming exclusively!,Entertainment
Netflix: Watch the new season of Mirzapur now streaming exclusively!,Entertainment
Netflix: Watch the new season of The Boys now streaming exclusively!,Entertainment
Hotstar: Enjoy 20% off on your annual subscription. Valid till 13-Oct-25.,Entertainment
Netflix: Your plan renews today. ₹18533 will be charged automatically.,Entertainment
Netflix: Your plan renews today. ₹190 will be charged automatically.,Entertainment
SonyLIV: Recharge now and get 2 months extra at no cost!,Entertainment
SonyLIV: Watch the new season of Sacred Games now streaming exclusively!,Entertainment
Netflix: Your plan renews today. ₹7591 will be charged automatically.,Entertainment
Hotstar: Enjoy 20% off on your annual subscription. Valid till 17-Oct-25.,Entertainment
SonyLIV: Recharge now and get 2 months extra at no cost!,Entertainment
SonyLIV: Recharge now and get 2 months extra at no cost!,Entertainment
SonyLIV: Watch the new season of Money Heist now streaming exclusively!,Entertainment
Winzo: Earn 64 coins by playing PUBG Mobile today!,Entertainment
Mobile Premier League: Earn 76 coins by playing Candy Crush today!,Entertainment
Netflix: Watch the new season of The Boys now streaming exclusively!,Entertainment
Dream11: Earn 25 coins by playing Clash Royale today!,Entertainment
Hotstar: Enjoy cashback ₹200 on your annual subscription. Valid till 23-Oct-25.,Entertainment
Netflix: Your plan renews today. ₹2604 will be charged automatically.,Entertainment
Zee5: Watch the new season of Sacred Games now streaming exclusively!,Entertainment
SonyLIV: Recharge now and get 2 months extra at no cost!,Entertainment
SonyLIV: Recharge now and get 2 months extra at no cost!,Entertainment
Mobile Premier League: Earn 71 coins by playing Clash Royale today!,Entertainment
Winzo: Earn 88 coins by playing Clash Royale today!,Entertainment
SonyLIV: Recharge now and get 2 months extra at no cost!,Entertainment
Netflix: Your plan renews today. ₹2962 will be charged automatically.,Entertainment
Dream11: Earn 68 coins by playing Clash Royale today!,Entertainment
SonyLIV: Recharge now and get 2 months extra at no cost!,Entertainment
Netflix: Watch the new season of Sacred Games now streaming exclusively!,Entertainment
Prime Video: Watch the new season of Sacred Games now streaming exclusively!,Entertainment
Hotstar: Watch the new season of Mirzapur now streaming exclusively!,Entertainment
Zee5: Watch the new season of The Boys now streaming exclusively!,Entertainment
Hotstar: Enjoy extra month free on your annual subscription. Valid till 10-Oct-25.,Entertainment
Mobile Premier League: Earn 91 coins by playing Candy Crush today!,Entertainment
SonyLIV: Recharge now and get 2 months extra at no cost!,Entertainment
Mobile Premier League: Earn 43 coins by playing PUBG Mobile today!,Entertainment
Netflix: Watch the new season of Mirzapur now streaming exclusively!,Entertainment
Prime Video: Watch the new season of The Boys now streaming exclusively!,Entertainment
Hotstar: Watch the new season of Mirzapur now streaming exclusively!,Entertainment
Netflix: Your plan renews today. ₹5962 will be charged automatically.,Entertainment
Hotstar: Enjoy 20% off on your annual subscription. Valid till 18-Oct-25.,Entertainment
SonyLIV: Recharge now and get 2 months extra at no cost!,Entertainment
Netflix: Your plan renews today. ₹2770 will be charged automatically.,Entertainment
Mobile Premier League: Earn 97 coins by playing PUBG Mobile today!,Entertainment
Dream11: Earn 100 coins by playing Ludo King today!,Entertainment
SonyLIV: Recharge now and get 2 months extra at no cost!,Entertainment
Dream11: Earn 52 coins by playing PUBG Mobile today!,Entertainment
SonyLIV: Recharge now and get 2 months extra at no cost!,Entertainment
SonyLIV: Recharge now and get 2 months extra at no cost!,Entertainment
Netflix: Your plan renews today. ₹13479 will be charged automatically.,Entertainment
Hotstar: Enjoy 20% off on your annual subscription. Valid till 16-Oct-25.,Entertainment
Hotstar: Enjoy cashback ₹200 on your annual subscription. Valid till 20-Oct-25.,Entertainment
SonyLIV: Recharge now and get 2 months extra at no cost!,Entertainment
Dream11: Earn 55 coins by playing Ludo King today!,Entertainment
Hotstar: Enjoy 20% off on your annual subscription. Valid till 25-Oct-25.,Entertainment
Hotstar: Enjoy cashback ₹200 on your annual subscription. Valid till 21-Oct-25.,Entertainment
Hotstar: Enjoy 20% off on your annual subscription. Valid till 25-Oct-25.,Entertainment
Hotstar: Enjoy 20% off on your annual subscription. Valid till 28-Oct-25.,Entertainment
Hotstar: Watch the new season of The Boys now streaming exclusively!,Entertainment
Netflix: Your plan renews today. ₹4150 will be charged automatically.,Entertainment
Hotstar: Enjoy cashback ₹200 on your annual subscription. Valid till 14-Oct-25.,Entertainment
Winzo: Earn 68 coins by playing Candy Crush today!,Entertainment
Zee5: Watch the new season of Mirzapur now streaming exclusively!,Entertainment
Dream11: Earn 12 coins by playing Candy Crush today!,Entertainment
SonyLIV: Recharge now and get 2 months extra at no cost!,Entertainment
Hotstar: Enjoy extra month free on your annual subscription. Valid till 13-Oct-25.,Entertainment
SonyLIV: Recharge now and get 2 months extra at no cost!,Entertainment
Netflix: Watch the new season of Sacred Games now streaming exclusively!,Entertainment
Netflix: Your plan renews today. ₹1591 will be charged automatically.,Entertainment
Hotstar: Enjoy 20% off on your annual subscription. Valid till 14-Oct-25.,Entertainment
Netflix: Watch the new season of The Boys now streaming exclusively!,Entertainment
Mobile Premier League: Earn 89 coins by playing Ludo King today!,Entertainment
Dream11: Earn 22 coins by playing Candy Crush today!,Entertainment
Netflix: Your plan renews today. ₹13933 will be charged automatically.,Entertainment
Zee5: Watch the new season of Money Heist now streaming exclusively!,Entertainment
Winzo: Earn 88 coins by playing PUBG Mobile today!,Entertainment
SonyLIV: Recharge now and get 2 months extra at no cost!,Entertainment
SonyLIV: Watch the new season of Money Heist now streaming exclusively!,Entertainment
SonyLIV: Recharge now and get 2 months extra at no cost!,Entertainment
SonyLIV: Recharge now and get 2 months extra at no cost!,Entertainment
SonyLIV: Recharge now and get 2 months extra at no cost!,Entertainment
Hotstar: Enjoy extra month free on your annual subscription. Valid till 24-Oct-25.,Entertainment
Hotstar: Enjoy extra month free on your annual subscription. Valid till 10-Oct-25.,Entertainment
Netflix: Your plan renews today. ₹19387 will be charged automatically.,Entertainment
Mobile Premier League: Earn 65 coins by playing Ludo King today!,Entertainment
Hotstar: Enjoy 20% off on your annual subscription. Valid till 12-Oct-25.,Entertainment
Winzo: Earn 29 coins by playing PUBG Mobile today!,Entertainment
SonyLIV: Recharge now and get 2 months extra at no cost!,Entertainment
Netflix: Your plan renews today. ₹10278 will be charged automatically.,Entertainment
Netflix: Your plan renews today. ₹11482 will be charged automatically.,Entertainment
Hotstar: Watch the new season of Mirzapur now streaming exclusively!,Entertainment
Netflix: Your plan renews today. ₹9532 will be charged automatically.,Entertainment
Prime Video: Watch the new season of The Boys now streaming exclusively!,Entertainment
Netflix: Watch the new season of Mirzapur now streaming exclusively!,Entertainment
Netflix: Your plan renews today. ₹7747 will be charged automatically.,Entertainment
SonyLIV: Recharge now and get 2 months extra at no cost!,Entertainment
Hotstar: Enjoy cashback ₹200 on your annual subscription. Valid till 11-Oct-25.,Entertainment
Prime Video: Watch the new season of The Boys now streaming exclusively!,Entertainment
Netflix: Your plan renews today. ₹18140 will be charged automatically.,Entertainment
Netflix: Your plan renews today. ₹14604 will be charged automatically.,Entertainment
Hotstar: Enjoy 20% off on your annual subscription. Valid till 11-Oct-25.,Entertainment
SonyLIV: Recharge now and get 2 months extra at no cost!,Entertainment
Netflix: Your plan renews today. ₹8974 will be charged automatically.,Entertainment
Netflix: Your plan renews today. ₹3791 will be charged automatically.,Entertainment
Netflix: Your plan renews today. ₹11228 will be charged automatically.,Entertainment
Winzo: Earn 26 coins by playing Ludo King today!,Entertainment
SonyLIV: Recharge now and get 2 months extra at no cost!,Entertainment
Dream11: Earn 37 coins by playing Clash Royale today!,Entertainment
Netflix: Your plan renews today. ₹5404 will be charged automatically.,Entertainment
Dream11: Earn 20 coins by playing Ludo King today!,Entertainment
Netflix: Your plan renews today. ₹9865 will be charged automatically.,Entertainment
Zee5: Watch the new season of Mirzapur now streaming exclusively!,Entertainment
Prime Video: Watch the new season of Sacred Games now streaming exclusively!,Entertainment
Hotstar: Enjoy 20% off on your annual subscription. Valid till 12-Oct-25.,Entertainment
Netflix: Your plan renews today. ₹11174 will be charged automatically.,Entertainment
SonyLIV: Recharge now and get 2 months extra at no cost!,Entertainment
Hotstar: Enjoy cashback ₹200 on your annual subscription. Valid till 20-Oct-25.,Entertainment
Netflix: Your plan renews today. ₹6076 will be charged automatically.,Entertainment
Winzo: Earn 59 coins by playing Clash Royale today!,Entertainment
Hotstar: Watch the new season of The Boys now streaming exclusively!,Entertainment
Hotstar: Enjoy 20% off on your annual subscription. Valid till 15-Oct-25.,Entertainment
Netflix: Your plan renews today. ₹6701 will be charged automatically.,Entertainment
Netflix: Your plan renews today. ₹17014 will be charged automatically.,Entertainment
Dream11: Earn 87 coins by playing Clash Royale today!,Entertainment
Dream11: Earn 30 coins by playing PUBG Mobile today!,Entertainment
SonyLIV: Recharge now and get 2 months extra at no cost!,Entertainment
Netflix: Your plan renews today. ₹6857 will be charged automatically.,Entertainment
Dream11: Earn 40 coins by playing Candy Crush today!,Entertainment
Netflix: Your plan renews today. ₹19178 will be charged automatically.,Entertainment
SonyLIV: Recharge now and get 2 months extra at no cost!,Entertainment
Netflix: Your plan renews today. ₹8864 will be charged automatically.,Entertainment
SonyLIV: Watch the new season of Sacred Games now streaming exclusively!,Entertainment
Mobile Premier League: Earn 40 coins by playing Candy Crush today!,Entertainment
Hotstar: Enjoy cashback ₹200 on your annual subscription. Valid till 11-Oct-25.,Entertainment
Hotstar: Enjoy 20% off on your annual subscription. Valid till 15-Oct-25.,Entertainment
Netflix: Your plan renews today. ₹12967 will be charged automatically.,Entertainment
Winzo: Earn 79 coins by playing Clash Royale today!,Entertainment
Hotstar: Enjoy extra month free on your annual subscription. Valid till 13-Oct-25.,Entertainment
SonyLIV: Recharge now and get 2 months extra at no cost!,Entertainment
Prime Video: Watch the new season of Money Heist now streaming exclusively!,Entertainment
Hotstar: Enjoy 20% off on your annual subscription. Valid till 24-Oct-25.,Entertainment
Hotstar: Enjoy extra month free on your annual subscription. Valid till 14-Oct-25.,Entertainment
SonyLIV: Recharge now and get 2 months extra at no cost!,Entertainment
Netflix: Your plan renews today. ₹9540 will be charged automatically.,Entertainment
SonyLIV: Recharge now and get 2 months extra at no cost!,Entertainment
Hotstar: Enjoy 20% off on your annual subscription. Valid till 19-Oct-25.,Entertainment
Hotstar: Enjoy cashback ₹200 on your annual subscription. Valid till 28-Oct-25.,Entertainment
Hotstar: Enjoy cashback ₹200 on your annual subscription. Valid till 20-Oct-25.,Entertainment
Prime Video: Watch the new season of Sacred Games now streaming exclusively!,Entertainment
Netflix: Watch the new season of Sacred Games now streaming exclusively!,Entertainment
Hotstar: Enjoy 20% off on your annual subscription. Valid till 25-Oct-25.,Entertainment
SonyLIV: Recharge now and get 2 months extra at no cost!,Entertainment
Mobile Premier League: Earn 72 coins by playing Candy Crush today!,Entertainment
SonyLIV: Recharge now and get 2 months extra at no cost!,Entertainment
Hotstar: Enjoy 20% off on your annual subscription. Valid till 24-Oct-25.,Entertainment
SonyLIV: Recharge now and get 2 months extra at no cost!,Entertainment
Winzo: Earn 26 coins by playing Candy Crush today!,Entertainment
SonyLIV: Recharge now and get 2 months extra at no cost!,Entertainment
Mobile Premier League: Earn 38 coins by playing Clash Royale today!,Entertainment
Netflix: Your plan renews today. ₹11492 will be charged automatically.,Entertainment
Netflix: Your plan renews today. ₹14617 will be charged automatically.,Entertainment
Winzo: Earn 71 coins by playing Candy Crush today!,Entertainment
Winzo: Earn 61 coins by playing Candy Crush today!,Entertainment
Netflix: Your plan renews today. ₹12448 will be charged automatically.,Entertainment
Netflix: Your plan renews today. ₹2551 will be charged automatically.,Entertainment
Hotstar: Enjoy cashback ₹200 on your annual subscription. Valid till 10-Oct-25.,Entertainment
SonyLIV: Recharge now and get 2 months extra at no cost!,Entertainment
Prime Video: Watch the new season of Sacred Games now streaming exclusively!,Entertainment
Dream11: Earn 88 coins by playing Candy Crush today!,Entertainment
Netflix: Watch the new season of Mirzapur now streaming exclusively!,Entertainment
Dream11: Earn 54 coins by playing PUBG Mobile today!,Entertainment
SonyLIV: Recharge now and get 2 months extra at no cost!,Entertainment
SonyLIV: Recharge now and get 2 months extra at no cost!,Entertainment
Netflix: Your plan renews today. ₹19374 will be charged automatically.,Entertainment
Netflix: Your plan renews today. ₹4832 will be charged automatically.,Entertainment
SonyLIV: Recharge now and get 2 months extra at no cost!,Entertainment
SonyLIV: Recharge now and get 2 months extra at no cost!,Entertainment
Dream11: Earn 88 coins by playing Clash Royale today!,Entertainment
Netflix: Your plan renews today. ₹8564 will be charged automatically.,Entertainment
Netflix: Your plan renews today. ₹1568 will be charged automatically.,Entertainment
Hotstar: Enjoy extra month free on your annual subscription. Valid till 20-Oct-25.,Entertainment
Netflix: Your plan renews today. ₹5344 will be charged automatically.,Entertainment
SonyLIV: Recharge now and get 2 months extra at no cost!,Entertainment
Mobile Premier League: Earn 81 coins by playing Candy Crush today!,Entertainment
Netflix: Your plan renews today. ₹6846 will be charged automatically.,Entertainment
Hotstar: Enjoy 20% off on your annual subscription. Valid till 21-Oct-25.,Entertainment
SonyLIV: Recharge now and get 2 months extra at no cost!,Entertainment
Hotstar: Enjoy cashback ₹200 on your annual subscription. Valid till 23-Oct-25.,Entertainment
Winzo: Earn 80 coins by playing Ludo King today!,Entertainment
Prime Video: Watch the new season of The Boys now streaming exclusively!,Entertainment
Dream11: Earn 84 coins by playing Candy Crush today!,Entertainment
Hotstar: Watch the new season of Mirzapur now streaming exclusively!,Entertainment
Zee5: Watch the new season of The Boys now streaming exclusively!,Entertainment
Mobile Premier League: Earn 65 coins by playing Clash Royale today!,Entertainment
SonyLIV: Recharge now and get 2 months extra at no cost!,Entertainment
SonyLIV: Recharge now and get 2 months extra at no cost!,Entertainment
SonyLIV: Watch the new season of Sacred Games now streaming exclusively!,Entertainment
Hotstar: Watch the new season of Sacred Games now streaming exclusively!,Entertainment
Hotstar: Enjoy cashback ₹200 on your annual subscription. Valid till 27-Oct-25.,Entertainment
Hotstar: Enjoy 20% off on your annual subscription. Valid till 11-Oct-25.,Entertainment
Mobile Premier League: Earn 17 coins by playing Clash Royale today!,Entertainment
Netflix: Watch the new season of Money Heist now streaming exclusively!,Entertainment
Hotstar: Enjoy extra month free on your annual subscription. Valid till 20-Oct-25.,Entertainment
Netflix: Your plan renews today. ₹4058 will be charged automatically.,Entertainment
Hotstar: Watch the new season of Sacred Games now streaming exclusively!,Entertainment
Mobile Premier League: Earn 10 coins by playing Ludo King today!,Entertainment
Hotstar: Enjoy 20% off on your annual subscription. Valid till 15-Oct-25.,Entertainment
SonyLIV: Recharge now and get 2 months extra at no cost!,Entertainment
Mobile Premier League: Earn 78 coins by playing Clash Royale today!,Entertainment
Hotstar: Enjoy cashback ₹200 on your annual subscription. Valid till 20-Oct-25.,Entertainment
SonyLIV: Recharge now and get 2 months extra at no cost!,Entertainment
Zee5: Watch the new season of The Boys now streaming exclusively!,Entertainment
Prime Video: Watch the new season of The Boys now streaming exclusively!,Entertainment
SonyLIV: Recharge now and get 2 months extra at no cost!,Entertainment
Dream11: Earn 42 coins by playing Candy Crush today!,Entertainment
SonyLIV: Recharge now and get 2 months extra at no cost!,Entertainment
Hotstar: Enjoy cashback ₹200 on your annual subscription. Valid till 12-Oct-25.,Entertainment
Hotstar: Enjoy 20% off on your annual subscription. Valid till 20-Oct-25.,Entertainment
SonyLIV: Watch the new season of Money Heist now streaming exclusively!,Entertainment
SonyLIV: Recharge now and get 2 months extra at no cost!,Entertainment
Hotstar: Enjoy cashback ₹200 on your annual subscription. Valid till 11-Oct-25.,Entertainment
Netflix: Your plan renews today. ₹9737 will be charged automatically.,Entertainment
Hotstar: Enjoy cashback ₹200 on your annual subscription. Valid till 16-Oct-25.,Entertainment
Hotstar: Enjoy cashback ₹200 on your annual subscription. Valid till 12-Oct-25.,Entertainment
Netflix: Your plan renews today. ₹10897 will be charged automatically.,Entertainment
Hotstar: Enjoy 20% off on your annual subscription. Valid till 23-Oct-25.,Entertainment
Netflix: Your plan renews today. ₹10444 will be charged automatically.,Entertainment
SonyLIV: Watch the new season of Sacred Games now streaming exclusively!,Entertainment
Hotstar: Enjoy cashback ₹200 on your annual subscription. Valid till 24-Oct-25.,Entertainment
Prime Video: Watch the new season of Money Heist now streaming exclusively!,Entertainment
Netflix: Watch the new season of The Boys now streaming exclusively!,Entertainment
Winzo: Earn 81 coins by playing Clash Royale today!,Entertainment
Mobile Premier League: Earn 12 coins by playing PUBG Mobile today!,Entertainment
Winzo: Earn 71 coins by playing Candy Crush today!,Entertainment
SonyLIV: Recharge now and get 2 months extra at no cost!,Entertainment
Netflix: Your plan renews today. ₹19546 will be charged automatically.,Entertainment
Netflix: Your plan renews today. ₹19598 will be charged automatically.,Entertainment
SonyLIV: Recharge now and get 2 months extra at no cost!,Entertainment
Netflix: Your plan renews today. ₹14345 will be charged automatically.,Entertainment
SonyLIV: Recharge now and get 2 months extra at no cost!,Entertainment
SonyLIV: Recharge now and get 2 months extra at no cost!,Entertainment
SonyLIV: Recharge now and get 2 months extra at no cost!,Entertainment
Netflix: Your plan renews today. ₹18434 will be charged automatically.,Entertainment
Hotstar: Enjoy 20% off on your annual subscription. Valid till 19-Oct-25.,Entertainment
Netflix: Watch the new season of Sacred Games now streaming exclusively!,Entertainment
Netflix: Your plan renews today. ₹6403 will be charged automatically.,Entertainment
Hotstar: Watch the new season of The Boys now streaming exclusively!,Entertainment
SonyLIV: Recharge now and get 2 months extra at no cost!,Entertainment
Hotstar: Enjoy 20% off on your annual subscription. Valid till 27-Oct-25.,Entertainment
Dream11: Earn 25 coins by playing PUBG Mobile today!,Entertainment
Netflix: Your plan renews today. ₹14589 will be charged automatically.,Entertainment
Prime Video: Watch the new season of Sacred Games now streaming exclusively!,Entertainment
Hotstar: Enjoy cashback ₹200 on your annual subscription. Valid till 11-Oct-25.,Entertainment
Hotstar: Enjoy 20% off on your annual subscription. Valid till 11-Oct-25.,Entertainment
Winzo: Earn 47 coins by playing PUBG Mobile today!,Entertainment
Dream11: Earn 34 coins by playing PUBG Mobile today!,Entertainment
SonyLIV: Recharge now and get 2 months extra at no cost!,Entertainment
SonyLIV: Recharge now and get 2 months extra at no cost!,Entertainment
SonyLIV: Recharge now and get 2 months extra at no cost!,Entertainment
Prime Video: Watch the new season of Sacred Games now streaming exclusively!,Entertainment
Prime Video: Watch the new season of Mirzapur now streaming exclusively!,Entertainment
Netflix: Your plan renews today. ₹6240 will be charged automatically.,Entertainment
Netflix: Your plan renews today. ₹11879 will be charged automatically.,Entertainment
Mobile Premier League: Earn 79 coins by playing Ludo King today!,Entertainment
Netflix: Your plan renews today. ₹6883 will be charged automatically.,Entertainment
Netflix: Watch the new season of Mirzapur now streaming exclusively!,Entertainment
Hotstar: Enjoy 20% off on your annual subscription. Valid till 28-Oct-25.,Entertainment
SonyLIV: Recharge now and get 2 months extra at no cost!,Entertainment
Hotstar: Enjoy cashback ₹200 on your annual subscription. Valid till 14-Oct-25.,Entertainment
Zee5: Watch the new season of Sacred Games now streaming exclusively!,Entertainment
Winzo: Earn 83 coins by playing Clash Royale today!,Entertainment
Hotstar: Enjoy extra month free on your annual subscription. Valid till 13-Oct-25.,Entertainment
Hotstar: Enjoy 20% off on your annual subscription. Valid till 25-Oct-25.,Entertainment
SonyLIV: Recharge now and get 2 months extra at no cost!,Entertainment
SonyLIV: Watch the new season of Money Heist now streaming exclusively!,Entertainment
SonyLIV: Recharge now and get 2 months extra at no cost!,Entertainment
Mobile Premier League: Earn 21 coins by playing Clash Royale today!,Entertainment
Netflix: Your plan renews today. ₹11610 will be charged automatically.,Entertainment
Hotstar: Watch the new season of Mirzapur now streaming exclusively!,Entertainment
Hotstar: Watch the new season of Mirzapur now streaming exclusively!,Entertainment
Netflix: Your plan renews today. ₹6044 will be charged automatically.,Entertainment
Winzo: Earn 90 coins by playing Clash Royale today!,Entertainment
Mobile Premier League: Earn 69 coins by playing Candy Crush today!,Entertainment
SonyLIV: Watch the new season of Sacred Games now streaming exclusively!,Entertainment
SonyLIV: Recharge now and get 2 months extra at no cost!,Entertainment
Netflix: Your plan renews today. ₹8142 will be charged automatically.,Entertainment
Winzo: Earn 30 coins by playing Candy Crush today!,Entertainment
Zee5: Watch the new season of Money Heist now streaming exclusively!,Entertainment
Netflix: Your plan renews today. ₹9775 will be charged automatically.,Entertainment
Dream11: Earn 39 coins by playing Ludo King today!,Entertainment
Prime Video: Watch the new season of The Boys now streaming exclusively!,Entertainment
Hotstar: Enjoy extra month free on your annual subscription. Valid till 23-Oct-25.,Entertainment
Netflix: Your plan renews today. ₹6757 will be charged automatically.,Entertainment
Netflix: Your plan renews today. ₹6561 will be charged automatically.,Entertainment
Netflix: Your plan renews today. ₹18399 will be charged automatically.,Entertainment
SonyLIV: Recharge now and get 2 months extra at no cost!,Entertainment
SonyLIV: Watch the new season of Sacred Games now streaming exclusively!,Entertainment
Netflix: Your plan renews today. ₹13326 will be charged automatically.,Entertainment
Hotstar: Watch the new season of Sacred Games now streaming exclusively!,Entertainment
Netflix: Your plan renews today. ₹16360 will be charged automatically.,Entertainment
SonyLIV: Recharge now and get 2 months extra at no cost!,Entertainment
Mobile Premier League: Earn 53 coins by playing Ludo King today!,Entertainment
SonyLIV: Recharge now and get 2 months extra at no cost!,Entertainment
SonyLIV: Recharge now and get 2 months extra at no cost!,Entertainment
Winzo: Earn 14 coins by playing Ludo King today!,Entertainment
Winzo: Earn 47 coins by playing Ludo King today!,Entertainment
Hotstar: Enjoy cashback ₹200 on your annual subscription. Valid till 27-Oct-25.,Entertainment
Netflix: Your plan renews today. ₹17487 will be charged automatically.,Entertainment
SonyLIV: Recharge now and get 2 months extra at no cost!,Entertainment
SonyLIV: Recharge now and get 2 months extra at no cost!,Entertainment
Hotstar: Enjoy extra month free on your annual subscription. Valid till 26-Oct-25.,Entertainment
SonyLIV: Recharge now and get 2 months extra at no cost!,Entertainment
Hotstar: Enjoy 20% off on your annual subscription. Valid till 22-Oct-25.,Entertainment
SonyLIV: Recharge now and get 2 months extra at no cost!,Entertainment
Dream11: Earn 23 coins by playing Clash Royale today!,Entertainment
SonyLIV: Recharge now and get 2 months extra at no cost!,Entertainment
Mobile Premier League: Earn 97 coins by playing Clash Royale today!,Entertainment
Hotstar: Enjoy 20% off on your annual subscription. Valid till 16-Oct-25.,Entertainment
Netflix: Your plan renews today. ₹3693 will be charged automatically.,Entertainment
SonyLIV: Watch the new season of Sacred Games now streaming exclusively!,Entertainment
SonyLIV: Recharge now and get 2 months extra at no cost!,Entertainment
Prime Video: Watch the new season of Sacred Games now streaming exclusively!,Entertainment
Hotstar: Enjoy extra month free on your annual subscription. Valid till 13-Oct-25.,Entertainment
Netflix: Your plan renews today. ₹18935 will be charged automatically.,Entertainment
Netflix: Your plan renews today. ₹9750 will be charged automatically.,Entertainment
Hotstar: Watch the new season of Sacred Games now streaming exclusively!,Entertainment
Netflix: Your plan renews today. ₹3809 will be charged automatically.,Entertainment
Hotstar: Enjoy 20% off on your annual subscription. Valid till 24-Oct-25.,Entertainment
Hotstar: Watch the new season of Money Heist now streaming exclusively!,Entertainment
Netflix: Your plan renews today. ₹1566 will be charged automatically.,Entertainment
Hotstar: Enjoy 20% off on your annual subscription. Valid till 12-Oct-25.,Entertainment
Zee5: Watch the new season of Sacred Games now streaming exclusively!,Entertainment
Netflix: Your plan renews today. ₹217 will be charged automatically.,Entertainment
Hotstar: Watch the new season of Sacred Games now streaming exclusively!,Entertainment
Netflix: Your plan renews today. ₹5766 will be charged automatically.,Entertainment
Hotstar: Enjoy 20% off on your annual subscription. Valid till 20-Oct-25.,Entertainment
Dream11: Earn 86 coins by playing Candy Crush today!,Entertainment
Winzo: Earn 85 coins by playing Clash Royale today!,Entertainment
Winzo: Earn 58 coins by playing PUBG Mobile today!,Entertainment
SonyLIV: Recharge now and get 2 months extra at no cost!,Entertainment
SonyLIV: Recharge now and get 2 months extra at no cost!,Entertainment
Hotstar: Watch the new season of Sacred Games now streaming exclusively!,Entertainment
Winzo: Earn 15 coins by playing Ludo King today!,Entertainment
Winzo: Earn 41 coins by playing Candy Crush today!,Entertainment
Hotstar: Watch the new season of Sacred Games now streaming exclusively!,Entertainment
Netflix: Watch the new season of Mirzapur now streaming exclusively!,Entertainment
Prime Video: Watch the new season of Money Heist now streaming exclusively!,Entertainment
Hotstar: Enjoy cashback ₹200 on your annual subscription. Valid till 22-Oct-25.,Entertainment
